ISO-10303-21;
HEADER;
/* Generated by software containing ST-Developer
 * from STEP Tools, Inc. (www.steptools.com) 
 */
/* OPTION: using custom renumber hook */

FILE_DESCRIPTION(
/* description */ ('STEP AP242',
'CAx-IF Rec.Pracs.---Representation and Presentation of Product Manufa
cturing Information (PMI)---4.0---2014-10-13',
'CAx-IF Rec.Pracs.---3D Tessellated Geometry---0.4---2014-09-14','2;1'),

/* implementation_level */ '2;1');

FILE_NAME(
/* name */ 'T1M-02-GF-S-RA-TR',
/* time_stamp */ '2026-01-09T17:53:37+01:00',
/* author */ ('License CC BY-ND 4.0'),
/* organization */ ('CADENAS'),
/* preprocessor_version */ 'ST-DEVELOPER v20',
/* originating_system */ 'PARTsolutions',
/* authorisation */ '  ');

FILE_SCHEMA (('AP242_MANAGED_MODEL_BASED_3D_ENGINEERING_MIM_LF { 1 0 10303 442 1 1 4 }'));
ENDSEC;

DATA;
#10=CONTEXT_DEPENDENT_SHAPE_REPRESENTATION(#20,#9514);
#11=CONTEXT_DEPENDENT_SHAPE_REPRESENTATION(#21,#9516);
#12=CONTEXT_DEPENDENT_SHAPE_REPRESENTATION(#22,#9518);
#13=CONTEXT_DEPENDENT_SHAPE_REPRESENTATION(#23,#9520);
#14=CONTEXT_DEPENDENT_SHAPE_REPRESENTATION(#24,#9521);
#15=NEXT_ASSEMBLY_USAGE_OCCURRENCE('NAUO1','T1T1M-02-T-S-RA-TR',
'T1T1M-02-T-S-RA-TR',#9522,#9523,'');
#16=NEXT_ASSEMBLY_USAGE_OCCURRENCE('NAUO2','P2T1M-02-GF-S-RA-TR',
'P2T1M-02-GF-S-RA-TR',#9522,#9524,'');
#17=NEXT_ASSEMBLY_USAGE_OCCURRENCE('NAUO3','P22T1M-02-GF-S-RA-TR',
'P22T1M-02-GF-S-RA-TR',#9522,#9525,'');
#18=NEXT_ASSEMBLY_USAGE_OCCURRENCE('NAUO4','WT-68-01-X_wt',
'WT-68-01-X_wt',#9522,#9526,'');
#19=NEXT_ASSEMBLY_USAGE_OCCURRENCE('NAUO5','WT-68-01-X_wt',
'WT-68-01-X_wt',#9522,#9526,'');
#20=(
REPRESENTATION_RELATIONSHIP(' ',' ',#5926,#5925)
REPRESENTATION_RELATIONSHIP_WITH_TRANSFORMATION(#25)
SHAPE_REPRESENTATION_RELATIONSHIP()
);
#21=(
REPRESENTATION_RELATIONSHIP(' ',' ',#5927,#5925)
REPRESENTATION_RELATIONSHIP_WITH_TRANSFORMATION(#26)
SHAPE_REPRESENTATION_RELATIONSHIP()
);
#22=(
REPRESENTATION_RELATIONSHIP(' ',' ',#5928,#5925)
REPRESENTATION_RELATIONSHIP_WITH_TRANSFORMATION(#27)
SHAPE_REPRESENTATION_RELATIONSHIP()
);
#23=(
REPRESENTATION_RELATIONSHIP(' ',' ',#5929,#5925)
REPRESENTATION_RELATIONSHIP_WITH_TRANSFORMATION(#28)
SHAPE_REPRESENTATION_RELATIONSHIP()
);
#24=(
REPRESENTATION_RELATIONSHIP(' ',' ',#5929,#5925)
REPRESENTATION_RELATIONSHIP_WITH_TRANSFORMATION(#29)
SHAPE_REPRESENTATION_RELATIONSHIP()
);
#25=ITEM_DEFINED_TRANSFORMATION(' ',' ',#5930,#6086);
#26=ITEM_DEFINED_TRANSFORMATION(' ',' ',#5930,#6151);
#27=ITEM_DEFINED_TRANSFORMATION(' ',' ',#5930,#6248);
#28=ITEM_DEFINED_TRANSFORMATION(' ',' ',#5930,#6299);
#29=ITEM_DEFINED_TRANSFORMATION(' ',' ',#5930,#6300);
#30=SHAPE_REPRESENTATION_RELATIONSHIP('','',#5926,#34);
#31=SHAPE_REPRESENTATION_RELATIONSHIP('','',#5927,#35);
#32=SHAPE_REPRESENTATION_RELATIONSHIP('','',#5928,#36);
#33=SHAPE_REPRESENTATION_RELATIONSHIP('','',#5929,#37);
#34=ADVANCED_BREP_SHAPE_REPRESENTATION('',(#5916),#9500);
#35=ADVANCED_BREP_SHAPE_REPRESENTATION('',(#5917),#9501);
#36=ADVANCED_BREP_SHAPE_REPRESENTATION('',(#5918),#9502);
#37=ADVANCED_BREP_SHAPE_REPRESENTATION('',(#5919),#9503);
#38=CIRCLE('',#5935,0.199999999999995);
#39=CIRCLE('',#5936,0.199999999999995);
#40=CIRCLE('',#6080,0.199999999999995);
#41=CIRCLE('',#6081,0.199999999999995);
#42=CIRCLE('',#6090,0.0500000000000003);
#43=CIRCLE('',#6091,0.0500000000000001);
#44=CIRCLE('',#6092,0.0500000000000003);
#45=CIRCLE('',#6093,0.0500000000000001);
#46=CIRCLE('',#6094,0.15);
#47=CIRCLE('',#6098,0.15);
#48=CIRCLE('',#6099,0.0500000000000001);
#49=CIRCLE('',#6100,0.0500000000000003);
#50=CIRCLE('',#6101,0.0500000000000001);
#51=CIRCLE('',#6102,0.0500000000000003);
#52=CIRCLE('',#6104,0.0500000000000003);
#53=CIRCLE('',#6105,0.0500000000000001);
#54=CIRCLE('',#6106,0.15);
#55=CIRCLE('',#6108,0.15);
#56=CIRCLE('',#6109,0.0500000000000001);
#57=CIRCLE('',#6110,0.0500000000000003);
#58=CIRCLE('',#6113,0.0500000000000001);
#59=CIRCLE('',#6114,0.0500000000000003);
#60=CIRCLE('',#6117,0.0500000000000003);
#61=CIRCLE('',#6118,0.0500000000000001);
#62=CIRCLE('',#6155,0.1);
#63=CIRCLE('',#6156,0.05);
#64=CIRCLE('',#6157,0.0499999999999999);
#65=CIRCLE('',#6158,0.0499999999999999);
#66=CIRCLE('',#6159,0.0499999999999999);
#67=CIRCLE('',#6160,0.0499999999999998);
#68=CIRCLE('',#6161,0.05);
#69=CIRCLE('',#6162,0.112236);
#70=CIRCLE('',#6163,0.112236);
#71=CIRCLE('',#6167,0.112236);
#72=CIRCLE('',#6168,0.112236);
#73=CIRCLE('',#6169,0.05);
#74=CIRCLE('',#6170,0.0499999999999998);
#75=CIRCLE('',#6171,0.0499999999999999);
#76=CIRCLE('',#6172,0.0499999999999999);
#77=CIRCLE('',#6173,0.0499999999999999);
#78=CIRCLE('',#6174,0.05);
#79=CIRCLE('',#6175,0.1);
#80=CIRCLE('',#6177,0.1);
#81=CIRCLE('',#6178,0.05);
#82=CIRCLE('',#6179,0.0499999999999999);
#83=CIRCLE('',#6180,0.0499999999999999);
#84=CIRCLE('',#6182,0.0499999999999999);
#85=CIRCLE('',#6183,0.0499999999999999);
#86=CIRCLE('',#6184,0.05);
#87=CIRCLE('',#6185,0.1);
#88=CIRCLE('',#6188,0.112236);
#89=CIRCLE('',#6189,0.112236);
#90=CIRCLE('',#6190,0.05);
#91=CIRCLE('',#6191,0.0499999999999998);
#92=CIRCLE('',#6192,0.0499999999999999);
#93=CIRCLE('',#6195,0.0499999999999999);
#94=CIRCLE('',#6196,0.0499999999999998);
#95=CIRCLE('',#6197,0.05);
#96=CIRCLE('',#6198,0.112236);
#97=CIRCLE('',#6199,0.112236);
#98=CIRCLE('',#6254,0.0500000000000001);
#99=CIRCLE('',#6255,0.0500000000000001);
#100=CIRCLE('',#6258,0.0499999999999981);
#101=CIRCLE('',#6259,0.0499999999999981);
#102=CIRCLE('',#6262,0.05);
#103=CIRCLE('',#6263,0.05);
#104=CIRCLE('',#6268,0.05);
#105=CIRCLE('',#6269,0.05);
#106=CIRCLE('',#6272,0.0499999999999999);
#107=CIRCLE('',#6273,0.0499999999999999);
#108=CIRCLE('',#6276,0.0499999999999968);
#109=CIRCLE('',#6277,0.0499999999999968);
#110=CIRCLE('',#6280,0.0499999999999999);
#111=CIRCLE('',#6281,0.0499999999999999);
#112=CIRCLE('',#6289,0.05);
#113=CIRCLE('',#6290,0.05);
#114=CIRCLE('',#6293,0.05);
#115=CIRCLE('',#6294,0.05);
#116=CYLINDRICAL_SURFACE('',#5934,0.199999999999995);
#117=CYLINDRICAL_SURFACE('',#6079,0.199999999999995);
#118=CYLINDRICAL_SURFACE('',#6119,0.15);
#119=CYLINDRICAL_SURFACE('',#6123,0.0500000000000003);
#120=CYLINDRICAL_SURFACE('',#6125,0.0500000000000001);
#121=CYLINDRICAL_SURFACE('',#6128,0.0500000000000003);
#122=CYLINDRICAL_SURFACE('',#6130,0.0500000000000001);
#123=CYLINDRICAL_SURFACE('',#6134,0.15);
#124=CYLINDRICAL_SURFACE('',#6138,0.0500000000000003);
#125=CYLINDRICAL_SURFACE('',#6140,0.0500000000000001);
#126=CYLINDRICAL_SURFACE('',#6144,0.0500000000000003);
#127=CYLINDRICAL_SURFACE('',#6146,0.0500000000000001);
#128=CYLINDRICAL_SURFACE('',#6201,0.1);
#129=CYLINDRICAL_SURFACE('',#6206,0.05);
#130=CYLINDRICAL_SURFACE('',#6207,0.0499999999999999);
#131=CYLINDRICAL_SURFACE('',#6209,0.0499999999999999);
#132=CYLINDRICAL_SURFACE('',#6210,0.0499999999999999);
#133=CYLINDRICAL_SURFACE('',#6212,0.0499999999999998);
#134=CYLINDRICAL_SURFACE('',#6213,0.05);
#135=CYLINDRICAL_SURFACE('',#6217,0.112236);
#136=CYLINDRICAL_SURFACE('',#6219,0.112236);
#137=CYLINDRICAL_SURFACE('',#6224,0.1);
#138=CYLINDRICAL_SURFACE('',#6229,0.05);
#139=CYLINDRICAL_SURFACE('',#6230,0.0499999999999999);
#140=CYLINDRICAL_SURFACE('',#6232,0.0499999999999999);
#141=CYLINDRICAL_SURFACE('',#6234,0.0499999999999999);
#142=CYLINDRICAL_SURFACE('',#6236,0.0499999999999998);
#143=CYLINDRICAL_SURFACE('',#6237,0.05);
#144=CYLINDRICAL_SURFACE('',#6241,0.112236);
#145=CYLINDRICAL_SURFACE('',#6243,0.112236);
#146=CYLINDRICAL_SURFACE('',#6253,0.0500000000000001);
#147=CYLINDRICAL_SURFACE('',#6257,0.0499999999999981);
#148=CYLINDRICAL_SURFACE('',#6261,0.05);
#149=CYLINDRICAL_SURFACE('',#6267,0.05);
#150=CYLINDRICAL_SURFACE('',#6271,0.0499999999999999);
#151=CYLINDRICAL_SURFACE('',#6275,0.0499999999999968);
#152=CYLINDRICAL_SURFACE('',#6279,0.0499999999999999);
#153=CYLINDRICAL_SURFACE('',#6288,0.05);
#154=CYLINDRICAL_SURFACE('',#6292,0.05);
#155=ORIENTED_EDGE('',*,*,#1835,.F.);
#156=ORIENTED_EDGE('',*,*,#1836,.T.);
#157=ORIENTED_EDGE('',*,*,#1837,.T.);
#158=ORIENTED_EDGE('',*,*,#1838,.T.);
#159=ORIENTED_EDGE('',*,*,#1839,.F.);
#160=ORIENTED_EDGE('',*,*,#1840,.T.);
#161=ORIENTED_EDGE('',*,*,#1841,.T.);
#162=ORIENTED_EDGE('',*,*,#1842,.T.);
#163=ORIENTED_EDGE('',*,*,#1843,.F.);
#164=ORIENTED_EDGE('',*,*,#1844,.F.);
#165=ORIENTED_EDGE('',*,*,#1839,.T.);
#166=ORIENTED_EDGE('',*,*,#1845,.T.);
#167=ORIENTED_EDGE('',*,*,#1837,.F.);
#168=ORIENTED_EDGE('',*,*,#1846,.T.);
#169=ORIENTED_EDGE('',*,*,#1843,.T.);
#170=ORIENTED_EDGE('',*,*,#1847,.T.);
#171=ORIENTED_EDGE('',*,*,#1848,.T.);
#172=ORIENTED_EDGE('',*,*,#1849,.T.);
#173=ORIENTED_EDGE('',*,*,#1850,.F.);
#174=ORIENTED_EDGE('',*,*,#1851,.T.);
#175=ORIENTED_EDGE('',*,*,#1852,.F.);
#176=ORIENTED_EDGE('',*,*,#1853,.F.);
#177=ORIENTED_EDGE('',*,*,#1854,.F.);
#178=ORIENTED_EDGE('',*,*,#1855,.F.);
#179=ORIENTED_EDGE('',*,*,#1856,.T.);
#180=ORIENTED_EDGE('',*,*,#1857,.T.);
#181=ORIENTED_EDGE('',*,*,#1858,.F.);
#182=ORIENTED_EDGE('',*,*,#1859,.F.);
#183=ORIENTED_EDGE('',*,*,#1860,.F.);
#184=ORIENTED_EDGE('',*,*,#1861,.F.);
#185=ORIENTED_EDGE('',*,*,#1862,.F.);
#186=ORIENTED_EDGE('',*,*,#1863,.T.);
#187=ORIENTED_EDGE('',*,*,#1864,.T.);
#188=ORIENTED_EDGE('',*,*,#1865,.F.);
#189=ORIENTED_EDGE('',*,*,#1866,.F.);
#190=ORIENTED_EDGE('',*,*,#1867,.T.);
#191=ORIENTED_EDGE('',*,*,#1868,.T.);
#192=ORIENTED_EDGE('',*,*,#1869,.F.);
#193=ORIENTED_EDGE('',*,*,#1870,.F.);
#194=ORIENTED_EDGE('',*,*,#1871,.F.);
#195=ORIENTED_EDGE('',*,*,#1872,.F.);
#196=ORIENTED_EDGE('',*,*,#1873,.F.);
#197=ORIENTED_EDGE('',*,*,#1874,.T.);
#198=ORIENTED_EDGE('',*,*,#1875,.T.);
#199=ORIENTED_EDGE('',*,*,#1876,.T.);
#200=ORIENTED_EDGE('',*,*,#1877,.F.);
#201=ORIENTED_EDGE('',*,*,#1878,.F.);
#202=ORIENTED_EDGE('',*,*,#1879,.T.);
#203=ORIENTED_EDGE('',*,*,#1880,.T.);
#204=ORIENTED_EDGE('',*,*,#1881,.F.);
#205=ORIENTED_EDGE('',*,*,#1882,.F.);
#206=ORIENTED_EDGE('',*,*,#1883,.T.);
#207=ORIENTED_EDGE('',*,*,#1884,.F.);
#208=ORIENTED_EDGE('',*,*,#1885,.F.);
#209=ORIENTED_EDGE('',*,*,#1886,.T.);
#210=ORIENTED_EDGE('',*,*,#1887,.T.);
#211=ORIENTED_EDGE('',*,*,#1888,.F.);
#212=ORIENTED_EDGE('',*,*,#1889,.T.);
#213=ORIENTED_EDGE('',*,*,#1890,.T.);
#214=ORIENTED_EDGE('',*,*,#1891,.F.);
#215=ORIENTED_EDGE('',*,*,#1892,.F.);
#216=ORIENTED_EDGE('',*,*,#1893,.T.);
#217=ORIENTED_EDGE('',*,*,#1894,.T.);
#218=ORIENTED_EDGE('',*,*,#1895,.T.);
#219=ORIENTED_EDGE('',*,*,#1896,.F.);
#220=ORIENTED_EDGE('',*,*,#1897,.T.);
#221=ORIENTED_EDGE('',*,*,#1898,.F.);
#222=ORIENTED_EDGE('',*,*,#1899,.F.);
#223=ORIENTED_EDGE('',*,*,#1900,.F.);
#224=ORIENTED_EDGE('',*,*,#1901,.T.);
#225=ORIENTED_EDGE('',*,*,#1902,.T.);
#226=ORIENTED_EDGE('',*,*,#1903,.T.);
#227=ORIENTED_EDGE('',*,*,#1904,.F.);
#228=ORIENTED_EDGE('',*,*,#1905,.F.);
#229=ORIENTED_EDGE('',*,*,#1906,.F.);
#230=ORIENTED_EDGE('',*,*,#1856,.F.);
#231=ORIENTED_EDGE('',*,*,#1907,.T.);
#232=ORIENTED_EDGE('',*,*,#1908,.F.);
#233=ORIENTED_EDGE('',*,*,#1909,.F.);
#234=ORIENTED_EDGE('',*,*,#1853,.T.);
#235=ORIENTED_EDGE('',*,*,#1910,.F.);
#236=ORIENTED_EDGE('',*,*,#1911,.F.);
#237=ORIENTED_EDGE('',*,*,#1912,.T.);
#238=ORIENTED_EDGE('',*,*,#1913,.T.);
#239=ORIENTED_EDGE('',*,*,#1914,.T.);
#240=ORIENTED_EDGE('',*,*,#1915,.T.);
#241=ORIENTED_EDGE('',*,*,#1916,.T.);
#242=ORIENTED_EDGE('',*,*,#1917,.F.);
#243=ORIENTED_EDGE('',*,*,#1918,.T.);
#244=ORIENTED_EDGE('',*,*,#1919,.T.);
#245=ORIENTED_EDGE('',*,*,#1920,.T.);
#246=ORIENTED_EDGE('',*,*,#1921,.T.);
#247=ORIENTED_EDGE('',*,*,#1922,.T.);
#248=ORIENTED_EDGE('',*,*,#1923,.T.);
#249=ORIENTED_EDGE('',*,*,#1924,.F.);
#250=ORIENTED_EDGE('',*,*,#1925,.T.);
#251=ORIENTED_EDGE('',*,*,#1926,.T.);
#252=ORIENTED_EDGE('',*,*,#1927,.T.);
#253=ORIENTED_EDGE('',*,*,#1922,.F.);
#254=ORIENTED_EDGE('',*,*,#1928,.T.);
#255=ORIENTED_EDGE('',*,*,#1929,.T.);
#256=ORIENTED_EDGE('',*,*,#1930,.T.);
#257=ORIENTED_EDGE('',*,*,#1931,.F.);
#258=ORIENTED_EDGE('',*,*,#1932,.F.);
#259=ORIENTED_EDGE('',*,*,#1933,.T.);
#260=ORIENTED_EDGE('',*,*,#1934,.T.);
#261=ORIENTED_EDGE('',*,*,#1935,.F.);
#262=ORIENTED_EDGE('',*,*,#1936,.F.);
#263=ORIENTED_EDGE('',*,*,#1937,.T.);
#264=ORIENTED_EDGE('',*,*,#1938,.T.);
#265=ORIENTED_EDGE('',*,*,#1939,.F.);
#266=ORIENTED_EDGE('',*,*,#1940,.T.);
#267=ORIENTED_EDGE('',*,*,#1941,.T.);
#268=ORIENTED_EDGE('',*,*,#1942,.T.);
#269=ORIENTED_EDGE('',*,*,#1943,.T.);
#270=ORIENTED_EDGE('',*,*,#1944,.T.);
#271=ORIENTED_EDGE('',*,*,#1945,.F.);
#272=ORIENTED_EDGE('',*,*,#1946,.T.);
#273=ORIENTED_EDGE('',*,*,#1947,.T.);
#274=ORIENTED_EDGE('',*,*,#1948,.T.);
#275=ORIENTED_EDGE('',*,*,#1949,.F.);
#276=ORIENTED_EDGE('',*,*,#1950,.F.);
#277=ORIENTED_EDGE('',*,*,#1951,.F.);
#278=ORIENTED_EDGE('',*,*,#1952,.T.);
#279=ORIENTED_EDGE('',*,*,#1953,.T.);
#280=ORIENTED_EDGE('',*,*,#1954,.F.);
#281=ORIENTED_EDGE('',*,*,#1955,.F.);
#282=ORIENTED_EDGE('',*,*,#1956,.T.);
#283=ORIENTED_EDGE('',*,*,#1957,.T.);
#284=ORIENTED_EDGE('',*,*,#1958,.T.);
#285=ORIENTED_EDGE('',*,*,#1959,.F.);
#286=ORIENTED_EDGE('',*,*,#1960,.T.);
#287=ORIENTED_EDGE('',*,*,#1961,.T.);
#288=ORIENTED_EDGE('',*,*,#1962,.T.);
#289=ORIENTED_EDGE('',*,*,#1963,.F.);
#290=ORIENTED_EDGE('',*,*,#1964,.F.);
#291=ORIENTED_EDGE('',*,*,#1965,.T.);
#292=ORIENTED_EDGE('',*,*,#1966,.T.);
#293=ORIENTED_EDGE('',*,*,#1967,.F.);
#294=ORIENTED_EDGE('',*,*,#1968,.F.);
#295=ORIENTED_EDGE('',*,*,#1969,.T.);
#296=ORIENTED_EDGE('',*,*,#1970,.T.);
#297=ORIENTED_EDGE('',*,*,#1971,.F.);
#298=ORIENTED_EDGE('',*,*,#1972,.T.);
#299=ORIENTED_EDGE('',*,*,#1973,.F.);
#300=ORIENTED_EDGE('',*,*,#1974,.F.);
#301=ORIENTED_EDGE('',*,*,#1975,.T.);
#302=ORIENTED_EDGE('',*,*,#1924,.T.);
#303=ORIENTED_EDGE('',*,*,#1976,.F.);
#304=ORIENTED_EDGE('',*,*,#1977,.F.);
#305=ORIENTED_EDGE('',*,*,#1978,.T.);
#306=ORIENTED_EDGE('',*,*,#1979,.T.);
#307=ORIENTED_EDGE('',*,*,#1980,.T.);
#308=ORIENTED_EDGE('',*,*,#1981,.T.);
#309=ORIENTED_EDGE('',*,*,#1982,.T.);
#310=ORIENTED_EDGE('',*,*,#1983,.F.);
#311=ORIENTED_EDGE('',*,*,#1984,.T.);
#312=ORIENTED_EDGE('',*,*,#1985,.T.);
#313=ORIENTED_EDGE('',*,*,#1986,.T.);
#314=ORIENTED_EDGE('',*,*,#1987,.F.);
#315=ORIENTED_EDGE('',*,*,#1959,.T.);
#316=ORIENTED_EDGE('',*,*,#1988,.T.);
#317=ORIENTED_EDGE('',*,*,#1953,.F.);
#318=ORIENTED_EDGE('',*,*,#1989,.T.);
#319=ORIENTED_EDGE('',*,*,#1990,.T.);
#320=ORIENTED_EDGE('',*,*,#1991,.T.);
#321=ORIENTED_EDGE('',*,*,#1911,.T.);
#322=ORIENTED_EDGE('',*,*,#1992,.T.);
#323=ORIENTED_EDGE('',*,*,#1869,.T.);
#324=ORIENTED_EDGE('',*,*,#1993,.T.);
#325=ORIENTED_EDGE('',*,*,#1994,.T.);
#326=ORIENTED_EDGE('',*,*,#1995,.T.);
#327=ORIENTED_EDGE('',*,*,#1996,.T.);
#328=ORIENTED_EDGE('',*,*,#1997,.T.);
#329=ORIENTED_EDGE('',*,*,#1998,.T.);
#330=ORIENTED_EDGE('',*,*,#1999,.F.);
#331=ORIENTED_EDGE('',*,*,#1876,.F.);
#332=ORIENTED_EDGE('',*,*,#2000,.T.);
#333=ORIENTED_EDGE('',*,*,#1905,.T.);
#334=ORIENTED_EDGE('',*,*,#2001,.T.);
#335=ORIENTED_EDGE('',*,*,#2002,.T.);
#336=ORIENTED_EDGE('',*,*,#2003,.T.);
#337=ORIENTED_EDGE('',*,*,#2004,.T.);
#338=ORIENTED_EDGE('',*,*,#2005,.T.);
#339=ORIENTED_EDGE('',*,*,#1885,.T.);
#340=ORIENTED_EDGE('',*,*,#2006,.T.);
#341=ORIENTED_EDGE('',*,*,#2007,.T.);
#342=ORIENTED_EDGE('',*,*,#2008,.T.);
#343=ORIENTED_EDGE('',*,*,#1974,.T.);
#344=ORIENTED_EDGE('',*,*,#2009,.T.);
#345=ORIENTED_EDGE('',*,*,#1929,.F.);
#346=ORIENTED_EDGE('',*,*,#2010,.T.);
#347=ORIENTED_EDGE('',*,*,#1977,.T.);
#348=ORIENTED_EDGE('',*,*,#2011,.T.);
#349=ORIENTED_EDGE('',*,*,#1926,.F.);
#350=ORIENTED_EDGE('',*,*,#2012,.T.);
#351=ORIENTED_EDGE('',*,*,#1951,.T.);
#352=ORIENTED_EDGE('',*,*,#2013,.T.);
#353=ORIENTED_EDGE('',*,*,#1961,.F.);
#354=ORIENTED_EDGE('',*,*,#2014,.T.);
#355=ORIENTED_EDGE('',*,*,#1955,.T.);
#356=ORIENTED_EDGE('',*,*,#2015,.T.);
#357=ORIENTED_EDGE('',*,*,#1957,.F.);
#358=ORIENTED_EDGE('',*,*,#2016,.T.);
#359=ORIENTED_EDGE('',*,*,#1841,.F.);
#360=ORIENTED_EDGE('',*,*,#2017,.T.);
#361=ORIENTED_EDGE('',*,*,#1835,.T.);
#362=ORIENTED_EDGE('',*,*,#2018,.T.);
#363=ORIENTED_EDGE('',*,*,#2019,.T.);
#364=ORIENTED_EDGE('',*,*,#2020,.F.);
#365=ORIENTED_EDGE('',*,*,#2021,.F.);
#366=ORIENTED_EDGE('',*,*,#2022,.T.);
#367=ORIENTED_EDGE('',*,*,#1913,.F.);
#368=ORIENTED_EDGE('',*,*,#2023,.T.);
#369=ORIENTED_EDGE('',*,*,#2024,.T.);
#370=ORIENTED_EDGE('',*,*,#2025,.T.);
#371=ORIENTED_EDGE('',*,*,#2026,.T.);
#372=ORIENTED_EDGE('',*,*,#2027,.T.);
#373=ORIENTED_EDGE('',*,*,#1887,.F.);
#374=ORIENTED_EDGE('',*,*,#2028,.T.);
#375=ORIENTED_EDGE('',*,*,#2029,.T.);
#376=ORIENTED_EDGE('',*,*,#2030,.T.);
#377=ORIENTED_EDGE('',*,*,#2031,.T.);
#378=ORIENTED_EDGE('',*,*,#2032,.T.);
#379=ORIENTED_EDGE('',*,*,#1903,.F.);
#380=ORIENTED_EDGE('',*,*,#2033,.F.);
#381=ORIENTED_EDGE('',*,*,#2034,.F.);
#382=ORIENTED_EDGE('',*,*,#2035,.T.);
#383=ORIENTED_EDGE('',*,*,#2036,.T.);
#384=ORIENTED_EDGE('',*,*,#2037,.F.);
#385=ORIENTED_EDGE('',*,*,#2038,.F.);
#386=ORIENTED_EDGE('',*,*,#2039,.F.);
#387=ORIENTED_EDGE('',*,*,#2040,.F.);
#388=ORIENTED_EDGE('',*,*,#2041,.T.);
#389=ORIENTED_EDGE('',*,*,#2042,.F.);
#390=ORIENTED_EDGE('',*,*,#2043,.F.);
#391=ORIENTED_EDGE('',*,*,#2044,.T.);
#392=ORIENTED_EDGE('',*,*,#1934,.F.);
#393=ORIENTED_EDGE('',*,*,#2045,.F.);
#394=ORIENTED_EDGE('',*,*,#2046,.T.);
#395=ORIENTED_EDGE('',*,*,#1984,.F.);
#396=ORIENTED_EDGE('',*,*,#2047,.T.);
#397=ORIENTED_EDGE('',*,*,#1966,.F.);
#398=ORIENTED_EDGE('',*,*,#2048,.F.);
#399=ORIENTED_EDGE('',*,*,#1946,.F.);
#400=ORIENTED_EDGE('',*,*,#2049,.T.);
#401=ORIENTED_EDGE('',*,*,#2050,.F.);
#402=ORIENTED_EDGE('',*,*,#2051,.F.);
#403=ORIENTED_EDGE('',*,*,#1893,.F.);
#404=ORIENTED_EDGE('',*,*,#2052,.T.);
#405=ORIENTED_EDGE('',*,*,#1985,.F.);
#406=ORIENTED_EDGE('',*,*,#2048,.T.);
#407=ORIENTED_EDGE('',*,*,#1965,.F.);
#408=ORIENTED_EDGE('',*,*,#2053,.T.);
#409=ORIENTED_EDGE('',*,*,#1897,.F.);
#410=ORIENTED_EDGE('',*,*,#2054,.T.);
#411=ORIENTED_EDGE('',*,*,#1947,.F.);
#412=ORIENTED_EDGE('',*,*,#2051,.T.);
#413=ORIENTED_EDGE('',*,*,#2055,.F.);
#414=ORIENTED_EDGE('',*,*,#1933,.F.);
#415=ORIENTED_EDGE('',*,*,#2056,.T.);
#416=ORIENTED_EDGE('',*,*,#1919,.F.);
#417=ORIENTED_EDGE('',*,*,#2057,.T.);
#418=ORIENTED_EDGE('',*,*,#2045,.T.);
#419=ORIENTED_EDGE('',*,*,#1917,.T.);
#420=ORIENTED_EDGE('',*,*,#2058,.T.);
#421=ORIENTED_EDGE('',*,*,#1935,.T.);
#422=ORIENTED_EDGE('',*,*,#2044,.F.);
#423=ORIENTED_EDGE('',*,*,#2059,.T.);
#424=ORIENTED_EDGE('',*,*,#2047,.F.);
#425=ORIENTED_EDGE('',*,*,#1983,.T.);
#426=ORIENTED_EDGE('',*,*,#2060,.T.);
#427=ORIENTED_EDGE('',*,*,#1891,.T.);
#428=ORIENTED_EDGE('',*,*,#2061,.T.);
#429=ORIENTED_EDGE('',*,*,#1967,.T.);
#430=ORIENTED_EDGE('',*,*,#1945,.T.);
#431=ORIENTED_EDGE('',*,*,#2062,.T.);
#432=ORIENTED_EDGE('',*,*,#1899,.T.);
#433=ORIENTED_EDGE('',*,*,#2063,.F.);
#434=ORIENTED_EDGE('',*,*,#2049,.F.);
#435=ORIENTED_EDGE('',*,*,#1889,.F.);
#436=ORIENTED_EDGE('',*,*,#2064,.T.);
#437=ORIENTED_EDGE('',*,*,#1981,.F.);
#438=ORIENTED_EDGE('',*,*,#2065,.T.);
#439=ORIENTED_EDGE('',*,*,#1969,.F.);
#440=ORIENTED_EDGE('',*,*,#2066,.T.);
#441=ORIENTED_EDGE('',*,*,#1901,.F.);
#442=ORIENTED_EDGE('',*,*,#2067,.T.);
#443=ORIENTED_EDGE('',*,*,#1943,.F.);
#444=ORIENTED_EDGE('',*,*,#2068,.T.);
#445=ORIENTED_EDGE('',*,*,#2069,.F.);
#446=ORIENTED_EDGE('',*,*,#1937,.F.);
#447=ORIENTED_EDGE('',*,*,#2070,.T.);
#448=ORIENTED_EDGE('',*,*,#1915,.F.);
#449=ORIENTED_EDGE('',*,*,#2071,.T.);
#450=ORIENTED_EDGE('',*,*,#2072,.T.);
#451=ORIENTED_EDGE('',*,*,#2073,.T.);
#452=ORIENTED_EDGE('',*,*,#2074,.T.);
#453=ORIENTED_EDGE('',*,*,#2075,.F.);
#454=ORIENTED_EDGE('',*,*,#2076,.F.);
#455=ORIENTED_EDGE('',*,*,#2077,.T.);
#456=ORIENTED_EDGE('',*,*,#2078,.T.);
#457=ORIENTED_EDGE('',*,*,#2079,.T.);
#458=ORIENTED_EDGE('',*,*,#2080,.F.);
#459=ORIENTED_EDGE('',*,*,#2081,.F.);
#460=ORIENTED_EDGE('',*,*,#2082,.T.);
#461=ORIENTED_EDGE('',*,*,#2083,.F.);
#462=ORIENTED_EDGE('',*,*,#2084,.F.);
#463=ORIENTED_EDGE('',*,*,#2085,.T.);
#464=ORIENTED_EDGE('',*,*,#1848,.F.);
#465=ORIENTED_EDGE('',*,*,#1909,.T.);
#466=ORIENTED_EDGE('',*,*,#2086,.T.);
#467=ORIENTED_EDGE('',*,*,#2087,.T.);
#468=ORIENTED_EDGE('',*,*,#2084,.T.);
#469=ORIENTED_EDGE('',*,*,#2088,.F.);
#470=ORIENTED_EDGE('',*,*,#2089,.T.);
#471=ORIENTED_EDGE('',*,*,#2090,.T.);
#472=ORIENTED_EDGE('',*,*,#2091,.F.);
#473=ORIENTED_EDGE('',*,*,#2092,.F.);
#474=ORIENTED_EDGE('',*,*,#2093,.T.);
#475=ORIENTED_EDGE('',*,*,#2094,.F.);
#476=ORIENTED_EDGE('',*,*,#2095,.F.);
#477=ORIENTED_EDGE('',*,*,#1907,.F.);
#478=ORIENTED_EDGE('',*,*,#1855,.T.);
#479=ORIENTED_EDGE('',*,*,#2096,.F.);
#480=ORIENTED_EDGE('',*,*,#2097,.F.);
#481=ORIENTED_EDGE('',*,*,#2098,.T.);
#482=ORIENTED_EDGE('',*,*,#1862,.T.);
#483=ORIENTED_EDGE('',*,*,#2099,.F.);
#484=ORIENTED_EDGE('',*,*,#2100,.F.);
#485=ORIENTED_EDGE('',*,*,#2101,.T.);
#486=ORIENTED_EDGE('',*,*,#2078,.F.);
#487=ORIENTED_EDGE('',*,*,#2102,.T.);
#488=ORIENTED_EDGE('',*,*,#2103,.T.);
#489=ORIENTED_EDGE('',*,*,#1979,.F.);
#490=ORIENTED_EDGE('',*,*,#2104,.T.);
#491=ORIENTED_EDGE('',*,*,#1939,.T.);
#492=ORIENTED_EDGE('',*,*,#2105,.T.);
#493=ORIENTED_EDGE('',*,*,#2106,.F.);
#494=ORIENTED_EDGE('',*,*,#2107,.T.);
#495=ORIENTED_EDGE('',*,*,#2108,.T.);
#496=ORIENTED_EDGE('',*,*,#2109,.T.);
#497=ORIENTED_EDGE('',*,*,#1941,.F.);
#498=ORIENTED_EDGE('',*,*,#2110,.T.);
#499=ORIENTED_EDGE('',*,*,#1971,.T.);
#500=ORIENTED_EDGE('',*,*,#2111,.T.);
#501=ORIENTED_EDGE('',*,*,#2112,.F.);
#502=ORIENTED_EDGE('',*,*,#2113,.T.);
#503=ORIENTED_EDGE('',*,*,#2112,.T.);
#504=ORIENTED_EDGE('',*,*,#2114,.T.);
#505=ORIENTED_EDGE('',*,*,#2041,.F.);
#506=ORIENTED_EDGE('',*,*,#2115,.T.);
#507=ORIENTED_EDGE('',*,*,#2043,.T.);
#508=ORIENTED_EDGE('',*,*,#2116,.T.);
#509=ORIENTED_EDGE('',*,*,#2102,.F.);
#510=ORIENTED_EDGE('',*,*,#2117,.T.);
#511=ORIENTED_EDGE('',*,*,#2118,.F.);
#512=ORIENTED_EDGE('',*,*,#2119,.T.);
#513=ORIENTED_EDGE('',*,*,#2120,.F.);
#514=ORIENTED_EDGE('',*,*,#2121,.T.);
#515=ORIENTED_EDGE('',*,*,#2122,.T.);
#516=ORIENTED_EDGE('',*,*,#2123,.T.);
#517=ORIENTED_EDGE('',*,*,#1870,.T.);
#518=ORIENTED_EDGE('',*,*,#1992,.F.);
#519=ORIENTED_EDGE('',*,*,#1910,.T.);
#520=ORIENTED_EDGE('',*,*,#1852,.T.);
#521=ORIENTED_EDGE('',*,*,#2124,.T.);
#522=ORIENTED_EDGE('',*,*,#2125,.T.);
#523=ORIENTED_EDGE('',*,*,#2126,.T.);
#524=ORIENTED_EDGE('',*,*,#2082,.F.);
#525=ORIENTED_EDGE('',*,*,#2127,.F.);
#526=ORIENTED_EDGE('',*,*,#2128,.F.);
#527=ORIENTED_EDGE('',*,*,#2129,.F.);
#528=ORIENTED_EDGE('',*,*,#2130,.F.);
#529=ORIENTED_EDGE('',*,*,#2131,.F.);
#530=ORIENTED_EDGE('',*,*,#2127,.T.);
#531=ORIENTED_EDGE('',*,*,#2081,.T.);
#532=ORIENTED_EDGE('',*,*,#2132,.T.);
#533=ORIENTED_EDGE('',*,*,#2133,.F.);
#534=ORIENTED_EDGE('',*,*,#2134,.F.);
#535=ORIENTED_EDGE('',*,*,#1998,.F.);
#536=ORIENTED_EDGE('',*,*,#2135,.T.);
#537=ORIENTED_EDGE('',*,*,#2136,.T.);
#538=ORIENTED_EDGE('',*,*,#2137,.F.);
#539=ORIENTED_EDGE('',*,*,#1994,.F.);
#540=ORIENTED_EDGE('',*,*,#2138,.T.);
#541=ORIENTED_EDGE('',*,*,#2139,.T.);
#542=ORIENTED_EDGE('',*,*,#2120,.T.);
#543=ORIENTED_EDGE('',*,*,#2140,.F.);
#544=ORIENTED_EDGE('',*,*,#2141,.F.);
#545=ORIENTED_EDGE('',*,*,#2142,.F.);
#546=ORIENTED_EDGE('',*,*,#2143,.F.);
#547=ORIENTED_EDGE('',*,*,#2144,.F.);
#548=ORIENTED_EDGE('',*,*,#2145,.F.);
#549=ORIENTED_EDGE('',*,*,#2146,.F.);
#550=ORIENTED_EDGE('',*,*,#2147,.F.);
#551=ORIENTED_EDGE('',*,*,#2148,.F.);
#552=ORIENTED_EDGE('',*,*,#2149,.F.);
#553=ORIENTED_EDGE('',*,*,#2150,.F.);
#554=ORIENTED_EDGE('',*,*,#2019,.F.);
#555=ORIENTED_EDGE('',*,*,#2000,.F.);
#556=ORIENTED_EDGE('',*,*,#1875,.F.);
#557=ORIENTED_EDGE('',*,*,#2151,.F.);
#558=ORIENTED_EDGE('',*,*,#1880,.F.);
#559=ORIENTED_EDGE('',*,*,#2152,.F.);
#560=ORIENTED_EDGE('',*,*,#2132,.F.);
#561=ORIENTED_EDGE('',*,*,#2080,.T.);
#562=ORIENTED_EDGE('',*,*,#2153,.F.);
#563=ORIENTED_EDGE('',*,*,#1864,.F.);
#564=ORIENTED_EDGE('',*,*,#2154,.F.);
#565=ORIENTED_EDGE('',*,*,#1857,.F.);
#566=ORIENTED_EDGE('',*,*,#1906,.T.);
#567=ORIENTED_EDGE('',*,*,#1914,.F.);
#568=ORIENTED_EDGE('',*,*,#2022,.F.);
#569=ORIENTED_EDGE('',*,*,#2155,.T.);
#570=ORIENTED_EDGE('',*,*,#2106,.T.);
#571=ORIENTED_EDGE('',*,*,#2156,.F.);
#572=ORIENTED_EDGE('',*,*,#2071,.F.);
#573=ORIENTED_EDGE('',*,*,#2157,.T.);
#574=ORIENTED_EDGE('',*,*,#2108,.F.);
#575=ORIENTED_EDGE('',*,*,#2158,.T.);
#576=ORIENTED_EDGE('',*,*,#2033,.T.);
#577=ORIENTED_EDGE('',*,*,#1902,.F.);
#578=ORIENTED_EDGE('',*,*,#2069,.T.);
#579=ORIENTED_EDGE('',*,*,#2159,.F.);
#580=ORIENTED_EDGE('',*,*,#2160,.F.);
#581=ORIENTED_EDGE('',*,*,#2136,.F.);
#582=ORIENTED_EDGE('',*,*,#2161,.F.);
#583=ORIENTED_EDGE('',*,*,#2162,.F.);
#584=ORIENTED_EDGE('',*,*,#2163,.T.);
#585=ORIENTED_EDGE('',*,*,#2140,.T.);
#586=ORIENTED_EDGE('',*,*,#2035,.F.);
#587=ORIENTED_EDGE('',*,*,#2164,.F.);
#588=ORIENTED_EDGE('',*,*,#2165,.T.);
#589=ORIENTED_EDGE('',*,*,#2144,.T.);
#590=ORIENTED_EDGE('',*,*,#2166,.T.);
#591=ORIENTED_EDGE('',*,*,#2150,.T.);
#592=ORIENTED_EDGE('',*,*,#2167,.T.);
#593=ORIENTED_EDGE('',*,*,#2168,.F.);
#594=ORIENTED_EDGE('',*,*,#2169,.T.);
#595=ORIENTED_EDGE('',*,*,#2146,.T.);
#596=ORIENTED_EDGE('',*,*,#2170,.F.);
#597=ORIENTED_EDGE('',*,*,#2171,.F.);
#598=ORIENTED_EDGE('',*,*,#2020,.T.);
#599=ORIENTED_EDGE('',*,*,#2145,.T.);
#600=ORIENTED_EDGE('',*,*,#2165,.F.);
#601=ORIENTED_EDGE('',*,*,#2172,.F.);
#602=ORIENTED_EDGE('',*,*,#2170,.T.);
#603=ORIENTED_EDGE('',*,*,#2113,.F.);
#604=ORIENTED_EDGE('',*,*,#2115,.F.);
#605=ORIENTED_EDGE('',*,*,#2040,.T.);
#606=ORIENTED_EDGE('',*,*,#2117,.F.);
#607=ORIENTED_EDGE('',*,*,#2104,.F.);
#608=ORIENTED_EDGE('',*,*,#1978,.F.);
#609=ORIENTED_EDGE('',*,*,#2012,.F.);
#610=ORIENTED_EDGE('',*,*,#1940,.F.);
#611=ORIENTED_EDGE('',*,*,#2107,.F.);
#612=ORIENTED_EDGE('',*,*,#2155,.F.);
#613=ORIENTED_EDGE('',*,*,#2021,.T.);
#614=ORIENTED_EDGE('',*,*,#2171,.T.);
#615=ORIENTED_EDGE('',*,*,#2172,.T.);
#616=ORIENTED_EDGE('',*,*,#2164,.T.);
#617=ORIENTED_EDGE('',*,*,#2034,.T.);
#618=ORIENTED_EDGE('',*,*,#2158,.F.);
#619=ORIENTED_EDGE('',*,*,#2110,.F.);
#620=ORIENTED_EDGE('',*,*,#1956,.F.);
#621=ORIENTED_EDGE('',*,*,#2016,.F.);
#622=ORIENTED_EDGE('',*,*,#1972,.F.);
#623=ORIENTED_EDGE('',*,*,#1928,.F.);
#624=ORIENTED_EDGE('',*,*,#1925,.F.);
#625=ORIENTED_EDGE('',*,*,#1975,.F.);
#626=ORIENTED_EDGE('',*,*,#2010,.F.);
#627=ORIENTED_EDGE('',*,*,#2014,.F.);
#628=ORIENTED_EDGE('',*,*,#1960,.F.);
#629=ORIENTED_EDGE('',*,*,#1989,.F.);
#630=ORIENTED_EDGE('',*,*,#1952,.F.);
#631=ORIENTED_EDGE('',*,*,#2168,.T.);
#632=ORIENTED_EDGE('',*,*,#2173,.T.);
#633=ORIENTED_EDGE('',*,*,#2174,.T.);
#634=ORIENTED_EDGE('',*,*,#2175,.T.);
#635=ORIENTED_EDGE('',*,*,#2175,.F.);
#636=ORIENTED_EDGE('',*,*,#2176,.T.);
#637=ORIENTED_EDGE('',*,*,#2147,.T.);
#638=ORIENTED_EDGE('',*,*,#2169,.F.);
#639=ORIENTED_EDGE('',*,*,#2149,.T.);
#640=ORIENTED_EDGE('',*,*,#2177,.F.);
#641=ORIENTED_EDGE('',*,*,#2173,.F.);
#642=ORIENTED_EDGE('',*,*,#2167,.F.);
#643=ORIENTED_EDGE('',*,*,#2148,.T.);
#644=ORIENTED_EDGE('',*,*,#2176,.F.);
#645=ORIENTED_EDGE('',*,*,#2174,.F.);
#646=ORIENTED_EDGE('',*,*,#2177,.T.);
#647=ORIENTED_EDGE('',*,*,#2178,.F.);
#648=ORIENTED_EDGE('',*,*,#2179,.T.);
#649=ORIENTED_EDGE('',*,*,#2141,.T.);
#650=ORIENTED_EDGE('',*,*,#2163,.F.);
#651=ORIENTED_EDGE('',*,*,#2143,.T.);
#652=ORIENTED_EDGE('',*,*,#2180,.F.);
#653=ORIENTED_EDGE('',*,*,#2181,.F.);
#654=ORIENTED_EDGE('',*,*,#2166,.F.);
#655=ORIENTED_EDGE('',*,*,#2162,.T.);
#656=ORIENTED_EDGE('',*,*,#2181,.T.);
#657=ORIENTED_EDGE('',*,*,#2182,.T.);
#658=ORIENTED_EDGE('',*,*,#2178,.T.);
#659=ORIENTED_EDGE('',*,*,#2142,.T.);
#660=ORIENTED_EDGE('',*,*,#2179,.F.);
#661=ORIENTED_EDGE('',*,*,#2182,.F.);
#662=ORIENTED_EDGE('',*,*,#2180,.T.);
#663=ORIENTED_EDGE('',*,*,#2160,.T.);
#664=ORIENTED_EDGE('',*,*,#2183,.F.);
#665=ORIENTED_EDGE('',*,*,#1995,.F.);
#666=ORIENTED_EDGE('',*,*,#2137,.T.);
#667=ORIENTED_EDGE('',*,*,#2159,.T.);
#668=ORIENTED_EDGE('',*,*,#2184,.F.);
#669=ORIENTED_EDGE('',*,*,#1996,.F.);
#670=ORIENTED_EDGE('',*,*,#2183,.T.);
#671=ORIENTED_EDGE('',*,*,#2161,.T.);
#672=ORIENTED_EDGE('',*,*,#2135,.F.);
#673=ORIENTED_EDGE('',*,*,#1997,.F.);
#674=ORIENTED_EDGE('',*,*,#2184,.T.);
#675=ORIENTED_EDGE('',*,*,#2185,.F.);
#676=ORIENTED_EDGE('',*,*,#2138,.F.);
#677=ORIENTED_EDGE('',*,*,#1993,.F.);
#678=ORIENTED_EDGE('',*,*,#1868,.F.);
#679=ORIENTED_EDGE('',*,*,#2186,.T.);
#680=ORIENTED_EDGE('',*,*,#2187,.T.);
#681=ORIENTED_EDGE('',*,*,#2188,.F.);
#682=ORIENTED_EDGE('',*,*,#2189,.F.);
#683=ORIENTED_EDGE('',*,*,#2190,.T.);
#684=ORIENTED_EDGE('',*,*,#2191,.T.);
#685=ORIENTED_EDGE('',*,*,#2121,.F.);
#686=ORIENTED_EDGE('',*,*,#2139,.F.);
#687=ORIENTED_EDGE('',*,*,#2185,.T.);
#688=ORIENTED_EDGE('',*,*,#2192,.F.);
#689=ORIENTED_EDGE('',*,*,#2193,.T.);
#690=ORIENTED_EDGE('',*,*,#2194,.T.);
#691=ORIENTED_EDGE('',*,*,#2195,.F.);
#692=ORIENTED_EDGE('',*,*,#2196,.T.);
#693=ORIENTED_EDGE('',*,*,#2189,.T.);
#694=ORIENTED_EDGE('',*,*,#2197,.T.);
#695=ORIENTED_EDGE('',*,*,#2122,.F.);
#696=ORIENTED_EDGE('',*,*,#2194,.F.);
#697=ORIENTED_EDGE('',*,*,#2123,.F.);
#698=ORIENTED_EDGE('',*,*,#2197,.F.);
#699=ORIENTED_EDGE('',*,*,#2188,.T.);
#700=ORIENTED_EDGE('',*,*,#2198,.F.);
#701=ORIENTED_EDGE('',*,*,#2199,.T.);
#702=ORIENTED_EDGE('',*,*,#1871,.T.);
#703=ORIENTED_EDGE('',*,*,#2200,.F.);
#704=ORIENTED_EDGE('',*,*,#2201,.T.);
#705=ORIENTED_EDGE('',*,*,#2202,.T.);
#706=ORIENTED_EDGE('',*,*,#2088,.T.);
#707=ORIENTED_EDGE('',*,*,#2083,.T.);
#708=ORIENTED_EDGE('',*,*,#2126,.F.);
#709=ORIENTED_EDGE('',*,*,#2203,.F.);
#710=ORIENTED_EDGE('',*,*,#2200,.T.);
#711=ORIENTED_EDGE('',*,*,#2125,.F.);
#712=ORIENTED_EDGE('',*,*,#2204,.F.);
#713=ORIENTED_EDGE('',*,*,#2091,.T.);
#714=ORIENTED_EDGE('',*,*,#2205,.F.);
#715=ORIENTED_EDGE('',*,*,#1851,.F.);
#716=ORIENTED_EDGE('',*,*,#2206,.T.);
#717=ORIENTED_EDGE('',*,*,#2207,.T.);
#718=ORIENTED_EDGE('',*,*,#2092,.T.);
#719=ORIENTED_EDGE('',*,*,#2204,.T.);
#720=ORIENTED_EDGE('',*,*,#2124,.F.);
#721=ORIENTED_EDGE('',*,*,#2098,.F.);
#722=ORIENTED_EDGE('',*,*,#2208,.T.);
#723=ORIENTED_EDGE('',*,*,#2209,.F.);
#724=ORIENTED_EDGE('',*,*,#1858,.T.);
#725=ORIENTED_EDGE('',*,*,#2154,.T.);
#726=ORIENTED_EDGE('',*,*,#1863,.F.);
#727=ORIENTED_EDGE('',*,*,#2101,.F.);
#728=ORIENTED_EDGE('',*,*,#2210,.T.);
#729=ORIENTED_EDGE('',*,*,#2211,.F.);
#730=ORIENTED_EDGE('',*,*,#1865,.T.);
#731=ORIENTED_EDGE('',*,*,#2153,.T.);
#732=ORIENTED_EDGE('',*,*,#2079,.F.);
#733=ORIENTED_EDGE('',*,*,#1881,.T.);
#734=ORIENTED_EDGE('',*,*,#2151,.T.);
#735=ORIENTED_EDGE('',*,*,#1874,.F.);
#736=ORIENTED_EDGE('',*,*,#2212,.F.);
#737=ORIENTED_EDGE('',*,*,#2213,.F.);
#738=ORIENTED_EDGE('',*,*,#2214,.F.);
#739=ORIENTED_EDGE('',*,*,#2133,.T.);
#740=ORIENTED_EDGE('',*,*,#2152,.T.);
#741=ORIENTED_EDGE('',*,*,#1879,.F.);
#742=ORIENTED_EDGE('',*,*,#2215,.F.);
#743=ORIENTED_EDGE('',*,*,#2216,.F.);
#744=ORIENTED_EDGE('',*,*,#2217,.F.);
#745=ORIENTED_EDGE('',*,*,#2214,.T.);
#746=ORIENTED_EDGE('',*,*,#2218,.F.);
#747=ORIENTED_EDGE('',*,*,#2219,.F.);
#748=ORIENTED_EDGE('',*,*,#1877,.T.);
#749=ORIENTED_EDGE('',*,*,#1999,.T.);
#750=ORIENTED_EDGE('',*,*,#2134,.T.);
#751=ORIENTED_EDGE('',*,*,#2217,.T.);
#752=ORIENTED_EDGE('',*,*,#2220,.F.);
#753=ORIENTED_EDGE('',*,*,#2221,.F.);
#754=ORIENTED_EDGE('',*,*,#1882,.T.);
#755=ORIENTED_EDGE('',*,*,#1898,.T.);
#756=ORIENTED_EDGE('',*,*,#2055,.T.);
#757=ORIENTED_EDGE('',*,*,#2050,.T.);
#758=ORIENTED_EDGE('',*,*,#2063,.T.);
#759=ORIENTED_EDGE('',*,*,#2059,.F.);
#760=ORIENTED_EDGE('',*,*,#2046,.F.);
#761=ORIENTED_EDGE('',*,*,#2057,.F.);
#762=ORIENTED_EDGE('',*,*,#1918,.F.);
#763=ORIENTED_EDGE('',*,*,#2065,.F.);
#764=ORIENTED_EDGE('',*,*,#1980,.F.);
#765=ORIENTED_EDGE('',*,*,#2103,.F.);
#766=ORIENTED_EDGE('',*,*,#2116,.F.);
#767=ORIENTED_EDGE('',*,*,#2042,.T.);
#768=ORIENTED_EDGE('',*,*,#2114,.F.);
#769=ORIENTED_EDGE('',*,*,#2111,.F.);
#770=ORIENTED_EDGE('',*,*,#1970,.F.);
#771=ORIENTED_EDGE('',*,*,#2157,.F.);
#772=ORIENTED_EDGE('',*,*,#2068,.F.);
#773=ORIENTED_EDGE('',*,*,#1942,.F.);
#774=ORIENTED_EDGE('',*,*,#2109,.F.);
#775=ORIENTED_EDGE('',*,*,#2072,.F.);
#776=ORIENTED_EDGE('',*,*,#2156,.T.);
#777=ORIENTED_EDGE('',*,*,#2105,.F.);
#778=ORIENTED_EDGE('',*,*,#1938,.F.);
#779=ORIENTED_EDGE('',*,*,#2222,.T.);
#780=ORIENTED_EDGE('',*,*,#2094,.T.);
#781=ORIENTED_EDGE('',*,*,#2077,.F.);
#782=ORIENTED_EDGE('',*,*,#2087,.F.);
#783=ORIENTED_EDGE('',*,*,#1908,.T.);
#784=ORIENTED_EDGE('',*,*,#2095,.T.);
#785=ORIENTED_EDGE('',*,*,#2222,.F.);
#786=ORIENTED_EDGE('',*,*,#2086,.F.);
#787=ORIENTED_EDGE('',*,*,#1982,.F.);
#788=ORIENTED_EDGE('',*,*,#2064,.F.);
#789=ORIENTED_EDGE('',*,*,#1888,.T.);
#790=ORIENTED_EDGE('',*,*,#2060,.F.);
#791=ORIENTED_EDGE('',*,*,#1916,.F.);
#792=ORIENTED_EDGE('',*,*,#2070,.F.);
#793=ORIENTED_EDGE('',*,*,#1936,.T.);
#794=ORIENTED_EDGE('',*,*,#2058,.F.);
#795=ORIENTED_EDGE('',*,*,#1927,.F.);
#796=ORIENTED_EDGE('',*,*,#2011,.F.);
#797=ORIENTED_EDGE('',*,*,#1976,.T.);
#798=ORIENTED_EDGE('',*,*,#1923,.F.);
#799=ORIENTED_EDGE('',*,*,#1944,.F.);
#800=ORIENTED_EDGE('',*,*,#2067,.F.);
#801=ORIENTED_EDGE('',*,*,#1900,.T.);
#802=ORIENTED_EDGE('',*,*,#2062,.F.);
#803=ORIENTED_EDGE('',*,*,#1890,.F.);
#804=ORIENTED_EDGE('',*,*,#2066,.F.);
#805=ORIENTED_EDGE('',*,*,#1968,.T.);
#806=ORIENTED_EDGE('',*,*,#2061,.F.);
#807=ORIENTED_EDGE('',*,*,#1958,.F.);
#808=ORIENTED_EDGE('',*,*,#2015,.F.);
#809=ORIENTED_EDGE('',*,*,#1954,.T.);
#810=ORIENTED_EDGE('',*,*,#1988,.F.);
#811=ORIENTED_EDGE('',*,*,#1932,.T.);
#812=ORIENTED_EDGE('',*,*,#2223,.F.);
#813=ORIENTED_EDGE('',*,*,#1920,.F.);
#814=ORIENTED_EDGE('',*,*,#2056,.F.);
#815=ORIENTED_EDGE('',*,*,#1892,.T.);
#816=ORIENTED_EDGE('',*,*,#2224,.F.);
#817=ORIENTED_EDGE('',*,*,#1986,.F.);
#818=ORIENTED_EDGE('',*,*,#2052,.F.);
#819=ORIENTED_EDGE('',*,*,#1973,.T.);
#820=ORIENTED_EDGE('',*,*,#2225,.F.);
#821=ORIENTED_EDGE('',*,*,#1930,.F.);
#822=ORIENTED_EDGE('',*,*,#2009,.F.);
#823=ORIENTED_EDGE('',*,*,#2223,.T.);
#824=ORIENTED_EDGE('',*,*,#1931,.T.);
#825=ORIENTED_EDGE('',*,*,#2225,.T.);
#826=ORIENTED_EDGE('',*,*,#1987,.T.);
#827=ORIENTED_EDGE('',*,*,#2224,.T.);
#828=ORIENTED_EDGE('',*,*,#1921,.F.);
#829=ORIENTED_EDGE('',*,*,#1964,.T.);
#830=ORIENTED_EDGE('',*,*,#2226,.F.);
#831=ORIENTED_EDGE('',*,*,#1894,.F.);
#832=ORIENTED_EDGE('',*,*,#2053,.F.);
#833=ORIENTED_EDGE('',*,*,#1896,.T.);
#834=ORIENTED_EDGE('',*,*,#2227,.F.);
#835=ORIENTED_EDGE('',*,*,#1948,.F.);
#836=ORIENTED_EDGE('',*,*,#2054,.F.);
#837=ORIENTED_EDGE('',*,*,#1950,.T.);
#838=ORIENTED_EDGE('',*,*,#2228,.F.);
#839=ORIENTED_EDGE('',*,*,#1962,.F.);
#840=ORIENTED_EDGE('',*,*,#2013,.F.);
#841=ORIENTED_EDGE('',*,*,#2226,.T.);
#842=ORIENTED_EDGE('',*,*,#1963,.T.);
#843=ORIENTED_EDGE('',*,*,#2228,.T.);
#844=ORIENTED_EDGE('',*,*,#1949,.T.);
#845=ORIENTED_EDGE('',*,*,#2227,.T.);
#846=ORIENTED_EDGE('',*,*,#1895,.F.);
#847=ORIENTED_EDGE('',*,*,#2229,.T.);
#848=ORIENTED_EDGE('',*,*,#2031,.F.);
#849=ORIENTED_EDGE('',*,*,#2230,.F.);
#850=ORIENTED_EDGE('',*,*,#2002,.F.);
#851=ORIENTED_EDGE('',*,*,#2230,.T.);
#852=ORIENTED_EDGE('',*,*,#2030,.F.);
#853=ORIENTED_EDGE('',*,*,#2231,.F.);
#854=ORIENTED_EDGE('',*,*,#2003,.F.);
#855=ORIENTED_EDGE('',*,*,#2231,.T.);
#856=ORIENTED_EDGE('',*,*,#2029,.F.);
#857=ORIENTED_EDGE('',*,*,#2232,.F.);
#858=ORIENTED_EDGE('',*,*,#2004,.F.);
#859=ORIENTED_EDGE('',*,*,#2232,.T.);
#860=ORIENTED_EDGE('',*,*,#2028,.F.);
#861=ORIENTED_EDGE('',*,*,#1886,.F.);
#862=ORIENTED_EDGE('',*,*,#2005,.F.);
#863=ORIENTED_EDGE('',*,*,#1904,.T.);
#864=ORIENTED_EDGE('',*,*,#2032,.F.);
#865=ORIENTED_EDGE('',*,*,#2229,.F.);
#866=ORIENTED_EDGE('',*,*,#2001,.F.);
#867=ORIENTED_EDGE('',*,*,#2233,.T.);
#868=ORIENTED_EDGE('',*,*,#2026,.F.);
#869=ORIENTED_EDGE('',*,*,#2234,.F.);
#870=ORIENTED_EDGE('',*,*,#2007,.F.);
#871=ORIENTED_EDGE('',*,*,#1884,.T.);
#872=ORIENTED_EDGE('',*,*,#2027,.F.);
#873=ORIENTED_EDGE('',*,*,#2233,.F.);
#874=ORIENTED_EDGE('',*,*,#2006,.F.);
#875=ORIENTED_EDGE('',*,*,#2235,.T.);
#876=ORIENTED_EDGE('',*,*,#2023,.F.);
#877=ORIENTED_EDGE('',*,*,#1912,.F.);
#878=ORIENTED_EDGE('',*,*,#1991,.F.);
#879=ORIENTED_EDGE('',*,*,#2236,.T.);
#880=ORIENTED_EDGE('',*,*,#2024,.F.);
#881=ORIENTED_EDGE('',*,*,#2235,.F.);
#882=ORIENTED_EDGE('',*,*,#1990,.F.);
#883=ORIENTED_EDGE('',*,*,#2234,.T.);
#884=ORIENTED_EDGE('',*,*,#2025,.F.);
#885=ORIENTED_EDGE('',*,*,#2236,.F.);
#886=ORIENTED_EDGE('',*,*,#2008,.F.);
#887=ORIENTED_EDGE('',*,*,#2237,.T.);
#888=ORIENTED_EDGE('',*,*,#2073,.F.);
#889=ORIENTED_EDGE('',*,*,#2238,.F.);
#890=ORIENTED_EDGE('',*,*,#2239,.T.);
#891=ORIENTED_EDGE('',*,*,#2240,.T.);
#892=ORIENTED_EDGE('',*,*,#2241,.F.);
#893=ORIENTED_EDGE('',*,*,#2242,.F.);
#894=ORIENTED_EDGE('',*,*,#2075,.T.);
#895=ORIENTED_EDGE('',*,*,#2243,.T.);
#896=ORIENTED_EDGE('',*,*,#2239,.F.);
#897=ORIENTED_EDGE('',*,*,#2244,.F.);
#898=ORIENTED_EDGE('',*,*,#2241,.T.);
#899=ORIENTED_EDGE('',*,*,#2238,.T.);
#900=ORIENTED_EDGE('',*,*,#2076,.T.);
#901=ORIENTED_EDGE('',*,*,#2242,.T.);
#902=ORIENTED_EDGE('',*,*,#2244,.T.);
#903=ORIENTED_EDGE('',*,*,#2237,.F.);
#904=ORIENTED_EDGE('',*,*,#2243,.F.);
#905=ORIENTED_EDGE('',*,*,#2240,.F.);
#906=ORIENTED_EDGE('',*,*,#2074,.F.);
#907=ORIENTED_EDGE('',*,*,#2245,.F.);
#908=ORIENTED_EDGE('',*,*,#2246,.F.);
#909=ORIENTED_EDGE('',*,*,#2220,.T.);
#910=ORIENTED_EDGE('',*,*,#2216,.T.);
#911=ORIENTED_EDGE('',*,*,#1878,.T.);
#912=ORIENTED_EDGE('',*,*,#2247,.T.);
#913=ORIENTED_EDGE('',*,*,#2245,.T.);
#914=ORIENTED_EDGE('',*,*,#2215,.T.);
#915=ORIENTED_EDGE('',*,*,#2247,.F.);
#916=ORIENTED_EDGE('',*,*,#1883,.F.);
#917=ORIENTED_EDGE('',*,*,#2221,.T.);
#918=ORIENTED_EDGE('',*,*,#2246,.T.);
#919=ORIENTED_EDGE('',*,*,#1873,.T.);
#920=ORIENTED_EDGE('',*,*,#2248,.T.);
#921=ORIENTED_EDGE('',*,*,#2249,.T.);
#922=ORIENTED_EDGE('',*,*,#2212,.T.);
#923=ORIENTED_EDGE('',*,*,#1872,.T.);
#924=ORIENTED_EDGE('',*,*,#2219,.T.);
#925=ORIENTED_EDGE('',*,*,#2250,.T.);
#926=ORIENTED_EDGE('',*,*,#2248,.F.);
#927=ORIENTED_EDGE('',*,*,#2249,.F.);
#928=ORIENTED_EDGE('',*,*,#2250,.F.);
#929=ORIENTED_EDGE('',*,*,#2218,.T.);
#930=ORIENTED_EDGE('',*,*,#2213,.T.);
#931=ORIENTED_EDGE('',*,*,#2191,.F.);
#932=ORIENTED_EDGE('',*,*,#2251,.F.);
#933=ORIENTED_EDGE('',*,*,#2252,.T.);
#934=ORIENTED_EDGE('',*,*,#2192,.T.);
#935=ORIENTED_EDGE('',*,*,#2195,.T.);
#936=ORIENTED_EDGE('',*,*,#2193,.F.);
#937=ORIENTED_EDGE('',*,*,#2252,.F.);
#938=ORIENTED_EDGE('',*,*,#2253,.F.);
#939=ORIENTED_EDGE('',*,*,#2190,.F.);
#940=ORIENTED_EDGE('',*,*,#2196,.F.);
#941=ORIENTED_EDGE('',*,*,#2253,.T.);
#942=ORIENTED_EDGE('',*,*,#2251,.T.);
#943=ORIENTED_EDGE('',*,*,#1866,.T.);
#944=ORIENTED_EDGE('',*,*,#2199,.F.);
#945=ORIENTED_EDGE('',*,*,#2254,.F.);
#946=ORIENTED_EDGE('',*,*,#2255,.F.);
#947=ORIENTED_EDGE('',*,*,#2255,.T.);
#948=ORIENTED_EDGE('',*,*,#2256,.T.);
#949=ORIENTED_EDGE('',*,*,#2186,.F.);
#950=ORIENTED_EDGE('',*,*,#1867,.F.);
#951=ORIENTED_EDGE('',*,*,#2187,.F.);
#952=ORIENTED_EDGE('',*,*,#2256,.F.);
#953=ORIENTED_EDGE('',*,*,#2254,.T.);
#954=ORIENTED_EDGE('',*,*,#2198,.T.);
#955=ORIENTED_EDGE('',*,*,#2257,.F.);
#956=ORIENTED_EDGE('',*,*,#2210,.F.);
#957=ORIENTED_EDGE('',*,*,#2100,.T.);
#958=ORIENTED_EDGE('',*,*,#2258,.T.);
#959=ORIENTED_EDGE('',*,*,#1860,.T.);
#960=ORIENTED_EDGE('',*,*,#2211,.T.);
#961=ORIENTED_EDGE('',*,*,#2257,.T.);
#962=ORIENTED_EDGE('',*,*,#2259,.T.);
#963=ORIENTED_EDGE('',*,*,#2259,.F.);
#964=ORIENTED_EDGE('',*,*,#2258,.F.);
#965=ORIENTED_EDGE('',*,*,#2099,.T.);
#966=ORIENTED_EDGE('',*,*,#1861,.T.);
#967=ORIENTED_EDGE('',*,*,#1854,.T.);
#968=ORIENTED_EDGE('',*,*,#2260,.F.);
#969=ORIENTED_EDGE('',*,*,#2261,.F.);
#970=ORIENTED_EDGE('',*,*,#2096,.T.);
#971=ORIENTED_EDGE('',*,*,#1859,.T.);
#972=ORIENTED_EDGE('',*,*,#2209,.T.);
#973=ORIENTED_EDGE('',*,*,#2262,.T.);
#974=ORIENTED_EDGE('',*,*,#2260,.T.);
#975=ORIENTED_EDGE('',*,*,#2262,.F.);
#976=ORIENTED_EDGE('',*,*,#2208,.F.);
#977=ORIENTED_EDGE('',*,*,#2097,.T.);
#978=ORIENTED_EDGE('',*,*,#2261,.T.);
#979=ORIENTED_EDGE('',*,*,#2093,.F.);
#980=ORIENTED_EDGE('',*,*,#2207,.F.);
#981=ORIENTED_EDGE('',*,*,#2263,.T.);
#982=ORIENTED_EDGE('',*,*,#2264,.T.);
#983=ORIENTED_EDGE('',*,*,#1850,.T.);
#984=ORIENTED_EDGE('',*,*,#2265,.F.);
#985=ORIENTED_EDGE('',*,*,#2263,.F.);
#986=ORIENTED_EDGE('',*,*,#2206,.F.);
#987=ORIENTED_EDGE('',*,*,#2085,.F.);
#988=ORIENTED_EDGE('',*,*,#2264,.F.);
#989=ORIENTED_EDGE('',*,*,#2265,.T.);
#990=ORIENTED_EDGE('',*,*,#1849,.F.);
#991=ORIENTED_EDGE('',*,*,#2203,.T.);
#992=ORIENTED_EDGE('',*,*,#2266,.F.);
#993=ORIENTED_EDGE('',*,*,#2267,.F.);
#994=ORIENTED_EDGE('',*,*,#2201,.F.);
#995=ORIENTED_EDGE('',*,*,#2089,.F.);
#996=ORIENTED_EDGE('',*,*,#2202,.F.);
#997=ORIENTED_EDGE('',*,*,#2267,.T.);
#998=ORIENTED_EDGE('',*,*,#2268,.T.);
#999=ORIENTED_EDGE('',*,*,#2090,.F.);
#1000=ORIENTED_EDGE('',*,*,#2268,.F.);
#1001=ORIENTED_EDGE('',*,*,#2266,.T.);
#1002=ORIENTED_EDGE('',*,*,#2205,.T.);
#1003=ORIENTED_EDGE('',*,*,#2130,.T.);
#1004=ORIENTED_EDGE('',*,*,#2269,.F.);
#1005=ORIENTED_EDGE('',*,*,#2270,.F.);
#1006=ORIENTED_EDGE('',*,*,#2271,.T.);
#1007=ORIENTED_EDGE('',*,*,#2129,.T.);
#1008=ORIENTED_EDGE('',*,*,#2119,.F.);
#1009=ORIENTED_EDGE('',*,*,#2272,.F.);
#1010=ORIENTED_EDGE('',*,*,#2269,.T.);
#1011=ORIENTED_EDGE('',*,*,#2131,.T.);
#1012=ORIENTED_EDGE('',*,*,#2271,.F.);
#1013=ORIENTED_EDGE('',*,*,#2273,.F.);
#1014=ORIENTED_EDGE('',*,*,#2128,.T.);
#1015=ORIENTED_EDGE('',*,*,#2270,.T.);
#1016=ORIENTED_EDGE('',*,*,#2272,.T.);
#1017=ORIENTED_EDGE('',*,*,#2118,.T.);
#1018=ORIENTED_EDGE('',*,*,#2273,.T.);
#1019=ORIENTED_EDGE('',*,*,#2274,.T.);
#1020=ORIENTED_EDGE('',*,*,#2275,.T.);
#1021=ORIENTED_EDGE('',*,*,#2036,.F.);
#1022=ORIENTED_EDGE('',*,*,#2276,.F.);
#1023=ORIENTED_EDGE('',*,*,#2038,.T.);
#1024=ORIENTED_EDGE('',*,*,#2277,.T.);
#1025=ORIENTED_EDGE('',*,*,#2278,.F.);
#1026=ORIENTED_EDGE('',*,*,#2279,.F.);
#1027=ORIENTED_EDGE('',*,*,#2278,.T.);
#1028=ORIENTED_EDGE('',*,*,#2280,.T.);
#1029=ORIENTED_EDGE('',*,*,#2281,.F.);
#1030=ORIENTED_EDGE('',*,*,#2282,.F.);
#1031=ORIENTED_EDGE('',*,*,#2281,.T.);
#1032=ORIENTED_EDGE('',*,*,#2283,.T.);
#1033=ORIENTED_EDGE('',*,*,#2274,.F.);
#1034=ORIENTED_EDGE('',*,*,#2284,.F.);
#1035=ORIENTED_EDGE('',*,*,#2276,.T.);
#1036=ORIENTED_EDGE('',*,*,#2039,.T.);
#1037=ORIENTED_EDGE('',*,*,#2279,.T.);
#1038=ORIENTED_EDGE('',*,*,#2282,.T.);
#1039=ORIENTED_EDGE('',*,*,#2284,.T.);
#1040=ORIENTED_EDGE('',*,*,#1838,.F.);
#1041=ORIENTED_EDGE('',*,*,#1847,.F.);
#1042=ORIENTED_EDGE('',*,*,#1845,.F.);
#1043=ORIENTED_EDGE('',*,*,#1842,.F.);
#1044=ORIENTED_EDGE('',*,*,#2018,.F.);
#1045=ORIENTED_EDGE('',*,*,#1844,.T.);
#1046=ORIENTED_EDGE('',*,*,#1846,.F.);
#1047=ORIENTED_EDGE('',*,*,#1836,.F.);
#1048=ORIENTED_EDGE('',*,*,#2017,.F.);
#1049=ORIENTED_EDGE('',*,*,#1840,.F.);
#1050=ORIENTED_EDGE('',*,*,#2037,.T.);
#1051=ORIENTED_EDGE('',*,*,#2275,.F.);
#1052=ORIENTED_EDGE('',*,*,#2283,.F.);
#1053=ORIENTED_EDGE('',*,*,#2280,.F.);
#1054=ORIENTED_EDGE('',*,*,#2277,.F.);
#1055=ORIENTED_EDGE('',*,*,#2285,.F.);
#1056=ORIENTED_EDGE('',*,*,#2286,.T.);
#1057=ORIENTED_EDGE('',*,*,#2287,.F.);
#1058=ORIENTED_EDGE('',*,*,#2288,.F.);
#1059=ORIENTED_EDGE('',*,*,#2289,.F.);
#1060=ORIENTED_EDGE('',*,*,#2290,.T.);
#1061=ORIENTED_EDGE('',*,*,#2291,.T.);
#1062=ORIENTED_EDGE('',*,*,#2292,.T.);
#1063=ORIENTED_EDGE('',*,*,#2293,.F.);
#1064=ORIENTED_EDGE('',*,*,#2292,.F.);
#1065=ORIENTED_EDGE('',*,*,#2294,.F.);
#1066=ORIENTED_EDGE('',*,*,#2295,.F.);
#1067=ORIENTED_EDGE('',*,*,#2296,.T.);
#1068=ORIENTED_EDGE('',*,*,#2297,.F.);
#1069=ORIENTED_EDGE('',*,*,#2298,.T.);
#1070=ORIENTED_EDGE('',*,*,#2299,.F.);
#1071=ORIENTED_EDGE('',*,*,#2300,.F.);
#1072=ORIENTED_EDGE('',*,*,#2301,.F.);
#1073=ORIENTED_EDGE('',*,*,#2302,.T.);
#1074=ORIENTED_EDGE('',*,*,#2303,.F.);
#1075=ORIENTED_EDGE('',*,*,#2304,.T.);
#1076=ORIENTED_EDGE('',*,*,#2305,.F.);
#1077=ORIENTED_EDGE('',*,*,#2306,.F.);
#1078=ORIENTED_EDGE('',*,*,#2307,.F.);
#1079=ORIENTED_EDGE('',*,*,#2308,.T.);
#1080=ORIENTED_EDGE('',*,*,#2309,.F.);
#1081=ORIENTED_EDGE('',*,*,#2310,.F.);
#1082=ORIENTED_EDGE('',*,*,#2311,.F.);
#1083=ORIENTED_EDGE('',*,*,#2310,.T.);
#1084=ORIENTED_EDGE('',*,*,#2312,.F.);
#1085=ORIENTED_EDGE('',*,*,#2313,.T.);
#1086=ORIENTED_EDGE('',*,*,#2314,.F.);
#1087=ORIENTED_EDGE('',*,*,#2315,.F.);
#1088=ORIENTED_EDGE('',*,*,#2316,.T.);
#1089=ORIENTED_EDGE('',*,*,#2317,.T.);
#1090=ORIENTED_EDGE('',*,*,#2315,.T.);
#1091=ORIENTED_EDGE('',*,*,#2318,.T.);
#1092=ORIENTED_EDGE('',*,*,#2288,.T.);
#1093=ORIENTED_EDGE('',*,*,#2319,.T.);
#1094=ORIENTED_EDGE('',*,*,#2320,.T.);
#1095=ORIENTED_EDGE('',*,*,#2321,.T.);
#1096=ORIENTED_EDGE('',*,*,#2322,.T.);
#1097=ORIENTED_EDGE('',*,*,#2323,.T.);
#1098=ORIENTED_EDGE('',*,*,#2324,.F.);
#1099=ORIENTED_EDGE('',*,*,#2325,.T.);
#1100=ORIENTED_EDGE('',*,*,#2326,.F.);
#1101=ORIENTED_EDGE('',*,*,#2327,.T.);
#1102=ORIENTED_EDGE('',*,*,#2328,.T.);
#1103=ORIENTED_EDGE('',*,*,#2329,.T.);
#1104=ORIENTED_EDGE('',*,*,#2330,.F.);
#1105=ORIENTED_EDGE('',*,*,#2331,.T.);
#1106=ORIENTED_EDGE('',*,*,#2332,.F.);
#1107=ORIENTED_EDGE('',*,*,#2333,.T.);
#1108=ORIENTED_EDGE('',*,*,#2334,.T.);
#1109=ORIENTED_EDGE('',*,*,#2335,.F.);
#1110=ORIENTED_EDGE('',*,*,#2336,.T.);
#1111=ORIENTED_EDGE('',*,*,#2337,.F.);
#1112=ORIENTED_EDGE('',*,*,#2338,.F.);
#1113=ORIENTED_EDGE('',*,*,#2339,.T.);
#1114=ORIENTED_EDGE('',*,*,#2340,.F.);
#1115=ORIENTED_EDGE('',*,*,#2341,.T.);
#1116=ORIENTED_EDGE('',*,*,#2342,.F.);
#1117=ORIENTED_EDGE('',*,*,#2343,.F.);
#1118=ORIENTED_EDGE('',*,*,#2344,.F.);
#1119=ORIENTED_EDGE('',*,*,#2345,.F.);
#1120=ORIENTED_EDGE('',*,*,#2346,.F.);
#1121=ORIENTED_EDGE('',*,*,#2286,.F.);
#1122=ORIENTED_EDGE('',*,*,#2347,.F.);
#1123=ORIENTED_EDGE('',*,*,#2313,.F.);
#1124=ORIENTED_EDGE('',*,*,#2348,.F.);
#1125=ORIENTED_EDGE('',*,*,#2349,.F.);
#1126=ORIENTED_EDGE('',*,*,#2350,.F.);
#1127=ORIENTED_EDGE('',*,*,#2351,.F.);
#1128=ORIENTED_EDGE('',*,*,#2352,.F.);
#1129=ORIENTED_EDGE('',*,*,#2353,.T.);
#1130=ORIENTED_EDGE('',*,*,#2354,.F.);
#1131=ORIENTED_EDGE('',*,*,#2355,.T.);
#1132=ORIENTED_EDGE('',*,*,#2356,.F.);
#1133=ORIENTED_EDGE('',*,*,#2357,.F.);
#1134=ORIENTED_EDGE('',*,*,#2358,.F.);
#1135=ORIENTED_EDGE('',*,*,#2359,.F.);
#1136=ORIENTED_EDGE('',*,*,#2358,.T.);
#1137=ORIENTED_EDGE('',*,*,#2360,.F.);
#1138=ORIENTED_EDGE('',*,*,#2336,.F.);
#1139=ORIENTED_EDGE('',*,*,#2361,.F.);
#1140=ORIENTED_EDGE('',*,*,#2362,.T.);
#1141=ORIENTED_EDGE('',*,*,#2363,.F.);
#1142=ORIENTED_EDGE('',*,*,#2364,.F.);
#1143=ORIENTED_EDGE('',*,*,#2365,.T.);
#1144=ORIENTED_EDGE('',*,*,#2366,.F.);
#1145=ORIENTED_EDGE('',*,*,#2367,.T.);
#1146=ORIENTED_EDGE('',*,*,#2368,.F.);
#1147=ORIENTED_EDGE('',*,*,#2369,.F.);
#1148=ORIENTED_EDGE('',*,*,#2290,.F.);
#1149=ORIENTED_EDGE('',*,*,#2370,.F.);
#1150=ORIENTED_EDGE('',*,*,#2371,.T.);
#1151=ORIENTED_EDGE('',*,*,#2372,.F.);
#1152=ORIENTED_EDGE('',*,*,#2362,.F.);
#1153=ORIENTED_EDGE('',*,*,#2373,.F.);
#1154=ORIENTED_EDGE('',*,*,#2317,.F.);
#1155=ORIENTED_EDGE('',*,*,#2374,.F.);
#1156=ORIENTED_EDGE('',*,*,#2375,.F.);
#1157=ORIENTED_EDGE('',*,*,#2376,.T.);
#1158=ORIENTED_EDGE('',*,*,#2377,.F.);
#1159=ORIENTED_EDGE('',*,*,#2378,.T.);
#1160=ORIENTED_EDGE('',*,*,#2379,.F.);
#1161=ORIENTED_EDGE('',*,*,#2380,.F.);
#1162=ORIENTED_EDGE('',*,*,#2371,.F.);
#1163=ORIENTED_EDGE('',*,*,#2381,.T.);
#1164=ORIENTED_EDGE('',*,*,#2345,.T.);
#1165=ORIENTED_EDGE('',*,*,#2382,.F.);
#1166=ORIENTED_EDGE('',*,*,#2320,.F.);
#1167=ORIENTED_EDGE('',*,*,#2287,.T.);
#1168=ORIENTED_EDGE('',*,*,#2346,.T.);
#1169=ORIENTED_EDGE('',*,*,#2381,.F.);
#1170=ORIENTED_EDGE('',*,*,#2319,.F.);
#1171=ORIENTED_EDGE('',*,*,#2291,.F.);
#1172=ORIENTED_EDGE('',*,*,#2369,.T.);
#1173=ORIENTED_EDGE('',*,*,#2383,.T.);
#1174=ORIENTED_EDGE('',*,*,#2294,.T.);
#1175=ORIENTED_EDGE('',*,*,#2383,.F.);
#1176=ORIENTED_EDGE('',*,*,#2368,.T.);
#1177=ORIENTED_EDGE('',*,*,#2384,.T.);
#1178=ORIENTED_EDGE('',*,*,#2295,.T.);
#1179=ORIENTED_EDGE('',*,*,#2367,.F.);
#1180=ORIENTED_EDGE('',*,*,#2385,.T.);
#1181=ORIENTED_EDGE('',*,*,#2296,.F.);
#1182=ORIENTED_EDGE('',*,*,#2384,.F.);
#1183=ORIENTED_EDGE('',*,*,#2385,.F.);
#1184=ORIENTED_EDGE('',*,*,#2366,.T.);
#1185=ORIENTED_EDGE('',*,*,#2386,.T.);
#1186=ORIENTED_EDGE('',*,*,#2297,.T.);
#1187=ORIENTED_EDGE('',*,*,#2365,.F.);
#1188=ORIENTED_EDGE('',*,*,#2387,.T.);
#1189=ORIENTED_EDGE('',*,*,#2298,.F.);
#1190=ORIENTED_EDGE('',*,*,#2386,.F.);
#1191=ORIENTED_EDGE('',*,*,#2387,.F.);
#1192=ORIENTED_EDGE('',*,*,#2364,.T.);
#1193=ORIENTED_EDGE('',*,*,#2388,.T.);
#1194=ORIENTED_EDGE('',*,*,#2299,.T.);
#1195=ORIENTED_EDGE('',*,*,#2389,.T.);
#1196=ORIENTED_EDGE('',*,*,#2338,.T.);
#1197=ORIENTED_EDGE('',*,*,#2390,.F.);
#1198=ORIENTED_EDGE('',*,*,#2327,.F.);
#1199=ORIENTED_EDGE('',*,*,#2339,.F.);
#1200=ORIENTED_EDGE('',*,*,#2389,.F.);
#1201=ORIENTED_EDGE('',*,*,#2326,.T.);
#1202=ORIENTED_EDGE('',*,*,#2391,.T.);
#1203=ORIENTED_EDGE('',*,*,#2392,.T.);
#1204=ORIENTED_EDGE('',*,*,#2340,.T.);
#1205=ORIENTED_EDGE('',*,*,#2391,.F.);
#1206=ORIENTED_EDGE('',*,*,#2325,.F.);
#1207=ORIENTED_EDGE('',*,*,#2341,.F.);
#1208=ORIENTED_EDGE('',*,*,#2392,.F.);
#1209=ORIENTED_EDGE('',*,*,#2324,.T.);
#1210=ORIENTED_EDGE('',*,*,#2393,.T.);
#1211=ORIENTED_EDGE('',*,*,#2394,.T.);
#1212=ORIENTED_EDGE('',*,*,#2342,.T.);
#1213=ORIENTED_EDGE('',*,*,#2393,.F.);
#1214=ORIENTED_EDGE('',*,*,#2323,.F.);
#1215=ORIENTED_EDGE('',*,*,#2395,.T.);
#1216=ORIENTED_EDGE('',*,*,#2343,.T.);
#1217=ORIENTED_EDGE('',*,*,#2394,.F.);
#1218=ORIENTED_EDGE('',*,*,#2322,.F.);
#1219=ORIENTED_EDGE('',*,*,#2382,.T.);
#1220=ORIENTED_EDGE('',*,*,#2344,.T.);
#1221=ORIENTED_EDGE('',*,*,#2395,.F.);
#1222=ORIENTED_EDGE('',*,*,#2321,.F.);
#1223=ORIENTED_EDGE('',*,*,#2396,.F.);
#1224=ORIENTED_EDGE('',*,*,#2349,.T.);
#1225=ORIENTED_EDGE('',*,*,#2397,.T.);
#1226=ORIENTED_EDGE('',*,*,#2308,.F.);
#1227=ORIENTED_EDGE('',*,*,#2397,.F.);
#1228=ORIENTED_EDGE('',*,*,#2348,.T.);
#1229=ORIENTED_EDGE('',*,*,#2312,.T.);
#1230=ORIENTED_EDGE('',*,*,#2309,.T.);
#1231=ORIENTED_EDGE('',*,*,#2398,.T.);
#1232=ORIENTED_EDGE('',*,*,#2374,.T.);
#1233=ORIENTED_EDGE('',*,*,#2316,.F.);
#1234=ORIENTED_EDGE('',*,*,#2334,.F.);
#1235=ORIENTED_EDGE('',*,*,#2399,.T.);
#1236=ORIENTED_EDGE('',*,*,#2375,.T.);
#1237=ORIENTED_EDGE('',*,*,#2398,.F.);
#1238=ORIENTED_EDGE('',*,*,#2333,.F.);
#1239=ORIENTED_EDGE('',*,*,#2376,.F.);
#1240=ORIENTED_EDGE('',*,*,#2399,.F.);
#1241=ORIENTED_EDGE('',*,*,#2332,.T.);
#1242=ORIENTED_EDGE('',*,*,#2400,.T.);
#1243=ORIENTED_EDGE('',*,*,#2401,.T.);
#1244=ORIENTED_EDGE('',*,*,#2377,.T.);
#1245=ORIENTED_EDGE('',*,*,#2400,.F.);
#1246=ORIENTED_EDGE('',*,*,#2331,.F.);
#1247=ORIENTED_EDGE('',*,*,#2378,.F.);
#1248=ORIENTED_EDGE('',*,*,#2401,.F.);
#1249=ORIENTED_EDGE('',*,*,#2330,.T.);
#1250=ORIENTED_EDGE('',*,*,#2402,.T.);
#1251=ORIENTED_EDGE('',*,*,#2403,.T.);
#1252=ORIENTED_EDGE('',*,*,#2379,.T.);
#1253=ORIENTED_EDGE('',*,*,#2402,.F.);
#1254=ORIENTED_EDGE('',*,*,#2329,.F.);
#1255=ORIENTED_EDGE('',*,*,#2388,.F.);
#1256=ORIENTED_EDGE('',*,*,#2363,.T.);
#1257=ORIENTED_EDGE('',*,*,#2372,.T.);
#1258=ORIENTED_EDGE('',*,*,#2380,.T.);
#1259=ORIENTED_EDGE('',*,*,#2403,.F.);
#1260=ORIENTED_EDGE('',*,*,#2328,.F.);
#1261=ORIENTED_EDGE('',*,*,#2390,.T.);
#1262=ORIENTED_EDGE('',*,*,#2337,.T.);
#1263=ORIENTED_EDGE('',*,*,#2360,.T.);
#1264=ORIENTED_EDGE('',*,*,#2357,.T.);
#1265=ORIENTED_EDGE('',*,*,#2404,.T.);
#1266=ORIENTED_EDGE('',*,*,#2300,.T.);
#1267=ORIENTED_EDGE('',*,*,#2404,.F.);
#1268=ORIENTED_EDGE('',*,*,#2356,.T.);
#1269=ORIENTED_EDGE('',*,*,#2405,.T.);
#1270=ORIENTED_EDGE('',*,*,#2301,.T.);
#1271=ORIENTED_EDGE('',*,*,#2355,.F.);
#1272=ORIENTED_EDGE('',*,*,#2406,.T.);
#1273=ORIENTED_EDGE('',*,*,#2302,.F.);
#1274=ORIENTED_EDGE('',*,*,#2405,.F.);
#1275=ORIENTED_EDGE('',*,*,#2406,.F.);
#1276=ORIENTED_EDGE('',*,*,#2354,.T.);
#1277=ORIENTED_EDGE('',*,*,#2407,.T.);
#1278=ORIENTED_EDGE('',*,*,#2303,.T.);
#1279=ORIENTED_EDGE('',*,*,#2353,.F.);
#1280=ORIENTED_EDGE('',*,*,#2408,.T.);
#1281=ORIENTED_EDGE('',*,*,#2304,.F.);
#1282=ORIENTED_EDGE('',*,*,#2407,.F.);
#1283=ORIENTED_EDGE('',*,*,#2408,.F.);
#1284=ORIENTED_EDGE('',*,*,#2352,.T.);
#1285=ORIENTED_EDGE('',*,*,#2409,.T.);
#1286=ORIENTED_EDGE('',*,*,#2305,.T.);
#1287=ORIENTED_EDGE('',*,*,#2409,.F.);
#1288=ORIENTED_EDGE('',*,*,#2351,.T.);
#1289=ORIENTED_EDGE('',*,*,#2410,.T.);
#1290=ORIENTED_EDGE('',*,*,#2306,.T.);
#1291=ORIENTED_EDGE('',*,*,#2410,.F.);
#1292=ORIENTED_EDGE('',*,*,#2350,.T.);
#1293=ORIENTED_EDGE('',*,*,#2396,.T.);
#1294=ORIENTED_EDGE('',*,*,#2307,.T.);
#1295=ORIENTED_EDGE('',*,*,#2347,.T.);
#1296=ORIENTED_EDGE('',*,*,#2359,.T.);
#1297=ORIENTED_EDGE('',*,*,#2335,.T.);
#1298=ORIENTED_EDGE('',*,*,#2285,.T.);
#1299=ORIENTED_EDGE('',*,*,#2318,.F.);
#1300=ORIENTED_EDGE('',*,*,#2314,.T.);
#1301=ORIENTED_EDGE('',*,*,#2373,.T.);
#1302=ORIENTED_EDGE('',*,*,#2370,.T.);
#1303=ORIENTED_EDGE('',*,*,#2361,.T.);
#1304=ORIENTED_EDGE('',*,*,#2289,.T.);
#1305=ORIENTED_EDGE('',*,*,#2293,.T.);
#1306=ORIENTED_EDGE('',*,*,#2311,.T.);
#1307=ORIENTED_EDGE('',*,*,#2411,.F.);
#1308=ORIENTED_EDGE('',*,*,#2412,.F.);
#1309=ORIENTED_EDGE('',*,*,#2413,.T.);
#1310=ORIENTED_EDGE('',*,*,#2414,.T.);
#1311=ORIENTED_EDGE('',*,*,#2415,.F.);
#1312=ORIENTED_EDGE('',*,*,#2416,.T.);
#1313=ORIENTED_EDGE('',*,*,#2417,.F.);
#1314=ORIENTED_EDGE('',*,*,#2418,.T.);
#1315=ORIENTED_EDGE('',*,*,#2419,.F.);
#1316=ORIENTED_EDGE('',*,*,#2420,.F.);
#1317=ORIENTED_EDGE('',*,*,#2421,.F.);
#1318=ORIENTED_EDGE('',*,*,#2422,.T.);
#1319=ORIENTED_EDGE('',*,*,#2423,.F.);
#1320=ORIENTED_EDGE('',*,*,#2424,.F.);
#1321=ORIENTED_EDGE('',*,*,#2425,.F.);
#1322=ORIENTED_EDGE('',*,*,#2426,.F.);
#1323=ORIENTED_EDGE('',*,*,#2427,.F.);
#1324=ORIENTED_EDGE('',*,*,#2428,.T.);
#1325=ORIENTED_EDGE('',*,*,#2429,.F.);
#1326=ORIENTED_EDGE('',*,*,#2430,.T.);
#1327=ORIENTED_EDGE('',*,*,#2431,.F.);
#1328=ORIENTED_EDGE('',*,*,#2432,.T.);
#1329=ORIENTED_EDGE('',*,*,#2433,.F.);
#1330=ORIENTED_EDGE('',*,*,#2434,.T.);
#1331=ORIENTED_EDGE('',*,*,#2435,.F.);
#1332=ORIENTED_EDGE('',*,*,#2436,.F.);
#1333=ORIENTED_EDGE('',*,*,#2437,.F.);
#1334=ORIENTED_EDGE('',*,*,#2438,.F.);
#1335=ORIENTED_EDGE('',*,*,#2439,.F.);
#1336=ORIENTED_EDGE('',*,*,#2440,.F.);
#1337=ORIENTED_EDGE('',*,*,#2441,.F.);
#1338=ORIENTED_EDGE('',*,*,#2442,.F.);
#1339=ORIENTED_EDGE('',*,*,#2443,.F.);
#1340=ORIENTED_EDGE('',*,*,#2444,.F.);
#1341=ORIENTED_EDGE('',*,*,#2416,.F.);
#1342=ORIENTED_EDGE('',*,*,#2445,.F.);
#1343=ORIENTED_EDGE('',*,*,#2446,.T.);
#1344=ORIENTED_EDGE('',*,*,#2447,.T.);
#1345=ORIENTED_EDGE('',*,*,#2420,.T.);
#1346=ORIENTED_EDGE('',*,*,#2448,.F.);
#1347=ORIENTED_EDGE('',*,*,#2449,.T.);
#1348=ORIENTED_EDGE('',*,*,#2450,.F.);
#1349=ORIENTED_EDGE('',*,*,#2451,.F.);
#1350=ORIENTED_EDGE('',*,*,#2412,.T.);
#1351=ORIENTED_EDGE('',*,*,#2452,.T.);
#1352=ORIENTED_EDGE('',*,*,#2451,.T.);
#1353=ORIENTED_EDGE('',*,*,#2453,.T.);
#1354=ORIENTED_EDGE('',*,*,#2454,.T.);
#1355=ORIENTED_EDGE('',*,*,#2455,.T.);
#1356=ORIENTED_EDGE('',*,*,#2456,.T.);
#1357=ORIENTED_EDGE('',*,*,#2457,.T.);
#1358=ORIENTED_EDGE('',*,*,#2458,.T.);
#1359=ORIENTED_EDGE('',*,*,#2459,.T.);
#1360=ORIENTED_EDGE('',*,*,#2460,.T.);
#1361=ORIENTED_EDGE('',*,*,#2461,.T.);
#1362=ORIENTED_EDGE('',*,*,#2462,.T.);
#1363=ORIENTED_EDGE('',*,*,#2463,.F.);
#1364=ORIENTED_EDGE('',*,*,#2464,.T.);
#1365=ORIENTED_EDGE('',*,*,#2465,.F.);
#1366=ORIENTED_EDGE('',*,*,#2466,.T.);
#1367=ORIENTED_EDGE('',*,*,#2467,.F.);
#1368=ORIENTED_EDGE('',*,*,#2468,.T.);
#1369=ORIENTED_EDGE('',*,*,#2469,.F.);
#1370=ORIENTED_EDGE('',*,*,#2470,.T.);
#1371=ORIENTED_EDGE('',*,*,#2471,.T.);
#1372=ORIENTED_EDGE('',*,*,#2472,.T.);
#1373=ORIENTED_EDGE('',*,*,#2473,.T.);
#1374=ORIENTED_EDGE('',*,*,#2474,.T.);
#1375=ORIENTED_EDGE('',*,*,#2475,.F.);
#1376=ORIENTED_EDGE('',*,*,#2476,.T.);
#1377=ORIENTED_EDGE('',*,*,#2477,.F.);
#1378=ORIENTED_EDGE('',*,*,#2414,.F.);
#1379=ORIENTED_EDGE('',*,*,#2478,.F.);
#1380=ORIENTED_EDGE('',*,*,#2479,.T.);
#1381=ORIENTED_EDGE('',*,*,#2480,.F.);
#1382=ORIENTED_EDGE('',*,*,#2481,.F.);
#1383=ORIENTED_EDGE('',*,*,#2482,.F.);
#1384=ORIENTED_EDGE('',*,*,#2483,.F.);
#1385=ORIENTED_EDGE('',*,*,#2484,.F.);
#1386=ORIENTED_EDGE('',*,*,#2485,.T.);
#1387=ORIENTED_EDGE('',*,*,#2486,.F.);
#1388=ORIENTED_EDGE('',*,*,#2487,.T.);
#1389=ORIENTED_EDGE('',*,*,#2488,.F.);
#1390=ORIENTED_EDGE('',*,*,#2489,.T.);
#1391=ORIENTED_EDGE('',*,*,#2490,.F.);
#1392=ORIENTED_EDGE('',*,*,#2491,.F.);
#1393=ORIENTED_EDGE('',*,*,#2492,.F.);
#1394=ORIENTED_EDGE('',*,*,#2493,.T.);
#1395=ORIENTED_EDGE('',*,*,#2494,.F.);
#1396=ORIENTED_EDGE('',*,*,#2495,.T.);
#1397=ORIENTED_EDGE('',*,*,#2496,.F.);
#1398=ORIENTED_EDGE('',*,*,#2497,.F.);
#1399=ORIENTED_EDGE('',*,*,#2498,.F.);
#1400=ORIENTED_EDGE('',*,*,#2499,.F.);
#1401=ORIENTED_EDGE('',*,*,#2500,.F.);
#1402=ORIENTED_EDGE('',*,*,#2501,.T.);
#1403=ORIENTED_EDGE('',*,*,#2502,.F.);
#1404=ORIENTED_EDGE('',*,*,#2446,.F.);
#1405=ORIENTED_EDGE('',*,*,#2503,.F.);
#1406=ORIENTED_EDGE('',*,*,#2489,.F.);
#1407=ORIENTED_EDGE('',*,*,#2504,.F.);
#1408=ORIENTED_EDGE('',*,*,#2491,.T.);
#1409=ORIENTED_EDGE('',*,*,#2505,.F.);
#1410=ORIENTED_EDGE('',*,*,#2418,.F.);
#1411=ORIENTED_EDGE('',*,*,#2506,.F.);
#1412=ORIENTED_EDGE('',*,*,#2507,.F.);
#1413=ORIENTED_EDGE('',*,*,#2508,.F.);
#1414=ORIENTED_EDGE('',*,*,#2509,.F.);
#1415=ORIENTED_EDGE('',*,*,#2510,.F.);
#1416=ORIENTED_EDGE('',*,*,#2511,.F.);
#1417=ORIENTED_EDGE('',*,*,#2512,.F.);
#1418=ORIENTED_EDGE('',*,*,#2513,.F.);
#1419=ORIENTED_EDGE('',*,*,#2514,.F.);
#1420=ORIENTED_EDGE('',*,*,#2515,.F.);
#1421=ORIENTED_EDGE('',*,*,#2516,.T.);
#1422=ORIENTED_EDGE('',*,*,#2517,.F.);
#1423=ORIENTED_EDGE('',*,*,#2518,.T.);
#1424=ORIENTED_EDGE('',*,*,#2519,.F.);
#1425=ORIENTED_EDGE('',*,*,#2520,.T.);
#1426=ORIENTED_EDGE('',*,*,#2521,.F.);
#1427=ORIENTED_EDGE('',*,*,#2520,.F.);
#1428=ORIENTED_EDGE('',*,*,#2522,.F.);
#1429=ORIENTED_EDGE('',*,*,#2523,.T.);
#1430=ORIENTED_EDGE('',*,*,#2524,.F.);
#1431=ORIENTED_EDGE('',*,*,#2523,.F.);
#1432=ORIENTED_EDGE('',*,*,#2525,.F.);
#1433=ORIENTED_EDGE('',*,*,#2526,.T.);
#1434=ORIENTED_EDGE('',*,*,#2527,.F.);
#1435=ORIENTED_EDGE('',*,*,#2528,.T.);
#1436=ORIENTED_EDGE('',*,*,#2529,.F.);
#1437=ORIENTED_EDGE('',*,*,#2530,.F.);
#1438=ORIENTED_EDGE('',*,*,#2531,.F.);
#1439=ORIENTED_EDGE('',*,*,#2532,.F.);
#1440=ORIENTED_EDGE('',*,*,#2533,.F.);
#1441=ORIENTED_EDGE('',*,*,#2534,.F.);
#1442=ORIENTED_EDGE('',*,*,#2535,.F.);
#1443=ORIENTED_EDGE('',*,*,#2536,.F.);
#1444=ORIENTED_EDGE('',*,*,#2537,.F.);
#1445=ORIENTED_EDGE('',*,*,#2538,.F.);
#1446=ORIENTED_EDGE('',*,*,#2449,.F.);
#1447=ORIENTED_EDGE('',*,*,#2539,.T.);
#1448=ORIENTED_EDGE('',*,*,#2478,.T.);
#1449=ORIENTED_EDGE('',*,*,#2413,.F.);
#1450=ORIENTED_EDGE('',*,*,#2476,.F.);
#1451=ORIENTED_EDGE('',*,*,#2479,.F.);
#1452=ORIENTED_EDGE('',*,*,#2539,.F.);
#1453=ORIENTED_EDGE('',*,*,#2475,.T.);
#1454=ORIENTED_EDGE('',*,*,#2540,.T.);
#1455=ORIENTED_EDGE('',*,*,#2541,.T.);
#1456=ORIENTED_EDGE('',*,*,#2480,.T.);
#1457=ORIENTED_EDGE('',*,*,#2540,.F.);
#1458=ORIENTED_EDGE('',*,*,#2474,.F.);
#1459=ORIENTED_EDGE('',*,*,#2542,.T.);
#1460=ORIENTED_EDGE('',*,*,#2481,.T.);
#1461=ORIENTED_EDGE('',*,*,#2541,.F.);
#1462=ORIENTED_EDGE('',*,*,#2473,.F.);
#1463=ORIENTED_EDGE('',*,*,#2543,.T.);
#1464=ORIENTED_EDGE('',*,*,#2482,.T.);
#1465=ORIENTED_EDGE('',*,*,#2542,.F.);
#1466=ORIENTED_EDGE('',*,*,#2472,.F.);
#1467=ORIENTED_EDGE('',*,*,#2544,.T.);
#1468=ORIENTED_EDGE('',*,*,#2483,.T.);
#1469=ORIENTED_EDGE('',*,*,#2543,.F.);
#1470=ORIENTED_EDGE('',*,*,#2471,.F.);
#1471=ORIENTED_EDGE('',*,*,#2545,.T.);
#1472=ORIENTED_EDGE('',*,*,#2484,.T.);
#1473=ORIENTED_EDGE('',*,*,#2544,.F.);
#1474=ORIENTED_EDGE('',*,*,#2470,.F.);
#1475=ORIENTED_EDGE('',*,*,#2485,.F.);
#1476=ORIENTED_EDGE('',*,*,#2545,.F.);
#1477=ORIENTED_EDGE('',*,*,#2469,.T.);
#1478=ORIENTED_EDGE('',*,*,#2546,.T.);
#1479=ORIENTED_EDGE('',*,*,#2547,.T.);
#1480=ORIENTED_EDGE('',*,*,#2486,.T.);
#1481=ORIENTED_EDGE('',*,*,#2546,.F.);
#1482=ORIENTED_EDGE('',*,*,#2468,.F.);
#1483=ORIENTED_EDGE('',*,*,#2487,.F.);
#1484=ORIENTED_EDGE('',*,*,#2547,.F.);
#1485=ORIENTED_EDGE('',*,*,#2467,.T.);
#1486=ORIENTED_EDGE('',*,*,#2548,.T.);
#1487=ORIENTED_EDGE('',*,*,#2518,.F.);
#1488=ORIENTED_EDGE('',*,*,#2549,.T.);
#1489=ORIENTED_EDGE('',*,*,#2432,.F.);
#1490=ORIENTED_EDGE('',*,*,#2550,.F.);
#1491=ORIENTED_EDGE('',*,*,#2549,.F.);
#1492=ORIENTED_EDGE('',*,*,#2517,.T.);
#1493=ORIENTED_EDGE('',*,*,#2551,.T.);
#1494=ORIENTED_EDGE('',*,*,#2433,.T.);
#1495=ORIENTED_EDGE('',*,*,#2516,.F.);
#1496=ORIENTED_EDGE('',*,*,#2552,.T.);
#1497=ORIENTED_EDGE('',*,*,#2434,.F.);
#1498=ORIENTED_EDGE('',*,*,#2551,.F.);
#1499=ORIENTED_EDGE('',*,*,#2552,.F.);
#1500=ORIENTED_EDGE('',*,*,#2515,.T.);
#1501=ORIENTED_EDGE('',*,*,#2553,.T.);
#1502=ORIENTED_EDGE('',*,*,#2435,.T.);
#1503=ORIENTED_EDGE('',*,*,#2553,.F.);
#1504=ORIENTED_EDGE('',*,*,#2514,.T.);
#1505=ORIENTED_EDGE('',*,*,#2554,.T.);
#1506=ORIENTED_EDGE('',*,*,#2436,.T.);
#1507=ORIENTED_EDGE('',*,*,#2554,.F.);
#1508=ORIENTED_EDGE('',*,*,#2513,.T.);
#1509=ORIENTED_EDGE('',*,*,#2555,.T.);
#1510=ORIENTED_EDGE('',*,*,#2437,.T.);
#1511=ORIENTED_EDGE('',*,*,#2555,.F.);
#1512=ORIENTED_EDGE('',*,*,#2512,.T.);
#1513=ORIENTED_EDGE('',*,*,#2556,.T.);
#1514=ORIENTED_EDGE('',*,*,#2438,.T.);
#1515=ORIENTED_EDGE('',*,*,#2556,.F.);
#1516=ORIENTED_EDGE('',*,*,#2511,.T.);
#1517=ORIENTED_EDGE('',*,*,#2557,.T.);
#1518=ORIENTED_EDGE('',*,*,#2439,.T.);
#1519=ORIENTED_EDGE('',*,*,#2557,.F.);
#1520=ORIENTED_EDGE('',*,*,#2510,.T.);
#1521=ORIENTED_EDGE('',*,*,#2558,.T.);
#1522=ORIENTED_EDGE('',*,*,#2440,.T.);
#1523=ORIENTED_EDGE('',*,*,#2558,.F.);
#1524=ORIENTED_EDGE('',*,*,#2509,.T.);
#1525=ORIENTED_EDGE('',*,*,#2559,.T.);
#1526=ORIENTED_EDGE('',*,*,#2441,.T.);
#1527=ORIENTED_EDGE('',*,*,#2559,.F.);
#1528=ORIENTED_EDGE('',*,*,#2508,.T.);
#1529=ORIENTED_EDGE('',*,*,#2560,.T.);
#1530=ORIENTED_EDGE('',*,*,#2442,.T.);
#1531=ORIENTED_EDGE('',*,*,#2560,.F.);
#1532=ORIENTED_EDGE('',*,*,#2507,.T.);
#1533=ORIENTED_EDGE('',*,*,#2561,.T.);
#1534=ORIENTED_EDGE('',*,*,#2443,.T.);
#1535=ORIENTED_EDGE('',*,*,#2561,.F.);
#1536=ORIENTED_EDGE('',*,*,#2506,.T.);
#1537=ORIENTED_EDGE('',*,*,#2417,.T.);
#1538=ORIENTED_EDGE('',*,*,#2444,.T.);
#1539=ORIENTED_EDGE('',*,*,#2447,.F.);
#1540=ORIENTED_EDGE('',*,*,#2502,.T.);
#1541=ORIENTED_EDGE('',*,*,#2562,.T.);
#1542=ORIENTED_EDGE('',*,*,#2421,.T.);
#1543=ORIENTED_EDGE('',*,*,#2501,.F.);
#1544=ORIENTED_EDGE('',*,*,#2563,.T.);
#1545=ORIENTED_EDGE('',*,*,#2422,.F.);
#1546=ORIENTED_EDGE('',*,*,#2562,.F.);
#1547=ORIENTED_EDGE('',*,*,#2563,.F.);
#1548=ORIENTED_EDGE('',*,*,#2500,.T.);
#1549=ORIENTED_EDGE('',*,*,#2564,.T.);
#1550=ORIENTED_EDGE('',*,*,#2423,.T.);
#1551=ORIENTED_EDGE('',*,*,#2564,.F.);
#1552=ORIENTED_EDGE('',*,*,#2499,.T.);
#1553=ORIENTED_EDGE('',*,*,#2565,.T.);
#1554=ORIENTED_EDGE('',*,*,#2424,.T.);
#1555=ORIENTED_EDGE('',*,*,#2565,.F.);
#1556=ORIENTED_EDGE('',*,*,#2498,.T.);
#1557=ORIENTED_EDGE('',*,*,#2566,.T.);
#1558=ORIENTED_EDGE('',*,*,#2425,.T.);
#1559=ORIENTED_EDGE('',*,*,#2566,.F.);
#1560=ORIENTED_EDGE('',*,*,#2497,.T.);
#1561=ORIENTED_EDGE('',*,*,#2567,.T.);
#1562=ORIENTED_EDGE('',*,*,#2426,.T.);
#1563=ORIENTED_EDGE('',*,*,#2567,.F.);
#1564=ORIENTED_EDGE('',*,*,#2496,.T.);
#1565=ORIENTED_EDGE('',*,*,#2568,.T.);
#1566=ORIENTED_EDGE('',*,*,#2427,.T.);
#1567=ORIENTED_EDGE('',*,*,#2495,.F.);
#1568=ORIENTED_EDGE('',*,*,#2569,.T.);
#1569=ORIENTED_EDGE('',*,*,#2428,.F.);
#1570=ORIENTED_EDGE('',*,*,#2568,.F.);
#1571=ORIENTED_EDGE('',*,*,#2569,.F.);
#1572=ORIENTED_EDGE('',*,*,#2494,.T.);
#1573=ORIENTED_EDGE('',*,*,#2570,.T.);
#1574=ORIENTED_EDGE('',*,*,#2429,.T.);
#1575=ORIENTED_EDGE('',*,*,#2493,.F.);
#1576=ORIENTED_EDGE('',*,*,#2571,.T.);
#1577=ORIENTED_EDGE('',*,*,#2430,.F.);
#1578=ORIENTED_EDGE('',*,*,#2570,.F.);
#1579=ORIENTED_EDGE('',*,*,#2522,.T.);
#1580=ORIENTED_EDGE('',*,*,#2519,.T.);
#1581=ORIENTED_EDGE('',*,*,#2550,.T.);
#1582=ORIENTED_EDGE('',*,*,#2431,.T.);
#1583=ORIENTED_EDGE('',*,*,#2571,.F.);
#1584=ORIENTED_EDGE('',*,*,#2492,.T.);
#1585=ORIENTED_EDGE('',*,*,#2504,.T.);
#1586=ORIENTED_EDGE('',*,*,#2488,.T.);
#1587=ORIENTED_EDGE('',*,*,#2548,.F.);
#1588=ORIENTED_EDGE('',*,*,#2466,.F.);
#1589=ORIENTED_EDGE('',*,*,#2572,.T.);
#1590=ORIENTED_EDGE('',*,*,#2525,.T.);
#1591=ORIENTED_EDGE('',*,*,#2526,.F.);
#1592=ORIENTED_EDGE('',*,*,#2572,.F.);
#1593=ORIENTED_EDGE('',*,*,#2465,.T.);
#1594=ORIENTED_EDGE('',*,*,#2573,.T.);
#1595=ORIENTED_EDGE('',*,*,#2574,.T.);
#1596=ORIENTED_EDGE('',*,*,#2527,.T.);
#1597=ORIENTED_EDGE('',*,*,#2573,.F.);
#1598=ORIENTED_EDGE('',*,*,#2464,.F.);
#1599=ORIENTED_EDGE('',*,*,#2528,.F.);
#1600=ORIENTED_EDGE('',*,*,#2574,.F.);
#1601=ORIENTED_EDGE('',*,*,#2463,.T.);
#1602=ORIENTED_EDGE('',*,*,#2575,.T.);
#1603=ORIENTED_EDGE('',*,*,#2576,.T.);
#1604=ORIENTED_EDGE('',*,*,#2529,.T.);
#1605=ORIENTED_EDGE('',*,*,#2575,.F.);
#1606=ORIENTED_EDGE('',*,*,#2462,.F.);
#1607=ORIENTED_EDGE('',*,*,#2577,.T.);
#1608=ORIENTED_EDGE('',*,*,#2530,.T.);
#1609=ORIENTED_EDGE('',*,*,#2576,.F.);
#1610=ORIENTED_EDGE('',*,*,#2461,.F.);
#1611=ORIENTED_EDGE('',*,*,#2578,.T.);
#1612=ORIENTED_EDGE('',*,*,#2531,.T.);
#1613=ORIENTED_EDGE('',*,*,#2577,.F.);
#1614=ORIENTED_EDGE('',*,*,#2460,.F.);
#1615=ORIENTED_EDGE('',*,*,#2579,.T.);
#1616=ORIENTED_EDGE('',*,*,#2532,.T.);
#1617=ORIENTED_EDGE('',*,*,#2578,.F.);
#1618=ORIENTED_EDGE('',*,*,#2459,.F.);
#1619=ORIENTED_EDGE('',*,*,#2580,.T.);
#1620=ORIENTED_EDGE('',*,*,#2533,.T.);
#1621=ORIENTED_EDGE('',*,*,#2579,.F.);
#1622=ORIENTED_EDGE('',*,*,#2458,.F.);
#1623=ORIENTED_EDGE('',*,*,#2581,.T.);
#1624=ORIENTED_EDGE('',*,*,#2534,.T.);
#1625=ORIENTED_EDGE('',*,*,#2580,.F.);
#1626=ORIENTED_EDGE('',*,*,#2457,.F.);
#1627=ORIENTED_EDGE('',*,*,#2582,.T.);
#1628=ORIENTED_EDGE('',*,*,#2535,.T.);
#1629=ORIENTED_EDGE('',*,*,#2581,.F.);
#1630=ORIENTED_EDGE('',*,*,#2456,.F.);
#1631=ORIENTED_EDGE('',*,*,#2583,.T.);
#1632=ORIENTED_EDGE('',*,*,#2536,.T.);
#1633=ORIENTED_EDGE('',*,*,#2582,.F.);
#1634=ORIENTED_EDGE('',*,*,#2455,.F.);
#1635=ORIENTED_EDGE('',*,*,#2584,.T.);
#1636=ORIENTED_EDGE('',*,*,#2537,.T.);
#1637=ORIENTED_EDGE('',*,*,#2583,.F.);
#1638=ORIENTED_EDGE('',*,*,#2454,.F.);
#1639=ORIENTED_EDGE('',*,*,#2450,.T.);
#1640=ORIENTED_EDGE('',*,*,#2538,.T.);
#1641=ORIENTED_EDGE('',*,*,#2584,.F.);
#1642=ORIENTED_EDGE('',*,*,#2453,.F.);
#1643=ORIENTED_EDGE('',*,*,#2490,.T.);
#1644=ORIENTED_EDGE('',*,*,#2445,.T.);
#1645=ORIENTED_EDGE('',*,*,#2419,.T.);
#1646=ORIENTED_EDGE('',*,*,#2415,.T.);
#1647=ORIENTED_EDGE('',*,*,#2505,.T.);
#1648=ORIENTED_EDGE('',*,*,#2521,.T.);
#1649=ORIENTED_EDGE('',*,*,#2524,.T.);
#1650=ORIENTED_EDGE('',*,*,#2448,.T.);
#1651=ORIENTED_EDGE('',*,*,#2452,.F.);
#1652=ORIENTED_EDGE('',*,*,#2411,.T.);
#1653=ORIENTED_EDGE('',*,*,#2477,.T.);
#1654=ORIENTED_EDGE('',*,*,#2503,.T.);
#1655=ORIENTED_EDGE('',*,*,#2585,.T.);
#1656=ORIENTED_EDGE('',*,*,#2586,.F.);
#1657=ORIENTED_EDGE('',*,*,#2587,.F.);
#1658=ORIENTED_EDGE('',*,*,#2588,.T.);
#1659=ORIENTED_EDGE('',*,*,#2589,.T.);
#1660=ORIENTED_EDGE('',*,*,#2590,.F.);
#1661=ORIENTED_EDGE('',*,*,#2591,.F.);
#1662=ORIENTED_EDGE('',*,*,#2586,.T.);
#1663=ORIENTED_EDGE('',*,*,#2592,.T.);
#1664=ORIENTED_EDGE('',*,*,#2593,.F.);
#1665=ORIENTED_EDGE('',*,*,#2594,.F.);
#1666=ORIENTED_EDGE('',*,*,#2590,.T.);
#1667=ORIENTED_EDGE('',*,*,#2595,.T.);
#1668=ORIENTED_EDGE('',*,*,#2596,.F.);
#1669=ORIENTED_EDGE('',*,*,#2597,.F.);
#1670=ORIENTED_EDGE('',*,*,#2593,.T.);
#1671=ORIENTED_EDGE('',*,*,#2598,.F.);
#1672=ORIENTED_EDGE('',*,*,#2599,.F.);
#1673=ORIENTED_EDGE('',*,*,#2600,.T.);
#1674=ORIENTED_EDGE('',*,*,#2596,.T.);
#1675=ORIENTED_EDGE('',*,*,#2601,.T.);
#1676=ORIENTED_EDGE('',*,*,#2602,.F.);
#1677=ORIENTED_EDGE('',*,*,#2603,.F.);
#1678=ORIENTED_EDGE('',*,*,#2599,.T.);
#1679=ORIENTED_EDGE('',*,*,#2604,.F.);
#1680=ORIENTED_EDGE('',*,*,#2605,.F.);
#1681=ORIENTED_EDGE('',*,*,#2606,.T.);
#1682=ORIENTED_EDGE('',*,*,#2602,.T.);
#1683=ORIENTED_EDGE('',*,*,#2607,.T.);
#1684=ORIENTED_EDGE('',*,*,#2608,.F.);
#1685=ORIENTED_EDGE('',*,*,#2609,.F.);
#1686=ORIENTED_EDGE('',*,*,#2605,.T.);
#1687=ORIENTED_EDGE('',*,*,#2610,.T.);
#1688=ORIENTED_EDGE('',*,*,#2611,.F.);
#1689=ORIENTED_EDGE('',*,*,#2612,.F.);
#1690=ORIENTED_EDGE('',*,*,#2608,.T.);
#1691=ORIENTED_EDGE('',*,*,#2613,.T.);
#1692=ORIENTED_EDGE('',*,*,#2614,.F.);
#1693=ORIENTED_EDGE('',*,*,#2615,.F.);
#1694=ORIENTED_EDGE('',*,*,#2611,.T.);
#1695=ORIENTED_EDGE('',*,*,#2616,.T.);
#1696=ORIENTED_EDGE('',*,*,#2617,.F.);
#1697=ORIENTED_EDGE('',*,*,#2618,.F.);
#1698=ORIENTED_EDGE('',*,*,#2614,.T.);
#1699=ORIENTED_EDGE('',*,*,#2619,.T.);
#1700=ORIENTED_EDGE('',*,*,#2620,.F.);
#1701=ORIENTED_EDGE('',*,*,#2621,.F.);
#1702=ORIENTED_EDGE('',*,*,#2617,.T.);
#1703=ORIENTED_EDGE('',*,*,#2622,.F.);
#1704=ORIENTED_EDGE('',*,*,#2623,.F.);
#1705=ORIENTED_EDGE('',*,*,#2624,.T.);
#1706=ORIENTED_EDGE('',*,*,#2620,.T.);
#1707=ORIENTED_EDGE('',*,*,#2625,.T.);
#1708=ORIENTED_EDGE('',*,*,#2626,.F.);
#1709=ORIENTED_EDGE('',*,*,#2627,.F.);
#1710=ORIENTED_EDGE('',*,*,#2623,.T.);
#1711=ORIENTED_EDGE('',*,*,#2628,.F.);
#1712=ORIENTED_EDGE('',*,*,#2629,.F.);
#1713=ORIENTED_EDGE('',*,*,#2630,.T.);
#1714=ORIENTED_EDGE('',*,*,#2626,.T.);
#1715=ORIENTED_EDGE('',*,*,#2631,.T.);
#1716=ORIENTED_EDGE('',*,*,#2632,.F.);
#1717=ORIENTED_EDGE('',*,*,#2633,.F.);
#1718=ORIENTED_EDGE('',*,*,#2629,.T.);
#1719=ORIENTED_EDGE('',*,*,#2634,.F.);
#1720=ORIENTED_EDGE('',*,*,#2635,.F.);
#1721=ORIENTED_EDGE('',*,*,#2636,.T.);
#1722=ORIENTED_EDGE('',*,*,#2632,.T.);
#1723=ORIENTED_EDGE('',*,*,#2637,.T.);
#1724=ORIENTED_EDGE('',*,*,#2638,.F.);
#1725=ORIENTED_EDGE('',*,*,#2639,.F.);
#1726=ORIENTED_EDGE('',*,*,#2635,.T.);
#1727=ORIENTED_EDGE('',*,*,#2640,.T.);
#1728=ORIENTED_EDGE('',*,*,#2641,.F.);
#1729=ORIENTED_EDGE('',*,*,#2642,.F.);
#1730=ORIENTED_EDGE('',*,*,#2638,.T.);
#1731=ORIENTED_EDGE('',*,*,#2643,.T.);
#1732=ORIENTED_EDGE('',*,*,#2644,.F.);
#1733=ORIENTED_EDGE('',*,*,#2645,.F.);
#1734=ORIENTED_EDGE('',*,*,#2641,.T.);
#1735=ORIENTED_EDGE('',*,*,#2646,.T.);
#1736=ORIENTED_EDGE('',*,*,#2647,.F.);
#1737=ORIENTED_EDGE('',*,*,#2648,.F.);
#1738=ORIENTED_EDGE('',*,*,#2644,.T.);
#1739=ORIENTED_EDGE('',*,*,#2649,.T.);
#1740=ORIENTED_EDGE('',*,*,#2650,.F.);
#1741=ORIENTED_EDGE('',*,*,#2651,.F.);
#1742=ORIENTED_EDGE('',*,*,#2647,.T.);
#1743=ORIENTED_EDGE('',*,*,#2652,.T.);
#1744=ORIENTED_EDGE('',*,*,#2653,.F.);
#1745=ORIENTED_EDGE('',*,*,#2654,.F.);
#1746=ORIENTED_EDGE('',*,*,#2650,.T.);
#1747=ORIENTED_EDGE('',*,*,#2655,.T.);
#1748=ORIENTED_EDGE('',*,*,#2656,.F.);
#1749=ORIENTED_EDGE('',*,*,#2657,.F.);
#1750=ORIENTED_EDGE('',*,*,#2653,.T.);
#1751=ORIENTED_EDGE('',*,*,#2658,.T.);
#1752=ORIENTED_EDGE('',*,*,#2659,.F.);
#1753=ORIENTED_EDGE('',*,*,#2660,.F.);
#1754=ORIENTED_EDGE('',*,*,#2656,.T.);
#1755=ORIENTED_EDGE('',*,*,#2661,.F.);
#1756=ORIENTED_EDGE('',*,*,#2662,.F.);
#1757=ORIENTED_EDGE('',*,*,#2663,.T.);
#1758=ORIENTED_EDGE('',*,*,#2659,.T.);
#1759=ORIENTED_EDGE('',*,*,#2664,.T.);
#1760=ORIENTED_EDGE('',*,*,#2665,.F.);
#1761=ORIENTED_EDGE('',*,*,#2666,.F.);
#1762=ORIENTED_EDGE('',*,*,#2662,.T.);
#1763=ORIENTED_EDGE('',*,*,#2667,.F.);
#1764=ORIENTED_EDGE('',*,*,#2668,.F.);
#1765=ORIENTED_EDGE('',*,*,#2669,.T.);
#1766=ORIENTED_EDGE('',*,*,#2665,.T.);
#1767=ORIENTED_EDGE('',*,*,#2670,.T.);
#1768=ORIENTED_EDGE('',*,*,#2671,.F.);
#1769=ORIENTED_EDGE('',*,*,#2672,.F.);
#1770=ORIENTED_EDGE('',*,*,#2668,.T.);
#1771=ORIENTED_EDGE('',*,*,#2673,.T.);
#1772=ORIENTED_EDGE('',*,*,#2588,.F.);
#1773=ORIENTED_EDGE('',*,*,#2674,.F.);
#1774=ORIENTED_EDGE('',*,*,#2671,.T.);
#1775=ORIENTED_EDGE('',*,*,#2587,.T.);
#1776=ORIENTED_EDGE('',*,*,#2591,.T.);
#1777=ORIENTED_EDGE('',*,*,#2594,.T.);
#1778=ORIENTED_EDGE('',*,*,#2597,.T.);
#1779=ORIENTED_EDGE('',*,*,#2600,.F.);
#1780=ORIENTED_EDGE('',*,*,#2603,.T.);
#1781=ORIENTED_EDGE('',*,*,#2606,.F.);
#1782=ORIENTED_EDGE('',*,*,#2609,.T.);
#1783=ORIENTED_EDGE('',*,*,#2612,.T.);
#1784=ORIENTED_EDGE('',*,*,#2615,.T.);
#1785=ORIENTED_EDGE('',*,*,#2618,.T.);
#1786=ORIENTED_EDGE('',*,*,#2621,.T.);
#1787=ORIENTED_EDGE('',*,*,#2624,.F.);
#1788=ORIENTED_EDGE('',*,*,#2627,.T.);
#1789=ORIENTED_EDGE('',*,*,#2630,.F.);
#1790=ORIENTED_EDGE('',*,*,#2633,.T.);
#1791=ORIENTED_EDGE('',*,*,#2636,.F.);
#1792=ORIENTED_EDGE('',*,*,#2639,.T.);
#1793=ORIENTED_EDGE('',*,*,#2642,.T.);
#1794=ORIENTED_EDGE('',*,*,#2645,.T.);
#1795=ORIENTED_EDGE('',*,*,#2648,.T.);
#1796=ORIENTED_EDGE('',*,*,#2651,.T.);
#1797=ORIENTED_EDGE('',*,*,#2654,.T.);
#1798=ORIENTED_EDGE('',*,*,#2657,.T.);
#1799=ORIENTED_EDGE('',*,*,#2660,.T.);
#1800=ORIENTED_EDGE('',*,*,#2663,.F.);
#1801=ORIENTED_EDGE('',*,*,#2666,.T.);
#1802=ORIENTED_EDGE('',*,*,#2669,.F.);
#1803=ORIENTED_EDGE('',*,*,#2672,.T.);
#1804=ORIENTED_EDGE('',*,*,#2674,.T.);
#1805=ORIENTED_EDGE('',*,*,#2585,.F.);
#1806=ORIENTED_EDGE('',*,*,#2673,.F.);
#1807=ORIENTED_EDGE('',*,*,#2670,.F.);
#1808=ORIENTED_EDGE('',*,*,#2667,.T.);
#1809=ORIENTED_EDGE('',*,*,#2664,.F.);
#1810=ORIENTED_EDGE('',*,*,#2661,.T.);
#1811=ORIENTED_EDGE('',*,*,#2658,.F.);
#1812=ORIENTED_EDGE('',*,*,#2655,.F.);
#1813=ORIENTED_EDGE('',*,*,#2652,.F.);
#1814=ORIENTED_EDGE('',*,*,#2649,.F.);
#1815=ORIENTED_EDGE('',*,*,#2646,.F.);
#1816=ORIENTED_EDGE('',*,*,#2643,.F.);
#1817=ORIENTED_EDGE('',*,*,#2640,.F.);
#1818=ORIENTED_EDGE('',*,*,#2637,.F.);
#1819=ORIENTED_EDGE('',*,*,#2634,.T.);
#1820=ORIENTED_EDGE('',*,*,#2631,.F.);
#1821=ORIENTED_EDGE('',*,*,#2628,.T.);
#1822=ORIENTED_EDGE('',*,*,#2625,.F.);
#1823=ORIENTED_EDGE('',*,*,#2622,.T.);
#1824=ORIENTED_EDGE('',*,*,#2619,.F.);
#1825=ORIENTED_EDGE('',*,*,#2616,.F.);
#1826=ORIENTED_EDGE('',*,*,#2613,.F.);
#1827=ORIENTED_EDGE('',*,*,#2610,.F.);
#1828=ORIENTED_EDGE('',*,*,#2607,.F.);
#1829=ORIENTED_EDGE('',*,*,#2604,.T.);
#1830=ORIENTED_EDGE('',*,*,#2601,.F.);
#1831=ORIENTED_EDGE('',*,*,#2598,.T.);
#1832=ORIENTED_EDGE('',*,*,#2595,.F.);
#1833=ORIENTED_EDGE('',*,*,#2592,.F.);
#1834=ORIENTED_EDGE('',*,*,#2589,.F.);
#1835=EDGE_CURVE('',#2675,#2676,#3235,.T.);
#1836=EDGE_CURVE('',#2675,#2677,#3236,.T.);
#1837=EDGE_CURVE('',#2677,#2678,#3237,.T.);
#1838=EDGE_CURVE('',#2678,#2676,#3238,.T.);
#1839=EDGE_CURVE('',#2679,#2680,#3239,.T.);
#1840=EDGE_CURVE('',#2679,#2681,#3240,.T.);
#1841=EDGE_CURVE('',#2681,#2682,#3241,.T.);
#1842=EDGE_CURVE('',#2682,#2680,#3242,.T.);
#1843=EDGE_CURVE('',#2683,#2684,#3243,.T.);
#1844=EDGE_CURVE('',#2679,#2683,#3244,.T.);
#1845=EDGE_CURVE('',#2680,#2684,#3245,.T.);
#1846=EDGE_CURVE('',#2677,#2683,#38,.T.);
#1847=EDGE_CURVE('',#2684,#2678,#39,.T.);
#1848=EDGE_CURVE('',#2685,#2686,#3246,.T.);
#1849=EDGE_CURVE('',#2686,#2687,#3247,.T.);
#1850=EDGE_CURVE('',#2688,#2687,#3248,.T.);
#1851=EDGE_CURVE('',#2688,#2689,#3249,.T.);
#1852=EDGE_CURVE('',#2690,#2689,#3250,.T.);
#1853=EDGE_CURVE('',#2685,#2690,#3251,.T.);
#1854=EDGE_CURVE('',#2691,#2692,#3252,.T.);
#1855=EDGE_CURVE('',#2693,#2691,#3253,.T.);
#1856=EDGE_CURVE('',#2693,#2694,#3254,.T.);
#1857=EDGE_CURVE('',#2694,#2695,#3255,.T.);
#1858=EDGE_CURVE('',#2696,#2695,#3256,.T.);
#1859=EDGE_CURVE('',#2692,#2696,#3257,.T.);
#1860=EDGE_CURVE('',#2697,#2698,#3258,.T.);
#1861=EDGE_CURVE('',#2699,#2697,#3259,.T.);
#1862=EDGE_CURVE('',#2700,#2699,#3260,.T.);
#1863=EDGE_CURVE('',#2700,#2701,#3261,.T.);
#1864=EDGE_CURVE('',#2701,#2702,#3262,.T.);
#1865=EDGE_CURVE('',#2698,#2702,#3263,.T.);
#1866=EDGE_CURVE('',#2703,#2704,#3264,.T.);
#1867=EDGE_CURVE('',#2703,#2705,#3265,.T.);
#1868=EDGE_CURVE('',#2705,#2706,#3266,.T.);
#1869=EDGE_CURVE('',#2707,#2706,#3267,.T.);
#1870=EDGE_CURVE('',#2708,#2707,#3268,.T.);
#1871=EDGE_CURVE('',#2704,#2708,#3269,.T.);
#1872=EDGE_CURVE('',#2709,#2710,#3270,.T.);
#1873=EDGE_CURVE('',#2711,#2709,#3271,.T.);
#1874=EDGE_CURVE('',#2711,#2712,#3272,.T.);
#1875=EDGE_CURVE('',#2712,#2713,#3273,.T.);
#1876=EDGE_CURVE('',#2713,#2714,#3274,.T.);
#1877=EDGE_CURVE('',#2710,#2714,#3275,.T.);
#1878=EDGE_CURVE('',#2715,#2716,#3276,.T.);
#1879=EDGE_CURVE('',#2715,#2717,#3277,.T.);
#1880=EDGE_CURVE('',#2717,#2718,#3278,.T.);
#1881=EDGE_CURVE('',#2719,#2718,#3279,.T.);
#1882=EDGE_CURVE('',#2720,#2719,#3280,.T.);
#1883=EDGE_CURVE('',#2720,#2716,#3281,.T.);
#1884=EDGE_CURVE('',#2721,#2722,#3282,.T.);
#1885=EDGE_CURVE('',#2723,#2721,#3283,.T.);
#1886=EDGE_CURVE('',#2723,#2724,#3284,.T.);
#1887=EDGE_CURVE('',#2724,#2722,#3285,.T.);
#1888=EDGE_CURVE('',#2725,#2726,#3286,.T.);
#1889=EDGE_CURVE('',#2725,#2727,#3287,.T.);
#1890=EDGE_CURVE('',#2727,#2728,#3288,.T.);
#1891=EDGE_CURVE('',#2726,#2728,#3289,.T.);
#1892=EDGE_CURVE('',#2729,#2730,#3290,.T.);
#1893=EDGE_CURVE('',#2729,#2731,#3291,.T.);
#1894=EDGE_CURVE('',#2731,#2732,#3292,.T.);
#1895=EDGE_CURVE('',#2732,#2733,#3293,.T.);
#1896=EDGE_CURVE('',#2734,#2733,#3294,.T.);
#1897=EDGE_CURVE('',#2734,#2735,#3295,.T.);
#1898=EDGE_CURVE('',#2736,#2735,#3296,.T.);
#1899=EDGE_CURVE('',#2737,#2736,#3297,.T.);
#1900=EDGE_CURVE('',#2738,#2737,#3298,.T.);
#1901=EDGE_CURVE('',#2738,#2739,#3299,.T.);
#1902=EDGE_CURVE('',#2739,#2740,#3300,.T.);
#1903=EDGE_CURVE('',#2740,#2741,#3301,.T.);
#1904=EDGE_CURVE('',#2742,#2741,#3302,.T.);
#1905=EDGE_CURVE('',#2743,#2742,#3303,.T.);
#1906=EDGE_CURVE('',#2694,#2743,#3304,.T.);
#1907=EDGE_CURVE('',#2693,#2744,#3305,.T.);
#1908=EDGE_CURVE('',#2745,#2744,#3306,.T.);
#1909=EDGE_CURVE('',#2685,#2745,#3307,.T.);
#1910=EDGE_CURVE('',#2746,#2690,#3308,.T.);
#1911=EDGE_CURVE('',#2747,#2746,#3309,.T.);
#1912=EDGE_CURVE('',#2747,#2748,#3310,.T.);
#1913=EDGE_CURVE('',#2748,#2749,#3311,.T.);
#1914=EDGE_CURVE('',#2749,#2750,#3312,.T.);
#1915=EDGE_CURVE('',#2750,#2751,#3313,.T.);
#1916=EDGE_CURVE('',#2751,#2752,#3314,.T.);
#1917=EDGE_CURVE('',#2753,#2752,#3315,.T.);
#1918=EDGE_CURVE('',#2753,#2754,#3316,.T.);
#1919=EDGE_CURVE('',#2754,#2755,#3317,.T.);
#1920=EDGE_CURVE('',#2755,#2756,#3318,.T.);
#1921=EDGE_CURVE('',#2756,#2730,#3319,.T.);
#1922=EDGE_CURVE('',#2757,#2758,#3320,.T.);
#1923=EDGE_CURVE('',#2758,#2759,#3321,.T.);
#1924=EDGE_CURVE('',#2760,#2759,#3322,.T.);
#1925=EDGE_CURVE('',#2760,#2757,#3323,.T.);
#1926=EDGE_CURVE('',#2761,#2762,#3324,.T.);
#1927=EDGE_CURVE('',#2762,#2758,#3325,.T.);
#1928=EDGE_CURVE('',#2757,#2763,#3326,.T.);
#1929=EDGE_CURVE('',#2763,#2764,#3327,.T.);
#1930=EDGE_CURVE('',#2764,#2765,#3328,.T.);
#1931=EDGE_CURVE('',#2766,#2765,#3329,.T.);
#1932=EDGE_CURVE('',#2767,#2766,#3330,.T.);
#1933=EDGE_CURVE('',#2767,#2768,#3331,.T.);
#1934=EDGE_CURVE('',#2768,#2769,#3332,.T.);
#1935=EDGE_CURVE('',#2770,#2769,#3333,.T.);
#1936=EDGE_CURVE('',#2771,#2770,#3334,.T.);
#1937=EDGE_CURVE('',#2771,#2772,#3335,.T.);
#1938=EDGE_CURVE('',#2772,#2773,#3336,.T.);
#1939=EDGE_CURVE('',#2774,#2773,#3337,.T.);
#1940=EDGE_CURVE('',#2774,#2761,#3338,.T.);
#1941=EDGE_CURVE('',#2775,#2776,#3339,.T.);
#1942=EDGE_CURVE('',#2776,#2777,#3340,.T.);
#1943=EDGE_CURVE('',#2777,#2778,#3341,.T.);
#1944=EDGE_CURVE('',#2778,#2779,#3342,.T.);
#1945=EDGE_CURVE('',#2780,#2779,#3343,.T.);
#1946=EDGE_CURVE('',#2780,#2781,#3344,.T.);
#1947=EDGE_CURVE('',#2781,#2782,#3345,.T.);
#1948=EDGE_CURVE('',#2782,#2783,#3346,.T.);
#1949=EDGE_CURVE('',#2784,#2783,#3347,.T.);
#1950=EDGE_CURVE('',#2785,#2784,#3348,.T.);
#1951=EDGE_CURVE('',#2786,#2785,#3349,.T.);
#1952=EDGE_CURVE('',#2786,#2787,#3350,.T.);
#1953=EDGE_CURVE('',#2787,#2788,#3351,.T.);
#1954=EDGE_CURVE('',#2789,#2788,#3352,.T.);
#1955=EDGE_CURVE('',#2790,#2789,#3353,.T.);
#1956=EDGE_CURVE('',#2790,#2775,#3354,.T.);
#1957=EDGE_CURVE('',#2791,#2792,#3355,.T.);
#1958=EDGE_CURVE('',#2792,#2793,#3356,.T.);
#1959=EDGE_CURVE('',#2794,#2793,#3357,.T.);
#1960=EDGE_CURVE('',#2794,#2795,#3358,.T.);
#1961=EDGE_CURVE('',#2795,#2796,#3359,.T.);
#1962=EDGE_CURVE('',#2796,#2797,#3360,.T.);
#1963=EDGE_CURVE('',#2798,#2797,#3361,.T.);
#1964=EDGE_CURVE('',#2799,#2798,#3362,.T.);
#1965=EDGE_CURVE('',#2799,#2800,#3363,.T.);
#1966=EDGE_CURVE('',#2800,#2801,#3364,.T.);
#1967=EDGE_CURVE('',#2802,#2801,#3365,.T.);
#1968=EDGE_CURVE('',#2803,#2802,#3366,.T.);
#1969=EDGE_CURVE('',#2803,#2804,#3367,.T.);
#1970=EDGE_CURVE('',#2804,#2805,#3368,.T.);
#1971=EDGE_CURVE('',#2806,#2805,#3369,.T.);
#1972=EDGE_CURVE('',#2806,#2791,#3370,.T.);
#1973=EDGE_CURVE('',#2807,#2808,#3371,.T.);
#1974=EDGE_CURVE('',#2809,#2807,#3372,.T.);
#1975=EDGE_CURVE('',#2809,#2760,#3373,.T.);
#1976=EDGE_CURVE('',#2810,#2759,#3374,.T.);
#1977=EDGE_CURVE('',#2811,#2810,#3375,.T.);
#1978=EDGE_CURVE('',#2811,#2812,#3376,.T.);
#1979=EDGE_CURVE('',#2812,#2813,#3377,.T.);
#1980=EDGE_CURVE('',#2813,#2814,#3378,.T.);
#1981=EDGE_CURVE('',#2814,#2815,#3379,.T.);
#1982=EDGE_CURVE('',#2815,#2816,#3380,.T.);
#1983=EDGE_CURVE('',#2817,#2816,#3381,.T.);
#1984=EDGE_CURVE('',#2817,#2818,#3382,.T.);
#1985=EDGE_CURVE('',#2818,#2819,#3383,.T.);
#1986=EDGE_CURVE('',#2819,#2820,#3384,.T.);
#1987=EDGE_CURVE('',#2808,#2820,#3385,.T.);
#1988=EDGE_CURVE('',#2793,#2788,#3386,.T.);
#1989=EDGE_CURVE('',#2787,#2794,#3387,.T.);
#1990=EDGE_CURVE('',#2821,#2822,#3388,.T.);
#1991=EDGE_CURVE('',#2822,#2747,#3389,.T.);
#1992=EDGE_CURVE('',#2746,#2707,#3390,.T.);
#1993=EDGE_CURVE('',#2706,#2823,#3391,.T.);
#1994=EDGE_CURVE('',#2823,#2824,#3392,.T.);
#1995=EDGE_CURVE('',#2824,#2825,#3393,.T.);
#1996=EDGE_CURVE('',#2825,#2826,#3394,.T.);
#1997=EDGE_CURVE('',#2826,#2827,#3395,.T.);
#1998=EDGE_CURVE('',#2827,#2828,#3396,.T.);
#1999=EDGE_CURVE('',#2714,#2828,#3397,.T.);
#2000=EDGE_CURVE('',#2713,#2743,#3398,.T.);
#2001=EDGE_CURVE('',#2742,#2829,#3399,.T.);
#2002=EDGE_CURVE('',#2829,#2830,#3400,.T.);
#2003=EDGE_CURVE('',#2830,#2831,#3401,.T.);
#2004=EDGE_CURVE('',#2831,#2832,#3402,.T.);
#2005=EDGE_CURVE('',#2832,#2723,#3403,.T.);
#2006=EDGE_CURVE('',#2721,#2833,#3404,.T.);
#2007=EDGE_CURVE('',#2833,#2834,#3405,.T.);
#2008=EDGE_CURVE('',#2834,#2821,#3406,.T.);
#2009=EDGE_CURVE('',#2807,#2764,#3407,.T.);
#2010=EDGE_CURVE('',#2763,#2809,#3408,.T.);
#2011=EDGE_CURVE('',#2810,#2762,#3409,.T.);
#2012=EDGE_CURVE('',#2761,#2811,#3410,.T.);
#2013=EDGE_CURVE('',#2785,#2796,#3411,.T.);
#2014=EDGE_CURVE('',#2795,#2786,#3412,.T.);
#2015=EDGE_CURVE('',#2789,#2792,#3413,.T.);
#2016=EDGE_CURVE('',#2791,#2790,#3414,.T.);
#2017=EDGE_CURVE('',#2681,#2675,#3415,.T.);
#2018=EDGE_CURVE('',#2676,#2682,#3416,.T.);
#2019=EDGE_CURVE('',#2835,#2836,#3417,.T.);
#2020=EDGE_CURVE('',#2837,#2836,#3418,.T.);
#2021=EDGE_CURVE('',#2838,#2837,#3419,.T.);
#2022=EDGE_CURVE('',#2838,#2749,#3420,.T.);
#2023=EDGE_CURVE('',#2748,#2839,#3421,.T.);
#2024=EDGE_CURVE('',#2839,#2840,#3422,.T.);
#2025=EDGE_CURVE('',#2840,#2841,#3423,.T.);
#2026=EDGE_CURVE('',#2841,#2842,#3424,.T.);
#2027=EDGE_CURVE('',#2842,#2722,#3425,.T.);
#2028=EDGE_CURVE('',#2724,#2843,#3426,.T.);
#2029=EDGE_CURVE('',#2843,#2844,#3427,.T.);
#2030=EDGE_CURVE('',#2844,#2845,#3428,.T.);
#2031=EDGE_CURVE('',#2845,#2846,#3429,.T.);
#2032=EDGE_CURVE('',#2846,#2741,#3430,.T.);
#2033=EDGE_CURVE('',#2847,#2740,#3431,.T.);
#2034=EDGE_CURVE('',#2848,#2847,#3432,.T.);
#2035=EDGE_CURVE('',#2848,#2835,#3433,.T.);
#2036=EDGE_CURVE('',#2849,#2850,#3434,.T.);
#2037=EDGE_CURVE('',#2851,#2850,#3435,.T.);
#2038=EDGE_CURVE('',#2852,#2851,#3436,.T.);
#2039=EDGE_CURVE('',#2849,#2852,#3437,.T.);
#2040=EDGE_CURVE('',#2853,#2854,#3438,.T.);
#2041=EDGE_CURVE('',#2853,#2855,#3439,.T.);
#2042=EDGE_CURVE('',#2856,#2855,#3440,.T.);
#2043=EDGE_CURVE('',#2854,#2856,#3441,.T.);
#2044=EDGE_CURVE('',#2857,#2769,#3442,.T.);
#2045=EDGE_CURVE('',#2858,#2768,#3443,.T.);
#2046=EDGE_CURVE('',#2858,#2857,#3444,.T.);
#2047=EDGE_CURVE('',#2817,#2801,#3445,.T.);
#2048=EDGE_CURVE('',#2818,#2800,#3446,.T.);
#2049=EDGE_CURVE('',#2780,#2859,#3447,.T.);
#2050=EDGE_CURVE('',#2860,#2859,#3448,.T.);
#2051=EDGE_CURVE('',#2781,#2860,#3449,.T.);
#2052=EDGE_CURVE('',#2729,#2819,#3450,.T.);
#2053=EDGE_CURVE('',#2799,#2731,#3451,.T.);
#2054=EDGE_CURVE('',#2734,#2782,#3452,.T.);
#2055=EDGE_CURVE('',#2735,#2860,#3453,.T.);
#2056=EDGE_CURVE('',#2767,#2755,#3454,.T.);
#2057=EDGE_CURVE('',#2754,#2858,#3455,.T.);
#2058=EDGE_CURVE('',#2752,#2770,#3456,.T.);
#2059=EDGE_CURVE('',#2857,#2753,#3457,.T.);
#2060=EDGE_CURVE('',#2816,#2726,#3458,.T.);
#2061=EDGE_CURVE('',#2728,#2802,#3459,.T.);
#2062=EDGE_CURVE('',#2779,#2737,#3460,.T.);
#2063=EDGE_CURVE('',#2859,#2736,#3461,.T.);
#2064=EDGE_CURVE('',#2725,#2815,#3462,.T.);
#2065=EDGE_CURVE('',#2814,#2804,#3463,.T.);
#2066=EDGE_CURVE('',#2803,#2727,#3464,.T.);
#2067=EDGE_CURVE('',#2738,#2778,#3465,.T.);
#2068=EDGE_CURVE('',#2777,#2861,#3466,.T.);
#2069=EDGE_CURVE('',#2739,#2861,#3467,.T.);
#2070=EDGE_CURVE('',#2771,#2751,#3468,.T.);
#2071=EDGE_CURVE('',#2750,#2862,#3469,.T.);
#2072=EDGE_CURVE('',#2862,#2772,#3470,.T.);
#2073=EDGE_CURVE('',#2863,#2864,#3471,.T.);
#2074=EDGE_CURVE('',#2864,#2865,#3472,.T.);
#2075=EDGE_CURVE('',#2866,#2865,#3473,.T.);
#2076=EDGE_CURVE('',#2863,#2866,#3474,.T.);
#2077=EDGE_CURVE('',#2867,#2868,#3475,.T.);
#2078=EDGE_CURVE('',#2868,#2869,#3476,.T.);
#2079=EDGE_CURVE('',#2869,#2870,#3477,.T.);
#2080=EDGE_CURVE('',#2871,#2870,#3478,.T.);
#2081=EDGE_CURVE('',#2872,#2871,#3479,.T.);
#2082=EDGE_CURVE('',#2872,#2873,#3480,.T.);
#2083=EDGE_CURVE('',#2874,#2873,#3481,.T.);
#2084=EDGE_CURVE('',#2867,#2874,#3482,.T.);
#2085=EDGE_CURVE('',#2875,#2686,#3483,.T.);
#2086=EDGE_CURVE('',#2745,#2876,#3484,.T.);
#2087=EDGE_CURVE('',#2876,#2867,#3485,.T.);
#2088=EDGE_CURVE('',#2877,#2874,#3486,.T.);
#2089=EDGE_CURVE('',#2877,#2878,#3487,.T.);
#2090=EDGE_CURVE('',#2878,#2879,#3488,.T.);
#2091=EDGE_CURVE('',#2880,#2879,#3489,.T.);
#2092=EDGE_CURVE('',#2881,#2880,#3490,.T.);
#2093=EDGE_CURVE('',#2881,#2875,#3491,.T.);
#2094=EDGE_CURVE('',#2882,#2868,#3492,.T.);
#2095=EDGE_CURVE('',#2744,#2882,#3493,.T.);
#2096=EDGE_CURVE('',#2883,#2691,#3494,.T.);
#2097=EDGE_CURVE('',#2884,#2883,#3495,.T.);
#2098=EDGE_CURVE('',#2884,#2700,#3496,.T.);
#2099=EDGE_CURVE('',#2885,#2699,#3497,.T.);
#2100=EDGE_CURVE('',#2886,#2885,#3498,.T.);
#2101=EDGE_CURVE('',#2886,#2869,#3499,.T.);
#2102=EDGE_CURVE('',#2887,#2888,#3500,.T.);
#2103=EDGE_CURVE('',#2888,#2813,#3501,.T.);
#2104=EDGE_CURVE('',#2812,#2887,#3502,.T.);
#2105=EDGE_CURVE('',#2773,#2889,#3503,.T.);
#2106=EDGE_CURVE('',#2890,#2889,#3504,.T.);
#2107=EDGE_CURVE('',#2890,#2774,#3505,.T.);
#2108=EDGE_CURVE('',#2891,#2892,#3506,.T.);
#2109=EDGE_CURVE('',#2892,#2776,#3507,.T.);
#2110=EDGE_CURVE('',#2775,#2891,#3508,.T.);
#2111=EDGE_CURVE('',#2805,#2893,#3509,.T.);
#2112=EDGE_CURVE('',#2894,#2893,#3510,.T.);
#2113=EDGE_CURVE('',#2894,#2806,#3511,.T.);
#2114=EDGE_CURVE('',#2893,#2855,#3512,.T.);
#2115=EDGE_CURVE('',#2853,#2894,#3513,.T.);
#2116=EDGE_CURVE('',#2856,#2888,#3514,.T.);
#2117=EDGE_CURVE('',#2887,#2854,#3515,.T.);
#2118=EDGE_CURVE('',#2895,#2896,#3516,.T.);
#2119=EDGE_CURVE('',#2895,#2897,#3517,.T.);
#2120=EDGE_CURVE('',#2898,#2897,#3518,.T.);
#2121=EDGE_CURVE('',#2898,#2899,#3519,.T.);
#2122=EDGE_CURVE('',#2899,#2900,#3520,.T.);
#2123=EDGE_CURVE('',#2900,#2708,#3521,.T.);
#2124=EDGE_CURVE('',#2689,#2901,#3522,.T.);
#2125=EDGE_CURVE('',#2901,#2902,#3523,.T.);
#2126=EDGE_CURVE('',#2902,#2873,#3524,.T.);
#2127=EDGE_CURVE('',#2903,#2872,#3525,.T.);
#2128=EDGE_CURVE('',#2896,#2903,#3526,.T.);
#2129=EDGE_CURVE('',#2904,#2897,#3527,.T.);
#2130=EDGE_CURVE('',#2905,#2904,#3528,.T.);
#2131=EDGE_CURVE('',#2903,#2905,#3529,.T.);
#2132=EDGE_CURVE('',#2871,#2906,#3530,.T.);
#2133=EDGE_CURVE('',#2907,#2906,#3531,.T.);
#2134=EDGE_CURVE('',#2828,#2907,#3532,.T.);
#2135=EDGE_CURVE('',#2827,#2908,#3533,.T.);
#2136=EDGE_CURVE('',#2908,#2909,#3534,.T.);
#2137=EDGE_CURVE('',#2824,#2909,#3535,.T.);
#2138=EDGE_CURVE('',#2823,#2910,#3536,.T.);
#2139=EDGE_CURVE('',#2910,#2898,#3537,.T.);
#2140=EDGE_CURVE('',#2911,#2835,#3538,.T.);
#2141=EDGE_CURVE('',#2912,#2911,#3539,.T.);
#2142=EDGE_CURVE('',#2913,#2912,#3540,.T.);
#2143=EDGE_CURVE('',#2914,#2913,#3541,.T.);
#2144=EDGE_CURVE('',#2915,#2914,#3542,.T.);
#2145=EDGE_CURVE('',#2916,#2915,#3543,.T.);
#2146=EDGE_CURVE('',#2917,#2916,#3544,.T.);
#2147=EDGE_CURVE('',#2918,#2917,#3545,.T.);
#2148=EDGE_CURVE('',#2919,#2918,#3546,.T.);
#2149=EDGE_CURVE('',#2920,#2919,#3547,.T.);
#2150=EDGE_CURVE('',#2836,#2920,#3548,.T.);
#2151=EDGE_CURVE('',#2718,#2712,#3549,.T.);
#2152=EDGE_CURVE('',#2906,#2717,#3550,.T.);
#2153=EDGE_CURVE('',#2702,#2870,#3551,.T.);
#2154=EDGE_CURVE('',#2695,#2701,#3552,.T.);
#2155=EDGE_CURVE('',#2838,#2890,#3553,.T.);
#2156=EDGE_CURVE('',#2862,#2889,#3554,.T.);
#2157=EDGE_CURVE('',#2861,#2892,#3555,.T.);
#2158=EDGE_CURVE('',#2891,#2847,#3556,.T.);
#2159=EDGE_CURVE('',#2921,#2922,#3557,.T.);
#2160=EDGE_CURVE('',#2909,#2921,#3558,.T.);
#2161=EDGE_CURVE('',#2922,#2908,#3559,.T.);
#2162=EDGE_CURVE('',#2923,#2924,#3560,.T.);
#2163=EDGE_CURVE('',#2923,#2911,#3561,.T.);
#2164=EDGE_CURVE('',#2925,#2848,#3562,.T.);
#2165=EDGE_CURVE('',#2925,#2915,#3563,.T.);
#2166=EDGE_CURVE('',#2914,#2924,#3564,.T.);
#2167=EDGE_CURVE('',#2920,#2926,#3565,.T.);
#2168=EDGE_CURVE('',#2927,#2926,#3566,.T.);
#2169=EDGE_CURVE('',#2927,#2917,#3567,.T.);
#2170=EDGE_CURVE('',#2928,#2916,#3568,.T.);
#2171=EDGE_CURVE('',#2837,#2928,#3569,.T.);
#2172=EDGE_CURVE('',#2928,#2925,#3570,.T.);
#2173=EDGE_CURVE('',#2926,#2929,#3571,.T.);
#2174=EDGE_CURVE('',#2929,#2930,#3572,.T.);
#2175=EDGE_CURVE('',#2930,#2927,#3573,.T.);
#2176=EDGE_CURVE('',#2930,#2918,#3574,.T.);
#2177=EDGE_CURVE('',#2929,#2919,#3575,.T.);
#2178=EDGE_CURVE('',#2931,#2923,#3576,.T.);
#2179=EDGE_CURVE('',#2931,#2912,#3577,.T.);
#2180=EDGE_CURVE('',#2932,#2913,#3578,.T.);
#2181=EDGE_CURVE('',#2924,#2932,#3579,.T.);
#2182=EDGE_CURVE('',#2932,#2931,#3580,.T.);
#2183=EDGE_CURVE('',#2825,#2921,#3581,.T.);
#2184=EDGE_CURVE('',#2826,#2922,#3582,.T.);
#2185=EDGE_CURVE('',#2910,#2933,#3583,.T.);
#2186=EDGE_CURVE('',#2705,#2934,#3584,.T.);
#2187=EDGE_CURVE('',#2934,#2935,#3585,.T.);
#2188=EDGE_CURVE('',#2936,#2935,#3586,.T.);
#2189=EDGE_CURVE('',#2937,#2936,#3587,.T.);
#2190=EDGE_CURVE('',#2937,#2938,#3588,.T.);
#2191=EDGE_CURVE('',#2938,#2933,#3589,.T.);
#2192=EDGE_CURVE('',#2939,#2933,#3590,.T.);
#2193=EDGE_CURVE('',#2939,#2940,#3591,.T.);
#2194=EDGE_CURVE('',#2940,#2899,#3592,.T.);
#2195=EDGE_CURVE('',#2941,#2940,#3593,.T.);
#2196=EDGE_CURVE('',#2941,#2937,#3594,.T.);
#2197=EDGE_CURVE('',#2936,#2900,#3595,.T.);
#2198=EDGE_CURVE('',#2942,#2935,#3596,.T.);
#2199=EDGE_CURVE('',#2942,#2704,#3597,.T.);
#2200=EDGE_CURVE('',#2943,#2902,#3598,.T.);
#2201=EDGE_CURVE('',#2943,#2944,#3599,.T.);
#2202=EDGE_CURVE('',#2944,#2877,#3600,.T.);
#2203=EDGE_CURVE('',#2943,#2945,#3601,.T.);
#2204=EDGE_CURVE('',#2880,#2901,#3602,.T.);
#2205=EDGE_CURVE('',#2945,#2879,#3603,.T.);
#2206=EDGE_CURVE('',#2688,#2946,#3604,.T.);
#2207=EDGE_CURVE('',#2946,#2881,#3605,.T.);
#2208=EDGE_CURVE('',#2884,#2947,#3606,.T.);
#2209=EDGE_CURVE('',#2696,#2947,#3607,.T.);
#2210=EDGE_CURVE('',#2886,#2948,#3608,.T.);
#2211=EDGE_CURVE('',#2698,#2948,#3609,.T.);
#2212=EDGE_CURVE('',#2949,#2711,#3610,.T.);
#2213=EDGE_CURVE('',#2950,#2949,#3611,.T.);
#2214=EDGE_CURVE('',#2719,#2950,#3612,.T.);
#2215=EDGE_CURVE('',#2951,#2715,#3613,.T.);
#2216=EDGE_CURVE('',#2952,#2951,#3614,.T.);
#2217=EDGE_CURVE('',#2907,#2952,#3615,.T.);
#2218=EDGE_CURVE('',#2953,#2950,#3616,.T.);
#2219=EDGE_CURVE('',#2710,#2953,#3617,.T.);
#2220=EDGE_CURVE('',#2954,#2952,#3618,.T.);
#2221=EDGE_CURVE('',#2720,#2954,#3619,.T.);
#2222=EDGE_CURVE('',#2876,#2882,#3620,.T.);
#2223=EDGE_CURVE('',#2756,#2766,#3621,.T.);
#2224=EDGE_CURVE('',#2820,#2730,#3622,.T.);
#2225=EDGE_CURVE('',#2765,#2808,#3623,.T.);
#2226=EDGE_CURVE('',#2732,#2798,#3624,.T.);
#2227=EDGE_CURVE('',#2783,#2733,#3625,.T.);
#2228=EDGE_CURVE('',#2797,#2784,#3626,.T.);
#2229=EDGE_CURVE('',#2829,#2846,#3627,.T.);
#2230=EDGE_CURVE('',#2830,#2845,#3628,.T.);
#2231=EDGE_CURVE('',#2831,#2844,#3629,.T.);
#2232=EDGE_CURVE('',#2832,#2843,#3630,.T.);
#2233=EDGE_CURVE('',#2833,#2842,#3631,.T.);
#2234=EDGE_CURVE('',#2834,#2841,#3632,.T.);
#2235=EDGE_CURVE('',#2822,#2839,#3633,.T.);
#2236=EDGE_CURVE('',#2821,#2840,#3634,.T.);
#2237=EDGE_CURVE('',#2955,#2864,#3635,.T.);
#2238=EDGE_CURVE('',#2956,#2863,#3636,.T.);
#2239=EDGE_CURVE('',#2956,#2955,#3637,.T.);
#2240=EDGE_CURVE('',#2865,#2957,#3638,.T.);
#2241=EDGE_CURVE('',#2958,#2957,#3639,.T.);
#2242=EDGE_CURVE('',#2866,#2958,#3640,.T.);
#2243=EDGE_CURVE('',#2957,#2955,#3641,.T.);
#2244=EDGE_CURVE('',#2958,#2956,#3642,.T.);
#2245=EDGE_CURVE('',#2959,#2951,#3643,.T.);
#2246=EDGE_CURVE('',#2954,#2959,#3644,.T.);
#2247=EDGE_CURVE('',#2716,#2959,#3645,.T.);
#2248=EDGE_CURVE('',#2709,#2960,#3646,.T.);
#2249=EDGE_CURVE('',#2960,#2949,#3647,.T.);
#2250=EDGE_CURVE('',#2953,#2960,#3648,.T.);
#2251=EDGE_CURVE('',#2961,#2938,#3649,.T.);
#2252=EDGE_CURVE('',#2961,#2939,#3650,.T.);
#2253=EDGE_CURVE('',#2941,#2961,#3651,.T.);
#2254=EDGE_CURVE('',#2962,#2942,#3652,.T.);
#2255=EDGE_CURVE('',#2703,#2962,#3653,.T.);
#2256=EDGE_CURVE('',#2962,#2934,#3654,.T.);
#2257=EDGE_CURVE('',#2948,#2963,#3655,.T.);
#2258=EDGE_CURVE('',#2885,#2963,#3656,.T.);
#2259=EDGE_CURVE('',#2963,#2697,#3657,.T.);
#2260=EDGE_CURVE('',#2964,#2692,#3658,.T.);
#2261=EDGE_CURVE('',#2883,#2964,#3659,.T.);
#2262=EDGE_CURVE('',#2947,#2964,#3660,.T.);
#2263=EDGE_CURVE('',#2946,#2965,#3661,.T.);
#2264=EDGE_CURVE('',#2965,#2875,#3662,.T.);
#2265=EDGE_CURVE('',#2965,#2687,#3663,.T.);
#2266=EDGE_CURVE('',#2966,#2945,#3664,.T.);
#2267=EDGE_CURVE('',#2944,#2966,#3665,.T.);
#2268=EDGE_CURVE('',#2966,#2878,#3666,.T.);
#2269=EDGE_CURVE('',#2967,#2904,#3667,.T.);
#2270=EDGE_CURVE('',#2968,#2967,#3668,.T.);
#2271=EDGE_CURVE('',#2968,#2905,#3669,.T.);
#2272=EDGE_CURVE('',#2967,#2895,#3670,.T.);
#2273=EDGE_CURVE('',#2896,#2968,#3671,.T.);
#2274=EDGE_CURVE('',#2969,#2970,#3672,.T.);
#2275=EDGE_CURVE('',#2970,#2850,#3673,.T.);
#2276=EDGE_CURVE('',#2969,#2849,#3674,.T.);
#2277=EDGE_CURVE('',#2851,#2971,#3675,.T.);
#2278=EDGE_CURVE('',#2972,#2971,#3676,.T.);
#2279=EDGE_CURVE('',#2852,#2972,#3677,.T.);
#2280=EDGE_CURVE('',#2971,#2973,#3678,.T.);
#2281=EDGE_CURVE('',#2974,#2973,#3679,.T.);
#2282=EDGE_CURVE('',#2972,#2974,#3680,.T.);
#2283=EDGE_CURVE('',#2973,#2970,#40,.T.);
#2284=EDGE_CURVE('',#2974,#2969,#41,.T.);
#2285=EDGE_CURVE('',#2975,#2976,#3681,.T.);
#2286=EDGE_CURVE('',#2975,#2977,#3682,.T.);
#2287=EDGE_CURVE('',#2978,#2977,#3683,.T.);
#2288=EDGE_CURVE('',#2976,#2978,#3684,.T.);
#2289=EDGE_CURVE('',#2979,#2980,#3685,.T.);
#2290=EDGE_CURVE('',#2979,#2981,#3686,.T.);
#2291=EDGE_CURVE('',#2981,#2982,#3687,.T.);
#2292=EDGE_CURVE('',#2982,#2980,#3688,.T.);
#2293=EDGE_CURVE('',#2980,#2983,#3689,.T.);
#2294=EDGE_CURVE('',#2984,#2982,#3690,.T.);
#2295=EDGE_CURVE('',#2985,#2984,#3691,.T.);
#2296=EDGE_CURVE('',#2985,#2986,#42,.T.);
#2297=EDGE_CURVE('',#2987,#2986,#3692,.T.);
#2298=EDGE_CURVE('',#2987,#2988,#43,.T.);
#2299=EDGE_CURVE('',#2989,#2988,#3693,.T.);
#2300=EDGE_CURVE('',#2990,#2989,#3694,.T.);
#2301=EDGE_CURVE('',#2991,#2990,#3695,.T.);
#2302=EDGE_CURVE('',#2991,#2992,#44,.T.);
#2303=EDGE_CURVE('',#2993,#2992,#3696,.T.);
#2304=EDGE_CURVE('',#2993,#2994,#45,.T.);
#2305=EDGE_CURVE('',#2995,#2994,#3697,.T.);
#2306=EDGE_CURVE('',#2996,#2995,#3698,.T.);
#2307=EDGE_CURVE('',#2997,#2996,#3699,.T.);
#2308=EDGE_CURVE('',#2997,#2998,#46,.F.);
#2309=EDGE_CURVE('',#2999,#2998,#3700,.T.);
#2310=EDGE_CURVE('',#2983,#2999,#3701,.T.);
#2311=EDGE_CURVE('',#2983,#3000,#3702,.T.);
#2312=EDGE_CURVE('',#3001,#2999,#3703,.T.);
#2313=EDGE_CURVE('',#3001,#3000,#3704,.T.);
#2314=EDGE_CURVE('',#3002,#3003,#3705,.T.);
#2315=EDGE_CURVE('',#3004,#3002,#3706,.T.);
#2316=EDGE_CURVE('',#3004,#3005,#3707,.T.);
#2317=EDGE_CURVE('',#3005,#3003,#3708,.T.);
#2318=EDGE_CURVE('',#3002,#2976,#3709,.T.);
#2319=EDGE_CURVE('',#2978,#3006,#3710,.T.);
#2320=EDGE_CURVE('',#3006,#3007,#47,.T.);
#2321=EDGE_CURVE('',#3007,#3008,#3711,.T.);
#2322=EDGE_CURVE('',#3008,#3009,#3712,.T.);
#2323=EDGE_CURVE('',#3009,#3010,#3713,.T.);
#2324=EDGE_CURVE('',#3011,#3010,#48,.T.);
#2325=EDGE_CURVE('',#3011,#3012,#3714,.T.);
#2326=EDGE_CURVE('',#3013,#3012,#49,.T.);
#2327=EDGE_CURVE('',#3013,#3014,#3715,.T.);
#2328=EDGE_CURVE('',#3014,#3015,#3716,.T.);
#2329=EDGE_CURVE('',#3015,#3016,#3717,.T.);
#2330=EDGE_CURVE('',#3017,#3016,#50,.T.);
#2331=EDGE_CURVE('',#3017,#3018,#3718,.T.);
#2332=EDGE_CURVE('',#3019,#3018,#51,.T.);
#2333=EDGE_CURVE('',#3019,#3020,#3719,.T.);
#2334=EDGE_CURVE('',#3020,#3004,#3720,.T.);
#2335=EDGE_CURVE('',#3021,#2975,#3721,.T.);
#2336=EDGE_CURVE('',#3021,#3022,#3722,.T.);
#2337=EDGE_CURVE('',#3023,#3022,#3723,.T.);
#2338=EDGE_CURVE('',#3024,#3023,#3724,.T.);
#2339=EDGE_CURVE('',#3024,#3025,#52,.T.);
#2340=EDGE_CURVE('',#3026,#3025,#3725,.T.);
#2341=EDGE_CURVE('',#3026,#3027,#53,.T.);
#2342=EDGE_CURVE('',#3028,#3027,#3726,.T.);
#2343=EDGE_CURVE('',#3029,#3028,#3727,.T.);
#2344=EDGE_CURVE('',#3030,#3029,#3728,.T.);
#2345=EDGE_CURVE('',#3031,#3030,#54,.T.);
#2346=EDGE_CURVE('',#2977,#3031,#3729,.T.);
#2347=EDGE_CURVE('',#3000,#3032,#3730,.T.);
#2348=EDGE_CURVE('',#3033,#3001,#3731,.T.);
#2349=EDGE_CURVE('',#3034,#3033,#55,.T.);
#2350=EDGE_CURVE('',#3035,#3034,#3732,.T.);
#2351=EDGE_CURVE('',#3036,#3035,#3733,.T.);
#2352=EDGE_CURVE('',#3037,#3036,#3734,.T.);
#2353=EDGE_CURVE('',#3037,#3038,#56,.T.);
#2354=EDGE_CURVE('',#3039,#3038,#3735,.T.);
#2355=EDGE_CURVE('',#3039,#3040,#57,.T.);
#2356=EDGE_CURVE('',#3041,#3040,#3736,.T.);
#2357=EDGE_CURVE('',#3042,#3041,#3737,.T.);
#2358=EDGE_CURVE('',#3032,#3042,#3738,.T.);
#2359=EDGE_CURVE('',#3032,#3021,#3739,.T.);
#2360=EDGE_CURVE('',#3022,#3042,#3740,.T.);
#2361=EDGE_CURVE('',#3043,#2979,#3741,.T.);
#2362=EDGE_CURVE('',#3043,#3044,#3742,.T.);
#2363=EDGE_CURVE('',#3045,#3044,#3743,.T.);
#2364=EDGE_CURVE('',#3046,#3045,#3744,.T.);
#2365=EDGE_CURVE('',#3046,#3047,#58,.T.);
#2366=EDGE_CURVE('',#3048,#3047,#3745,.T.);
#2367=EDGE_CURVE('',#3048,#3049,#59,.T.);
#2368=EDGE_CURVE('',#3050,#3049,#3746,.T.);
#2369=EDGE_CURVE('',#2981,#3050,#3747,.T.);
#2370=EDGE_CURVE('',#3051,#3043,#3748,.T.);
#2371=EDGE_CURVE('',#3051,#3052,#3749,.T.);
#2372=EDGE_CURVE('',#3044,#3052,#3750,.T.);
#2373=EDGE_CURVE('',#3003,#3051,#3751,.T.);
#2374=EDGE_CURVE('',#3053,#3005,#3752,.T.);
#2375=EDGE_CURVE('',#3054,#3053,#3753,.T.);
#2376=EDGE_CURVE('',#3054,#3055,#60,.T.);
#2377=EDGE_CURVE('',#3056,#3055,#3754,.T.);
#2378=EDGE_CURVE('',#3056,#3057,#61,.T.);
#2379=EDGE_CURVE('',#3058,#3057,#3755,.T.);
#2380=EDGE_CURVE('',#3052,#3058,#3756,.T.);
#2381=EDGE_CURVE('',#3006,#3031,#3757,.T.);
#2382=EDGE_CURVE('',#3007,#3030,#3758,.T.);
#2383=EDGE_CURVE('',#3050,#2984,#3759,.T.);
#2384=EDGE_CURVE('',#3049,#2985,#3760,.T.);
#2385=EDGE_CURVE('',#3048,#2986,#3761,.T.);
#2386=EDGE_CURVE('',#3047,#2987,#3762,.T.);
#2387=EDGE_CURVE('',#3046,#2988,#3763,.T.);
#2388=EDGE_CURVE('',#3045,#2989,#3764,.T.);
#2389=EDGE_CURVE('',#3013,#3024,#3765,.T.);
#2390=EDGE_CURVE('',#3014,#3023,#3766,.T.);
#2391=EDGE_CURVE('',#3012,#3025,#3767,.T.);
#2392=EDGE_CURVE('',#3011,#3026,#3768,.T.);
#2393=EDGE_CURVE('',#3010,#3027,#3769,.T.);
#2394=EDGE_CURVE('',#3009,#3028,#3770,.T.);
#2395=EDGE_CURVE('',#3008,#3029,#3771,.T.);
#2396=EDGE_CURVE('',#3034,#2997,#3772,.T.);
#2397=EDGE_CURVE('',#3033,#2998,#3773,.T.);
#2398=EDGE_CURVE('',#3020,#3053,#3774,.T.);
#2399=EDGE_CURVE('',#3019,#3054,#3775,.T.);
#2400=EDGE_CURVE('',#3018,#3055,#3776,.T.);
#2401=EDGE_CURVE('',#3017,#3056,#3777,.T.);
#2402=EDGE_CURVE('',#3016,#3057,#3778,.T.);
#2403=EDGE_CURVE('',#3015,#3058,#3779,.T.);
#2404=EDGE_CURVE('',#3041,#2990,#3780,.T.);
#2405=EDGE_CURVE('',#3040,#2991,#3781,.T.);
#2406=EDGE_CURVE('',#3039,#2992,#3782,.T.);
#2407=EDGE_CURVE('',#3038,#2993,#3783,.T.);
#2408=EDGE_CURVE('',#3037,#2994,#3784,.T.);
#2409=EDGE_CURVE('',#3036,#2995,#3785,.T.);
#2410=EDGE_CURVE('',#3035,#2996,#3786,.T.);
#2411=EDGE_CURVE('',#3059,#3060,#3787,.T.);
#2412=EDGE_CURVE('',#3061,#3059,#3788,.T.);
#2413=EDGE_CURVE('',#3061,#3062,#3789,.T.);
#2414=EDGE_CURVE('',#3062,#3060,#3790,.T.);
#2415=EDGE_CURVE('',#3063,#3064,#3791,.T.);
#2416=EDGE_CURVE('',#3063,#3065,#3792,.T.);
#2417=EDGE_CURVE('',#3066,#3065,#3793,.T.);
#2418=EDGE_CURVE('',#3066,#3064,#3794,.T.);
#2419=EDGE_CURVE('',#3067,#3063,#3795,.T.);
#2420=EDGE_CURVE('',#3068,#3067,#3796,.T.);
#2421=EDGE_CURVE('',#3069,#3068,#3797,.T.);
#2422=EDGE_CURVE('',#3069,#3070,#62,.T.);
#2423=EDGE_CURVE('',#3071,#3070,#3798,.T.);
#2424=EDGE_CURVE('',#3072,#3071,#3799,.T.);
#2425=EDGE_CURVE('',#3073,#3072,#3800,.T.);
#2426=EDGE_CURVE('',#3074,#3073,#3801,.T.);
#2427=EDGE_CURVE('',#3075,#3074,#63,.T.);
#2428=EDGE_CURVE('',#3075,#3076,#64,.T.);
#2429=EDGE_CURVE('',#3077,#3076,#3802,.T.);
#2430=EDGE_CURVE('',#3077,#3078,#65,.T.);
#2431=EDGE_CURVE('',#3079,#3078,#3803,.T.);
#2432=EDGE_CURVE('',#3079,#3080,#66,.T.);
#2433=EDGE_CURVE('',#3081,#3080,#3804,.T.);
#2434=EDGE_CURVE('',#3081,#3082,#67,.T.);
#2435=EDGE_CURVE('',#3083,#3082,#68,.T.);
#2436=EDGE_CURVE('',#3084,#3083,#3805,.T.);
#2437=EDGE_CURVE('',#3085,#3084,#3806,.T.);
#2438=EDGE_CURVE('',#3086,#3085,#3807,.T.);
#2439=EDGE_CURVE('',#3087,#3086,#69,.T.);
#2440=EDGE_CURVE('',#3088,#3087,#3808,.T.);
#2441=EDGE_CURVE('',#3089,#3088,#70,.T.);
#2442=EDGE_CURVE('',#3090,#3089,#3809,.T.);
#2443=EDGE_CURVE('',#3091,#3090,#3810,.T.);
#2444=EDGE_CURVE('',#3065,#3091,#3811,.T.);
#2445=EDGE_CURVE('',#3092,#3067,#3812,.T.);
#2446=EDGE_CURVE('',#3092,#3093,#3813,.T.);
#2447=EDGE_CURVE('',#3093,#3068,#3814,.T.);
#2448=EDGE_CURVE('',#3094,#3095,#3815,.T.);
#2449=EDGE_CURVE('',#3094,#3096,#3816,.T.);
#2450=EDGE_CURVE('',#3097,#3096,#3817,.T.);
#2451=EDGE_CURVE('',#3095,#3097,#3818,.T.);
#2452=EDGE_CURVE('',#3059,#3095,#3819,.T.);
#2453=EDGE_CURVE('',#3097,#3098,#3820,.T.);
#2454=EDGE_CURVE('',#3098,#3099,#3821,.T.);
#2455=EDGE_CURVE('',#3099,#3100,#3822,.T.);
#2456=EDGE_CURVE('',#3100,#3101,#71,.T.);
#2457=EDGE_CURVE('',#3101,#3102,#3823,.T.);
#2458=EDGE_CURVE('',#3102,#3103,#72,.T.);
#2459=EDGE_CURVE('',#3103,#3104,#3824,.T.);
#2460=EDGE_CURVE('',#3104,#3105,#3825,.T.);
#2461=EDGE_CURVE('',#3105,#3106,#3826,.T.);
#2462=EDGE_CURVE('',#3106,#3107,#73,.T.);
#2463=EDGE_CURVE('',#3108,#3107,#74,.T.);
#2464=EDGE_CURVE('',#3108,#3109,#3827,.T.);
#2465=EDGE_CURVE('',#3110,#3109,#75,.T.);
#2466=EDGE_CURVE('',#3110,#3111,#3828,.T.);
#2467=EDGE_CURVE('',#3112,#3111,#76,.T.);
#2468=EDGE_CURVE('',#3112,#3113,#3829,.T.);
#2469=EDGE_CURVE('',#3114,#3113,#77,.T.);
#2470=EDGE_CURVE('',#3114,#3115,#78,.T.);
#2471=EDGE_CURVE('',#3115,#3116,#3830,.T.);
#2472=EDGE_CURVE('',#3116,#3117,#3831,.T.);
#2473=EDGE_CURVE('',#3117,#3118,#3832,.T.);
#2474=EDGE_CURVE('',#3118,#3119,#3833,.T.);
#2475=EDGE_CURVE('',#3120,#3119,#79,.T.);
#2476=EDGE_CURVE('',#3120,#3061,#3834,.T.);
#2477=EDGE_CURVE('',#3060,#3121,#3835,.T.);
#2478=EDGE_CURVE('',#3122,#3062,#3836,.T.);
#2479=EDGE_CURVE('',#3122,#3123,#80,.T.);
#2480=EDGE_CURVE('',#3124,#3123,#3837,.T.);
#2481=EDGE_CURVE('',#3125,#3124,#3838,.T.);
#2482=EDGE_CURVE('',#3126,#3125,#3839,.T.);
#2483=EDGE_CURVE('',#3127,#3126,#3840,.T.);
#2484=EDGE_CURVE('',#3128,#3127,#81,.T.);
#2485=EDGE_CURVE('',#3128,#3129,#82,.T.);
#2486=EDGE_CURVE('',#3130,#3129,#3841,.T.);
#2487=EDGE_CURVE('',#3130,#3131,#83,.T.);
#2488=EDGE_CURVE('',#3132,#3131,#3842,.T.);
#2489=EDGE_CURVE('',#3132,#3121,#3843,.T.);
#2490=EDGE_CURVE('',#3133,#3092,#3844,.T.);
#2491=EDGE_CURVE('',#3134,#3133,#3845,.T.);
#2492=EDGE_CURVE('',#3135,#3134,#3846,.T.);
#2493=EDGE_CURVE('',#3135,#3136,#84,.T.);
#2494=EDGE_CURVE('',#3137,#3136,#3847,.T.);
#2495=EDGE_CURVE('',#3137,#3138,#85,.T.);
#2496=EDGE_CURVE('',#3139,#3138,#86,.T.);
#2497=EDGE_CURVE('',#3140,#3139,#3848,.T.);
#2498=EDGE_CURVE('',#3141,#3140,#3849,.T.);
#2499=EDGE_CURVE('',#3142,#3141,#3850,.T.);
#2500=EDGE_CURVE('',#3143,#3142,#3851,.T.);
#2501=EDGE_CURVE('',#3143,#3144,#87,.T.);
#2502=EDGE_CURVE('',#3093,#3144,#3852,.T.);
#2503=EDGE_CURVE('',#3121,#3133,#3853,.T.);
#2504=EDGE_CURVE('',#3134,#3132,#3854,.T.);
#2505=EDGE_CURVE('',#3064,#3145,#3855,.T.);
#2506=EDGE_CURVE('',#3146,#3066,#3856,.T.);
#2507=EDGE_CURVE('',#3147,#3146,#3857,.T.);
#2508=EDGE_CURVE('',#3148,#3147,#3858,.T.);
#2509=EDGE_CURVE('',#3149,#3148,#88,.T.);
#2510=EDGE_CURVE('',#3150,#3149,#3859,.T.);
#2511=EDGE_CURVE('',#3151,#3150,#89,.T.);
#2512=EDGE_CURVE('',#3152,#3151,#3860,.T.);
#2513=EDGE_CURVE('',#3153,#3152,#3861,.T.);
#2514=EDGE_CURVE('',#3154,#3153,#3862,.T.);
#2515=EDGE_CURVE('',#3155,#3154,#90,.T.);
#2516=EDGE_CURVE('',#3155,#3156,#91,.T.);
#2517=EDGE_CURVE('',#3157,#3156,#3863,.T.);
#2518=EDGE_CURVE('',#3157,#3158,#92,.T.);
#2519=EDGE_CURVE('',#3159,#3158,#3864,.T.);
#2520=EDGE_CURVE('',#3159,#3145,#3865,.T.);
#2521=EDGE_CURVE('',#3145,#3160,#3866,.T.);
#2522=EDGE_CURVE('',#3161,#3159,#3867,.T.);
#2523=EDGE_CURVE('',#3161,#3160,#3868,.T.);
#2524=EDGE_CURVE('',#3160,#3094,#3869,.T.);
#2525=EDGE_CURVE('',#3162,#3161,#3870,.T.);
#2526=EDGE_CURVE('',#3162,#3163,#93,.T.);
#2527=EDGE_CURVE('',#3164,#3163,#3871,.T.);
#2528=EDGE_CURVE('',#3164,#3165,#94,.T.);
#2529=EDGE_CURVE('',#3166,#3165,#95,.T.);
#2530=EDGE_CURVE('',#3167,#3166,#3872,.T.);
#2531=EDGE_CURVE('',#3168,#3167,#3873,.T.);
#2532=EDGE_CURVE('',#3169,#3168,#3874,.T.);
#2533=EDGE_CURVE('',#3170,#3169,#96,.T.);
#2534=EDGE_CURVE('',#3171,#3170,#3875,.T.);
#2535=EDGE_CURVE('',#3172,#3171,#97,.T.);
#2536=EDGE_CURVE('',#3173,#3172,#3876,.T.);
#2537=EDGE_CURVE('',#3174,#3173,#3877,.T.);
#2538=EDGE_CURVE('',#3096,#3174,#3878,.T.);
#2539=EDGE_CURVE('',#3120,#3122,#3879,.T.);
#2540=EDGE_CURVE('',#3119,#3123,#3880,.T.);
#2541=EDGE_CURVE('',#3118,#3124,#3881,.T.);
#2542=EDGE_CURVE('',#3117,#3125,#3882,.T.);
#2543=EDGE_CURVE('',#3116,#3126,#3883,.T.);
#2544=EDGE_CURVE('',#3115,#3127,#3884,.T.);
#2545=EDGE_CURVE('',#3114,#3128,#3885,.T.);
#2546=EDGE_CURVE('',#3113,#3129,#3886,.T.);
#2547=EDGE_CURVE('',#3112,#3130,#3887,.T.);
#2548=EDGE_CURVE('',#3111,#3131,#3888,.T.);
#2549=EDGE_CURVE('',#3157,#3080,#3889,.T.);
#2550=EDGE_CURVE('',#3158,#3079,#3890,.T.);
#2551=EDGE_CURVE('',#3156,#3081,#3891,.T.);
#2552=EDGE_CURVE('',#3155,#3082,#3892,.T.);
#2553=EDGE_CURVE('',#3154,#3083,#3893,.T.);
#2554=EDGE_CURVE('',#3153,#3084,#3894,.T.);
#2555=EDGE_CURVE('',#3152,#3085,#3895,.T.);
#2556=EDGE_CURVE('',#3151,#3086,#3896,.T.);
#2557=EDGE_CURVE('',#3150,#3087,#3897,.T.);
#2558=EDGE_CURVE('',#3149,#3088,#3898,.T.);
#2559=EDGE_CURVE('',#3148,#3089,#3899,.T.);
#2560=EDGE_CURVE('',#3147,#3090,#3900,.T.);
#2561=EDGE_CURVE('',#3146,#3091,#3901,.T.);
#2562=EDGE_CURVE('',#3144,#3069,#3902,.T.);
#2563=EDGE_CURVE('',#3143,#3070,#3903,.T.);
#2564=EDGE_CURVE('',#3142,#3071,#3904,.T.);
#2565=EDGE_CURVE('',#3141,#3072,#3905,.T.);
#2566=EDGE_CURVE('',#3140,#3073,#3906,.T.);
#2567=EDGE_CURVE('',#3139,#3074,#3907,.T.);
#2568=EDGE_CURVE('',#3138,#3075,#3908,.T.);
#2569=EDGE_CURVE('',#3137,#3076,#3909,.T.);
#2570=EDGE_CURVE('',#3136,#3077,#3910,.T.);
#2571=EDGE_CURVE('',#3135,#3078,#3911,.T.);
#2572=EDGE_CURVE('',#3110,#3162,#3912,.T.);
#2573=EDGE_CURVE('',#3109,#3163,#3913,.T.);
#2574=EDGE_CURVE('',#3108,#3164,#3914,.T.);
#2575=EDGE_CURVE('',#3107,#3165,#3915,.T.);
#2576=EDGE_CURVE('',#3106,#3166,#3916,.T.);
#2577=EDGE_CURVE('',#3105,#3167,#3917,.T.);
#2578=EDGE_CURVE('',#3104,#3168,#3918,.T.);
#2579=EDGE_CURVE('',#3103,#3169,#3919,.T.);
#2580=EDGE_CURVE('',#3102,#3170,#3920,.T.);
#2581=EDGE_CURVE('',#3101,#3171,#3921,.T.);
#2582=EDGE_CURVE('',#3100,#3172,#3922,.T.);
#2583=EDGE_CURVE('',#3099,#3173,#3923,.T.);
#2584=EDGE_CURVE('',#3098,#3174,#3924,.T.);
#2585=EDGE_CURVE('',#3175,#3176,#3925,.T.);
#2586=EDGE_CURVE('',#3177,#3176,#3926,.T.);
#2587=EDGE_CURVE('',#3178,#3177,#3927,.T.);
#2588=EDGE_CURVE('',#3178,#3175,#3928,.T.);
#2589=EDGE_CURVE('',#3176,#3179,#3929,.T.);
#2590=EDGE_CURVE('',#3180,#3179,#3930,.T.);
#2591=EDGE_CURVE('',#3177,#3180,#3931,.T.);
#2592=EDGE_CURVE('',#3179,#3181,#3932,.T.);
#2593=EDGE_CURVE('',#3182,#3181,#3933,.T.);
#2594=EDGE_CURVE('',#3180,#3182,#3934,.T.);
#2595=EDGE_CURVE('',#3181,#3183,#3935,.T.);
#2596=EDGE_CURVE('',#3184,#3183,#3936,.T.);
#2597=EDGE_CURVE('',#3182,#3184,#3937,.T.);
#2598=EDGE_CURVE('',#3185,#3183,#98,.T.);
#2599=EDGE_CURVE('',#3186,#3185,#3938,.T.);
#2600=EDGE_CURVE('',#3186,#3184,#99,.T.);
#2601=EDGE_CURVE('',#3185,#3187,#3939,.T.);
#2602=EDGE_CURVE('',#3188,#3187,#3940,.T.);
#2603=EDGE_CURVE('',#3186,#3188,#3941,.T.);
#2604=EDGE_CURVE('',#3189,#3187,#100,.T.);
#2605=EDGE_CURVE('',#3190,#3189,#3942,.T.);
#2606=EDGE_CURVE('',#3190,#3188,#101,.T.);
#2607=EDGE_CURVE('',#3189,#3191,#3943,.T.);
#2608=EDGE_CURVE('',#3192,#3191,#3944,.T.);
#2609=EDGE_CURVE('',#3190,#3192,#3945,.T.);
#2610=EDGE_CURVE('',#3191,#3193,#102,.T.);
#2611=EDGE_CURVE('',#3194,#3193,#3946,.T.);
#2612=EDGE_CURVE('',#3192,#3194,#103,.T.);
#2613=EDGE_CURVE('',#3193,#3195,#3947,.T.);
#2614=EDGE_CURVE('',#3196,#3195,#3948,.T.);
#2615=EDGE_CURVE('',#3194,#3196,#3949,.T.);
#2616=EDGE_CURVE('',#3195,#3197,#3950,.T.);
#2617=EDGE_CURVE('',#3198,#3197,#3951,.T.);
#2618=EDGE_CURVE('',#3196,#3198,#3952,.T.);
#2619=EDGE_CURVE('',#3197,#3199,#3953,.T.);
#2620=EDGE_CURVE('',#3200,#3199,#3954,.T.);
#2621=EDGE_CURVE('',#3198,#3200,#3955,.T.);
#2622=EDGE_CURVE('',#3201,#3199,#104,.T.);
#2623=EDGE_CURVE('',#3202,#3201,#3956,.T.);
#2624=EDGE_CURVE('',#3202,#3200,#105,.T.);
#2625=EDGE_CURVE('',#3201,#3203,#3957,.T.);
#2626=EDGE_CURVE('',#3204,#3203,#3958,.T.);
#2627=EDGE_CURVE('',#3202,#3204,#3959,.T.);
#2628=EDGE_CURVE('',#3205,#3203,#106,.T.);
#2629=EDGE_CURVE('',#3206,#3205,#3960,.T.);
#2630=EDGE_CURVE('',#3206,#3204,#107,.T.);
#2631=EDGE_CURVE('',#3205,#3207,#3961,.T.);
#2632=EDGE_CURVE('',#3208,#3207,#3962,.T.);
#2633=EDGE_CURVE('',#3206,#3208,#3963,.T.);
#2634=EDGE_CURVE('',#3209,#3207,#108,.T.);
#2635=EDGE_CURVE('',#3210,#3209,#3964,.T.);
#2636=EDGE_CURVE('',#3210,#3208,#109,.T.);
#2637=EDGE_CURVE('',#3209,#3211,#3965,.T.);
#2638=EDGE_CURVE('',#3212,#3211,#3966,.T.);
#2639=EDGE_CURVE('',#3210,#3212,#3967,.T.);
#2640=EDGE_CURVE('',#3211,#3213,#110,.T.);
#2641=EDGE_CURVE('',#3214,#3213,#3968,.T.);
#2642=EDGE_CURVE('',#3212,#3214,#111,.T.);
#2643=EDGE_CURVE('',#3213,#3215,#3969,.T.);
#2644=EDGE_CURVE('',#3216,#3215,#3970,.T.);
#2645=EDGE_CURVE('',#3214,#3216,#3971,.T.);
#2646=EDGE_CURVE('',#3215,#3217,#3972,.T.);
#2647=EDGE_CURVE('',#3218,#3217,#3973,.T.);
#2648=EDGE_CURVE('',#3216,#3218,#3974,.T.);
#2649=EDGE_CURVE('',#3217,#3219,#3975,.T.);
#2650=EDGE_CURVE('',#3220,#3219,#3976,.T.);
#2651=EDGE_CURVE('',#3218,#3220,#3977,.T.);
#2652=EDGE_CURVE('',#3219,#3221,#3978,.T.);
#2653=EDGE_CURVE('',#3222,#3221,#3979,.T.);
#2654=EDGE_CURVE('',#3220,#3222,#3980,.T.);
#2655=EDGE_CURVE('',#3221,#3223,#3981,.T.);
#2656=EDGE_CURVE('',#3224,#3223,#3982,.T.);
#2657=EDGE_CURVE('',#3222,#3224,#3983,.T.);
#2658=EDGE_CURVE('',#3223,#3225,#3984,.T.);
#2659=EDGE_CURVE('',#3226,#3225,#3985,.T.);
#2660=EDGE_CURVE('',#3224,#3226,#3986,.T.);
#2661=EDGE_CURVE('',#3227,#3225,#112,.T.);
#2662=EDGE_CURVE('',#3228,#3227,#3987,.T.);
#2663=EDGE_CURVE('',#3228,#3226,#113,.T.);
#2664=EDGE_CURVE('',#3227,#3229,#3988,.T.);
#2665=EDGE_CURVE('',#3230,#3229,#3989,.T.);
#2666=EDGE_CURVE('',#3228,#3230,#3990,.T.);
#2667=EDGE_CURVE('',#3231,#3229,#114,.T.);
#2668=EDGE_CURVE('',#3232,#3231,#3991,.T.);
#2669=EDGE_CURVE('',#3232,#3230,#115,.T.);
#2670=EDGE_CURVE('',#3231,#3233,#3992,.T.);
#2671=EDGE_CURVE('',#3234,#3233,#3993,.T.);
#2672=EDGE_CURVE('',#3232,#3234,#3994,.T.);
#2673=EDGE_CURVE('',#3233,#3175,#3995,.T.);
#2674=EDGE_CURVE('',#3234,#3178,#3996,.T.);
#2675=VERTEX_POINT('',#7808);
#2676=VERTEX_POINT('',#7809);
#2677=VERTEX_POINT('',#7811);
#2678=VERTEX_POINT('',#7813);
#2679=VERTEX_POINT('',#7817);
#2680=VERTEX_POINT('',#7818);
#2681=VERTEX_POINT('',#7820);
#2682=VERTEX_POINT('',#7822);
#2683=VERTEX_POINT('',#7826);
#2684=VERTEX_POINT('',#7827);
#2685=VERTEX_POINT('',#7835);
#2686=VERTEX_POINT('',#7836);
#2687=VERTEX_POINT('',#7838);
#2688=VERTEX_POINT('',#7840);
#2689=VERTEX_POINT('',#7842);
#2690=VERTEX_POINT('',#7844);
#2691=VERTEX_POINT('',#7848);
#2692=VERTEX_POINT('',#7849);
#2693=VERTEX_POINT('',#7851);
#2694=VERTEX_POINT('',#7853);
#2695=VERTEX_POINT('',#7855);
#2696=VERTEX_POINT('',#7857);
#2697=VERTEX_POINT('',#7861);
#2698=VERTEX_POINT('',#7862);
#2699=VERTEX_POINT('',#7864);
#2700=VERTEX_POINT('',#7866);
#2701=VERTEX_POINT('',#7868);
#2702=VERTEX_POINT('',#7870);
#2703=VERTEX_POINT('',#7874);
#2704=VERTEX_POINT('',#7875);
#2705=VERTEX_POINT('',#7877);
#2706=VERTEX_POINT('',#7879);
#2707=VERTEX_POINT('',#7881);
#2708=VERTEX_POINT('',#7883);
#2709=VERTEX_POINT('',#7887);
#2710=VERTEX_POINT('',#7888);
#2711=VERTEX_POINT('',#7890);
#2712=VERTEX_POINT('',#7892);
#2713=VERTEX_POINT('',#7894);
#2714=VERTEX_POINT('',#7896);
#2715=VERTEX_POINT('',#7900);
#2716=VERTEX_POINT('',#7901);
#2717=VERTEX_POINT('',#7903);
#2718=VERTEX_POINT('',#7905);
#2719=VERTEX_POINT('',#7907);
#2720=VERTEX_POINT('',#7909);
#2721=VERTEX_POINT('',#7913);
#2722=VERTEX_POINT('',#7914);
#2723=VERTEX_POINT('',#7916);
#2724=VERTEX_POINT('',#7918);
#2725=VERTEX_POINT('',#7922);
#2726=VERTEX_POINT('',#7923);
#2727=VERTEX_POINT('',#7925);
#2728=VERTEX_POINT('',#7927);
#2729=VERTEX_POINT('',#7931);
#2730=VERTEX_POINT('',#7932);
#2731=VERTEX_POINT('',#7934);
#2732=VERTEX_POINT('',#7936);
#2733=VERTEX_POINT('',#7938);
#2734=VERTEX_POINT('',#7940);
#2735=VERTEX_POINT('',#7942);
#2736=VERTEX_POINT('',#7944);
#2737=VERTEX_POINT('',#7946);
#2738=VERTEX_POINT('',#7948);
#2739=VERTEX_POINT('',#7950);
#2740=VERTEX_POINT('',#7952);
#2741=VERTEX_POINT('',#7954);
#2742=VERTEX_POINT('',#7956);
#2743=VERTEX_POINT('',#7958);
#2744=VERTEX_POINT('',#7961);
#2745=VERTEX_POINT('',#7963);
#2746=VERTEX_POINT('',#7966);
#2747=VERTEX_POINT('',#7968);
#2748=VERTEX_POINT('',#7970);
#2749=VERTEX_POINT('',#7972);
#2750=VERTEX_POINT('',#7974);
#2751=VERTEX_POINT('',#7976);
#2752=VERTEX_POINT('',#7978);
#2753=VERTEX_POINT('',#7980);
#2754=VERTEX_POINT('',#7982);
#2755=VERTEX_POINT('',#7984);
#2756=VERTEX_POINT('',#7986);
#2757=VERTEX_POINT('',#7990);
#2758=VERTEX_POINT('',#7991);
#2759=VERTEX_POINT('',#7993);
#2760=VERTEX_POINT('',#7995);
#2761=VERTEX_POINT('',#7999);
#2762=VERTEX_POINT('',#8000);
#2763=VERTEX_POINT('',#8003);
#2764=VERTEX_POINT('',#8005);
#2765=VERTEX_POINT('',#8007);
#2766=VERTEX_POINT('',#8009);
#2767=VERTEX_POINT('',#8011);
#2768=VERTEX_POINT('',#8013);
#2769=VERTEX_POINT('',#8015);
#2770=VERTEX_POINT('',#8017);
#2771=VERTEX_POINT('',#8019);
#2772=VERTEX_POINT('',#8021);
#2773=VERTEX_POINT('',#8023);
#2774=VERTEX_POINT('',#8025);
#2775=VERTEX_POINT('',#8029);
#2776=VERTEX_POINT('',#8030);
#2777=VERTEX_POINT('',#8032);
#2778=VERTEX_POINT('',#8034);
#2779=VERTEX_POINT('',#8036);
#2780=VERTEX_POINT('',#8038);
#2781=VERTEX_POINT('',#8040);
#2782=VERTEX_POINT('',#8042);
#2783=VERTEX_POINT('',#8044);
#2784=VERTEX_POINT('',#8046);
#2785=VERTEX_POINT('',#8048);
#2786=VERTEX_POINT('',#8050);
#2787=VERTEX_POINT('',#8052);
#2788=VERTEX_POINT('',#8054);
#2789=VERTEX_POINT('',#8056);
#2790=VERTEX_POINT('',#8058);
#2791=VERTEX_POINT('',#8062);
#2792=VERTEX_POINT('',#8063);
#2793=VERTEX_POINT('',#8065);
#2794=VERTEX_POINT('',#8067);
#2795=VERTEX_POINT('',#8069);
#2796=VERTEX_POINT('',#8071);
#2797=VERTEX_POINT('',#8073);
#2798=VERTEX_POINT('',#8075);
#2799=VERTEX_POINT('',#8077);
#2800=VERTEX_POINT('',#8079);
#2801=VERTEX_POINT('',#8081);
#2802=VERTEX_POINT('',#8083);
#2803=VERTEX_POINT('',#8085);
#2804=VERTEX_POINT('',#8087);
#2805=VERTEX_POINT('',#8089);
#2806=VERTEX_POINT('',#8091);
#2807=VERTEX_POINT('',#8095);
#2808=VERTEX_POINT('',#8096);
#2809=VERTEX_POINT('',#8098);
#2810=VERTEX_POINT('',#8101);
#2811=VERTEX_POINT('',#8103);
#2812=VERTEX_POINT('',#8105);
#2813=VERTEX_POINT('',#8107);
#2814=VERTEX_POINT('',#8109);
#2815=VERTEX_POINT('',#8111);
#2816=VERTEX_POINT('',#8113);
#2817=VERTEX_POINT('',#8115);
#2818=VERTEX_POINT('',#8117);
#2819=VERTEX_POINT('',#8119);
#2820=VERTEX_POINT('',#8121);
#2821=VERTEX_POINT('',#8128);
#2822=VERTEX_POINT('',#8129);
#2823=VERTEX_POINT('',#8133);
#2824=VERTEX_POINT('',#8135);
#2825=VERTEX_POINT('',#8137);
#2826=VERTEX_POINT('',#8139);
#2827=VERTEX_POINT('',#8141);
#2828=VERTEX_POINT('',#8143);
#2829=VERTEX_POINT('',#8147);
#2830=VERTEX_POINT('',#8149);
#2831=VERTEX_POINT('',#8151);
#2832=VERTEX_POINT('',#8153);
#2833=VERTEX_POINT('',#8156);
#2834=VERTEX_POINT('',#8158);
#2835=VERTEX_POINT('',#8176);
#2836=VERTEX_POINT('',#8177);
#2837=VERTEX_POINT('',#8179);
#2838=VERTEX_POINT('',#8181);
#2839=VERTEX_POINT('',#8184);
#2840=VERTEX_POINT('',#8186);
#2841=VERTEX_POINT('',#8188);
#2842=VERTEX_POINT('',#8190);
#2843=VERTEX_POINT('',#8193);
#2844=VERTEX_POINT('',#8195);
#2845=VERTEX_POINT('',#8197);
#2846=VERTEX_POINT('',#8199);
#2847=VERTEX_POINT('',#8202);
#2848=VERTEX_POINT('',#8204);
#2849=VERTEX_POINT('',#8207);
#2850=VERTEX_POINT('',#8208);
#2851=VERTEX_POINT('',#8210);
#2852=VERTEX_POINT('',#8212);
#2853=VERTEX_POINT('',#8215);
#2854=VERTEX_POINT('',#8216);
#2855=VERTEX_POINT('',#8218);
#2856=VERTEX_POINT('',#8220);
#2857=VERTEX_POINT('',#8224);
#2858=VERTEX_POINT('',#8226);
#2859=VERTEX_POINT('',#8233);
#2860=VERTEX_POINT('',#8235);
#2861=VERTEX_POINT('',#8262);
#2862=VERTEX_POINT('',#8267);
#2863=VERTEX_POINT('',#8271);
#2864=VERTEX_POINT('',#8272);
#2865=VERTEX_POINT('',#8274);
#2866=VERTEX_POINT('',#8276);
#2867=VERTEX_POINT('',#8279);
#2868=VERTEX_POINT('',#8280);
#2869=VERTEX_POINT('',#8282);
#2870=VERTEX_POINT('',#8284);
#2871=VERTEX_POINT('',#8286);
#2872=VERTEX_POINT('',#8288);
#2873=VERTEX_POINT('',#8290);
#2874=VERTEX_POINT('',#8292);
#2875=VERTEX_POINT('',#8296);
#2876=VERTEX_POINT('',#8298);
#2877=VERTEX_POINT('',#8301);
#2878=VERTEX_POINT('',#8303);
#2879=VERTEX_POINT('',#8305);
#2880=VERTEX_POINT('',#8307);
#2881=VERTEX_POINT('',#8309);
#2882=VERTEX_POINT('',#8313);
#2883=VERTEX_POINT('',#8316);
#2884=VERTEX_POINT('',#8318);
#2885=VERTEX_POINT('',#8321);
#2886=VERTEX_POINT('',#8323);
#2887=VERTEX_POINT('',#8327);
#2888=VERTEX_POINT('',#8328);
#2889=VERTEX_POINT('',#8333);
#2890=VERTEX_POINT('',#8335);
#2891=VERTEX_POINT('',#8339);
#2892=VERTEX_POINT('',#8340);
#2893=VERTEX_POINT('',#8345);
#2894=VERTEX_POINT('',#8347);
#2895=VERTEX_POINT('',#8357);
#2896=VERTEX_POINT('',#8358);
#2897=VERTEX_POINT('',#8360);
#2898=VERTEX_POINT('',#8362);
#2899=VERTEX_POINT('',#8364);
#2900=VERTEX_POINT('',#8366);
#2901=VERTEX_POINT('',#8369);
#2902=VERTEX_POINT('',#8371);
#2903=VERTEX_POINT('',#8374);
#2904=VERTEX_POINT('',#8378);
#2905=VERTEX_POINT('',#8380);
#2906=VERTEX_POINT('',#8383);
#2907=VERTEX_POINT('',#8385);
#2908=VERTEX_POINT('',#8388);
#2909=VERTEX_POINT('',#8390);
#2910=VERTEX_POINT('',#8393);
#2911=VERTEX_POINT('',#8396);
#2912=VERTEX_POINT('',#8398);
#2913=VERTEX_POINT('',#8400);
#2914=VERTEX_POINT('',#8402);
#2915=VERTEX_POINT('',#8404);
#2916=VERTEX_POINT('',#8406);
#2917=VERTEX_POINT('',#8408);
#2918=VERTEX_POINT('',#8410);
#2919=VERTEX_POINT('',#8412);
#2920=VERTEX_POINT('',#8414);
#2921=VERTEX_POINT('',#8429);
#2922=VERTEX_POINT('',#8430);
#2923=VERTEX_POINT('',#8435);
#2924=VERTEX_POINT('',#8436);
#2925=VERTEX_POINT('',#8439);
#2926=VERTEX_POINT('',#8444);
#2927=VERTEX_POINT('',#8446);
#2928=VERTEX_POINT('',#8449);
#2929=VERTEX_POINT('',#8456);
#2930=VERTEX_POINT('',#8458);
#2931=VERTEX_POINT('',#8467);
#2932=VERTEX_POINT('',#8471);
#2933=VERTEX_POINT('',#8483);
#2934=VERTEX_POINT('',#8485);
#2935=VERTEX_POINT('',#8487);
#2936=VERTEX_POINT('',#8489);
#2937=VERTEX_POINT('',#8491);
#2938=VERTEX_POINT('',#8493);
#2939=VERTEX_POINT('',#8497);
#2940=VERTEX_POINT('',#8499);
#2941=VERTEX_POINT('',#8503);
#2942=VERTEX_POINT('',#8508);
#2943=VERTEX_POINT('',#8512);
#2944=VERTEX_POINT('',#8514);
#2945=VERTEX_POINT('',#8518);
#2946=VERTEX_POINT('',#8523);
#2947=VERTEX_POINT('',#8527);
#2948=VERTEX_POINT('',#8531);
#2949=VERTEX_POINT('',#8535);
#2950=VERTEX_POINT('',#8537);
#2951=VERTEX_POINT('',#8541);
#2952=VERTEX_POINT('',#8543);
#2953=VERTEX_POINT('',#8547);
#2954=VERTEX_POINT('',#8550);
#2955=VERTEX_POINT('',#8600);
#2956=VERTEX_POINT('',#8602);
#2957=VERTEX_POINT('',#8606);
#2958=VERTEX_POINT('',#8608);
#2959=VERTEX_POINT('',#8617);
#2960=VERTEX_POINT('',#8624);
#2961=VERTEX_POINT('',#8631);
#2962=VERTEX_POINT('',#8638);
#2963=VERTEX_POINT('',#8645);
#2964=VERTEX_POINT('',#8652);
#2965=VERTEX_POINT('',#8659);
#2966=VERTEX_POINT('',#8666);
#2967=VERTEX_POINT('',#8673);
#2968=VERTEX_POINT('',#8675);
#2969=VERTEX_POINT('',#8684);
#2970=VERTEX_POINT('',#8685);
#2971=VERTEX_POINT('',#8690);
#2972=VERTEX_POINT('',#8692);
#2973=VERTEX_POINT('',#8696);
#2974=VERTEX_POINT('',#8698);
#2975=VERTEX_POINT('',#8710);
#2976=VERTEX_POINT('',#8711);
#2977=VERTEX_POINT('',#8713);
#2978=VERTEX_POINT('',#8715);
#2979=VERTEX_POINT('',#8719);
#2980=VERTEX_POINT('',#8720);
#2981=VERTEX_POINT('',#8722);
#2982=VERTEX_POINT('',#8724);
#2983=VERTEX_POINT('',#8728);
#2984=VERTEX_POINT('',#8730);
#2985=VERTEX_POINT('',#8732);
#2986=VERTEX_POINT('',#8734);
#2987=VERTEX_POINT('',#8736);
#2988=VERTEX_POINT('',#8738);
#2989=VERTEX_POINT('',#8740);
#2990=VERTEX_POINT('',#8742);
#2991=VERTEX_POINT('',#8744);
#2992=VERTEX_POINT('',#8746);
#2993=VERTEX_POINT('',#8748);
#2994=VERTEX_POINT('',#8750);
#2995=VERTEX_POINT('',#8752);
#2996=VERTEX_POINT('',#8754);
#2997=VERTEX_POINT('',#8756);
#2998=VERTEX_POINT('',#8758);
#2999=VERTEX_POINT('',#8760);
#3000=VERTEX_POINT('',#8764);
#3001=VERTEX_POINT('',#8766);
#3002=VERTEX_POINT('',#8770);
#3003=VERTEX_POINT('',#8771);
#3004=VERTEX_POINT('',#8773);
#3005=VERTEX_POINT('',#8775);
#3006=VERTEX_POINT('',#8780);
#3007=VERTEX_POINT('',#8782);
#3008=VERTEX_POINT('',#8784);
#3009=VERTEX_POINT('',#8786);
#3010=VERTEX_POINT('',#8788);
#3011=VERTEX_POINT('',#8790);
#3012=VERTEX_POINT('',#8792);
#3013=VERTEX_POINT('',#8794);
#3014=VERTEX_POINT('',#8796);
#3015=VERTEX_POINT('',#8798);
#3016=VERTEX_POINT('',#8800);
#3017=VERTEX_POINT('',#8802);
#3018=VERTEX_POINT('',#8804);
#3019=VERTEX_POINT('',#8806);
#3020=VERTEX_POINT('',#8808);
#3021=VERTEX_POINT('',#8812);
#3022=VERTEX_POINT('',#8814);
#3023=VERTEX_POINT('',#8816);
#3024=VERTEX_POINT('',#8818);
#3025=VERTEX_POINT('',#8820);
#3026=VERTEX_POINT('',#8822);
#3027=VERTEX_POINT('',#8824);
#3028=VERTEX_POINT('',#8826);
#3029=VERTEX_POINT('',#8828);
#3030=VERTEX_POINT('',#8830);
#3031=VERTEX_POINT('',#8832);
#3032=VERTEX_POINT('',#8836);
#3033=VERTEX_POINT('',#8838);
#3034=VERTEX_POINT('',#8840);
#3035=VERTEX_POINT('',#8842);
#3036=VERTEX_POINT('',#8844);
#3037=VERTEX_POINT('',#8846);
#3038=VERTEX_POINT('',#8848);
#3039=VERTEX_POINT('',#8850);
#3040=VERTEX_POINT('',#8852);
#3041=VERTEX_POINT('',#8854);
#3042=VERTEX_POINT('',#8856);
#3043=VERTEX_POINT('',#8863);
#3044=VERTEX_POINT('',#8865);
#3045=VERTEX_POINT('',#8867);
#3046=VERTEX_POINT('',#8869);
#3047=VERTEX_POINT('',#8871);
#3048=VERTEX_POINT('',#8873);
#3049=VERTEX_POINT('',#8875);
#3050=VERTEX_POINT('',#8877);
#3051=VERTEX_POINT('',#8881);
#3052=VERTEX_POINT('',#8883);
#3053=VERTEX_POINT('',#8888);
#3054=VERTEX_POINT('',#8890);
#3055=VERTEX_POINT('',#8892);
#3056=VERTEX_POINT('',#8894);
#3057=VERTEX_POINT('',#8896);
#3058=VERTEX_POINT('',#8898);
#3059=VERTEX_POINT('',#8965);
#3060=VERTEX_POINT('',#8966);
#3061=VERTEX_POINT('',#8968);
#3062=VERTEX_POINT('',#8970);
#3063=VERTEX_POINT('',#8974);
#3064=VERTEX_POINT('',#8975);
#3065=VERTEX_POINT('',#8977);
#3066=VERTEX_POINT('',#8979);
#3067=VERTEX_POINT('',#8983);
#3068=VERTEX_POINT('',#8985);
#3069=VERTEX_POINT('',#8987);
#3070=VERTEX_POINT('',#8989);
#3071=VERTEX_POINT('',#8991);
#3072=VERTEX_POINT('',#8993);
#3073=VERTEX_POINT('',#8995);
#3074=VERTEX_POINT('',#8997);
#3075=VERTEX_POINT('',#8999);
#3076=VERTEX_POINT('',#9001);
#3077=VERTEX_POINT('',#9003);
#3078=VERTEX_POINT('',#9005);
#3079=VERTEX_POINT('',#9007);
#3080=VERTEX_POINT('',#9009);
#3081=VERTEX_POINT('',#9011);
#3082=VERTEX_POINT('',#9013);
#3083=VERTEX_POINT('',#9015);
#3084=VERTEX_POINT('',#9017);
#3085=VERTEX_POINT('',#9019);
#3086=VERTEX_POINT('',#9021);
#3087=VERTEX_POINT('',#9023);
#3088=VERTEX_POINT('',#9025);
#3089=VERTEX_POINT('',#9027);
#3090=VERTEX_POINT('',#9029);
#3091=VERTEX_POINT('',#9031);
#3092=VERTEX_POINT('',#9035);
#3093=VERTEX_POINT('',#9037);
#3094=VERTEX_POINT('',#9041);
#3095=VERTEX_POINT('',#9042);
#3096=VERTEX_POINT('',#9044);
#3097=VERTEX_POINT('',#9046);
#3098=VERTEX_POINT('',#9051);
#3099=VERTEX_POINT('',#9053);
#3100=VERTEX_POINT('',#9055);
#3101=VERTEX_POINT('',#9057);
#3102=VERTEX_POINT('',#9059);
#3103=VERTEX_POINT('',#9061);
#3104=VERTEX_POINT('',#9063);
#3105=VERTEX_POINT('',#9065);
#3106=VERTEX_POINT('',#9067);
#3107=VERTEX_POINT('',#9069);
#3108=VERTEX_POINT('',#9071);
#3109=VERTEX_POINT('',#9073);
#3110=VERTEX_POINT('',#9075);
#3111=VERTEX_POINT('',#9077);
#3112=VERTEX_POINT('',#9079);
#3113=VERTEX_POINT('',#9081);
#3114=VERTEX_POINT('',#9083);
#3115=VERTEX_POINT('',#9085);
#3116=VERTEX_POINT('',#9087);
#3117=VERTEX_POINT('',#9089);
#3118=VERTEX_POINT('',#9091);
#3119=VERTEX_POINT('',#9093);
#3120=VERTEX_POINT('',#9095);
#3121=VERTEX_POINT('',#9099);
#3122=VERTEX_POINT('',#9101);
#3123=VERTEX_POINT('',#9103);
#3124=VERTEX_POINT('',#9105);
#3125=VERTEX_POINT('',#9107);
#3126=VERTEX_POINT('',#9109);
#3127=VERTEX_POINT('',#9111);
#3128=VERTEX_POINT('',#9113);
#3129=VERTEX_POINT('',#9115);
#3130=VERTEX_POINT('',#9117);
#3131=VERTEX_POINT('',#9119);
#3132=VERTEX_POINT('',#9121);
#3133=VERTEX_POINT('',#9125);
#3134=VERTEX_POINT('',#9127);
#3135=VERTEX_POINT('',#9129);
#3136=VERTEX_POINT('',#9131);
#3137=VERTEX_POINT('',#9133);
#3138=VERTEX_POINT('',#9135);
#3139=VERTEX_POINT('',#9137);
#3140=VERTEX_POINT('',#9139);
#3141=VERTEX_POINT('',#9141);
#3142=VERTEX_POINT('',#9143);
#3143=VERTEX_POINT('',#9145);
#3144=VERTEX_POINT('',#9147);
#3145=VERTEX_POINT('',#9154);
#3146=VERTEX_POINT('',#9156);
#3147=VERTEX_POINT('',#9158);
#3148=VERTEX_POINT('',#9160);
#3149=VERTEX_POINT('',#9162);
#3150=VERTEX_POINT('',#9164);
#3151=VERTEX_POINT('',#9166);
#3152=VERTEX_POINT('',#9168);
#3153=VERTEX_POINT('',#9170);
#3154=VERTEX_POINT('',#9172);
#3155=VERTEX_POINT('',#9174);
#3156=VERTEX_POINT('',#9176);
#3157=VERTEX_POINT('',#9178);
#3158=VERTEX_POINT('',#9180);
#3159=VERTEX_POINT('',#9182);
#3160=VERTEX_POINT('',#9186);
#3161=VERTEX_POINT('',#9188);
#3162=VERTEX_POINT('',#9193);
#3163=VERTEX_POINT('',#9195);
#3164=VERTEX_POINT('',#9197);
#3165=VERTEX_POINT('',#9199);
#3166=VERTEX_POINT('',#9201);
#3167=VERTEX_POINT('',#9203);
#3168=VERTEX_POINT('',#9205);
#3169=VERTEX_POINT('',#9207);
#3170=VERTEX_POINT('',#9209);
#3171=VERTEX_POINT('',#9211);
#3172=VERTEX_POINT('',#9213);
#3173=VERTEX_POINT('',#9215);
#3174=VERTEX_POINT('',#9217);
#3175=VERTEX_POINT('',#9316);
#3176=VERTEX_POINT('',#9317);
#3177=VERTEX_POINT('',#9319);
#3178=VERTEX_POINT('',#9321);
#3179=VERTEX_POINT('',#9325);
#3180=VERTEX_POINT('',#9327);
#3181=VERTEX_POINT('',#9331);
#3182=VERTEX_POINT('',#9333);
#3183=VERTEX_POINT('',#9337);
#3184=VERTEX_POINT('',#9339);
#3185=VERTEX_POINT('',#9343);
#3186=VERTEX_POINT('',#9345);
#3187=VERTEX_POINT('',#9349);
#3188=VERTEX_POINT('',#9351);
#3189=VERTEX_POINT('',#9355);
#3190=VERTEX_POINT('',#9357);
#3191=VERTEX_POINT('',#9361);
#3192=VERTEX_POINT('',#9363);
#3193=VERTEX_POINT('',#9367);
#3194=VERTEX_POINT('',#9369);
#3195=VERTEX_POINT('',#9373);
#3196=VERTEX_POINT('',#9375);
#3197=VERTEX_POINT('',#9379);
#3198=VERTEX_POINT('',#9381);
#3199=VERTEX_POINT('',#9385);
#3200=VERTEX_POINT('',#9387);
#3201=VERTEX_POINT('',#9391);
#3202=VERTEX_POINT('',#9393);
#3203=VERTEX_POINT('',#9397);
#3204=VERTEX_POINT('',#9399);
#3205=VERTEX_POINT('',#9403);
#3206=VERTEX_POINT('',#9405);
#3207=VERTEX_POINT('',#9409);
#3208=VERTEX_POINT('',#9411);
#3209=VERTEX_POINT('',#9415);
#3210=VERTEX_POINT('',#9417);
#3211=VERTEX_POINT('',#9421);
#3212=VERTEX_POINT('',#9423);
#3213=VERTEX_POINT('',#9427);
#3214=VERTEX_POINT('',#9429);
#3215=VERTEX_POINT('',#9433);
#3216=VERTEX_POINT('',#9435);
#3217=VERTEX_POINT('',#9439);
#3218=VERTEX_POINT('',#9441);
#3219=VERTEX_POINT('',#9445);
#3220=VERTEX_POINT('',#9447);
#3221=VERTEX_POINT('',#9451);
#3222=VERTEX_POINT('',#9453);
#3223=VERTEX_POINT('',#9457);
#3224=VERTEX_POINT('',#9459);
#3225=VERTEX_POINT('',#9463);
#3226=VERTEX_POINT('',#9465);
#3227=VERTEX_POINT('',#9469);
#3228=VERTEX_POINT('',#9471);
#3229=VERTEX_POINT('',#9475);
#3230=VERTEX_POINT('',#9477);
#3231=VERTEX_POINT('',#9481);
#3232=VERTEX_POINT('',#9483);
#3233=VERTEX_POINT('',#9487);
#3234=VERTEX_POINT('',#9489);
#3235=LINE('',#7807,#3997);
#3236=LINE('',#7810,#3998);
#3237=LINE('',#7812,#3999);
#3238=LINE('',#7814,#4000);
#3239=LINE('',#7816,#4001);
#3240=LINE('',#7819,#4002);
#3241=LINE('',#7821,#4003);
#3242=LINE('',#7823,#4004);
#3243=LINE('',#7825,#4005);
#3244=LINE('',#7828,#4006);
#3245=LINE('',#7829,#4007);
#3246=LINE('',#7834,#4008);
#3247=LINE('',#7837,#4009);
#3248=LINE('',#7839,#4010);
#3249=LINE('',#7841,#4011);
#3250=LINE('',#7843,#4012);
#3251=LINE('',#7845,#4013);
#3252=LINE('',#7847,#4014);
#3253=LINE('',#7850,#4015);
#3254=LINE('',#7852,#4016);
#3255=LINE('',#7854,#4017);
#3256=LINE('',#7856,#4018);
#3257=LINE('',#7858,#4019);
#3258=LINE('',#7860,#4020);
#3259=LINE('',#7863,#4021);
#3260=LINE('',#7865,#4022);
#3261=LINE('',#7867,#4023);
#3262=LINE('',#7869,#4024);
#3263=LINE('',#7871,#4025);
#3264=LINE('',#7873,#4026);
#3265=LINE('',#7876,#4027);
#3266=LINE('',#7878,#4028);
#3267=LINE('',#7880,#4029);
#3268=LINE('',#7882,#4030);
#3269=LINE('',#7884,#4031);
#3270=LINE('',#7886,#4032);
#3271=LINE('',#7889,#4033);
#3272=LINE('',#7891,#4034);
#3273=LINE('',#7893,#4035);
#3274=LINE('',#7895,#4036);
#3275=LINE('',#7897,#4037);
#3276=LINE('',#7899,#4038);
#3277=LINE('',#7902,#4039);
#3278=LINE('',#7904,#4040);
#3279=LINE('',#7906,#4041);
#3280=LINE('',#7908,#4042);
#3281=LINE('',#7910,#4043);
#3282=LINE('',#7912,#4044);
#3283=LINE('',#7915,#4045);
#3284=LINE('',#7917,#4046);
#3285=LINE('',#7919,#4047);
#3286=LINE('',#7921,#4048);
#3287=LINE('',#7924,#4049);
#3288=LINE('',#7926,#4050);
#3289=LINE('',#7928,#4051);
#3290=LINE('',#7930,#4052);
#3291=LINE('',#7933,#4053);
#3292=LINE('',#7935,#4054);
#3293=LINE('',#7937,#4055);
#3294=LINE('',#7939,#4056);
#3295=LINE('',#7941,#4057);
#3296=LINE('',#7943,#4058);
#3297=LINE('',#7945,#4059);
#3298=LINE('',#7947,#4060);
#3299=LINE('',#7949,#4061);
#3300=LINE('',#7951,#4062);
#3301=LINE('',#7953,#4063);
#3302=LINE('',#7955,#4064);
#3303=LINE('',#7957,#4065);
#3304=LINE('',#7959,#4066);
#3305=LINE('',#7960,#4067);
#3306=LINE('',#7962,#4068);
#3307=LINE('',#7964,#4069);
#3308=LINE('',#7965,#4070);
#3309=LINE('',#7967,#4071);
#3310=LINE('',#7969,#4072);
#3311=LINE('',#7971,#4073);
#3312=LINE('',#7973,#4074);
#3313=LINE('',#7975,#4075);
#3314=LINE('',#7977,#4076);
#3315=LINE('',#7979,#4077);
#3316=LINE('',#7981,#4078);
#3317=LINE('',#7983,#4079);
#3318=LINE('',#7985,#4080);
#3319=LINE('',#7987,#4081);
#3320=LINE('',#7989,#4082);
#3321=LINE('',#7992,#4083);
#3322=LINE('',#7994,#4084);
#3323=LINE('',#7996,#4085);
#3324=LINE('',#7998,#4086);
#3325=LINE('',#8001,#4087);
#3326=LINE('',#8002,#4088);
#3327=LINE('',#8004,#4089);
#3328=LINE('',#8006,#4090);
#3329=LINE('',#8008,#4091);
#3330=LINE('',#8010,#4092);
#3331=LINE('',#8012,#4093);
#3332=LINE('',#8014,#4094);
#3333=LINE('',#8016,#4095);
#3334=LINE('',#8018,#4096);
#3335=LINE('',#8020,#4097);
#3336=LINE('',#8022,#4098);
#3337=LINE('',#8024,#4099);
#3338=LINE('',#8026,#4100);
#3339=LINE('',#8028,#4101);
#3340=LINE('',#8031,#4102);
#3341=LINE('',#8033,#4103);
#3342=LINE('',#8035,#4104);
#3343=LINE('',#8037,#4105);
#3344=LINE('',#8039,#4106);
#3345=LINE('',#8041,#4107);
#3346=LINE('',#8043,#4108);
#3347=LINE('',#8045,#4109);
#3348=LINE('',#8047,#4110);
#3349=LINE('',#8049,#4111);
#3350=LINE('',#8051,#4112);
#3351=LINE('',#8053,#4113);
#3352=LINE('',#8055,#4114);
#3353=LINE('',#8057,#4115);
#3354=LINE('',#8059,#4116);
#3355=LINE('',#8061,#4117);
#3356=LINE('',#8064,#4118);
#3357=LINE('',#8066,#4119);
#3358=LINE('',#8068,#4120);
#3359=LINE('',#8070,#4121);
#3360=LINE('',#8072,#4122);
#3361=LINE('',#8074,#4123);
#3362=LINE('',#8076,#4124);
#3363=LINE('',#8078,#4125);
#3364=LINE('',#8080,#4126);
#3365=LINE('',#8082,#4127);
#3366=LINE('',#8084,#4128);
#3367=LINE('',#8086,#4129);
#3368=LINE('',#8088,#4130);
#3369=LINE('',#8090,#4131);
#3370=LINE('',#8092,#4132);
#3371=LINE('',#8094,#4133);
#3372=LINE('',#8097,#4134);
#3373=LINE('',#8099,#4135);
#3374=LINE('',#8100,#4136);
#3375=LINE('',#8102,#4137);
#3376=LINE('',#8104,#4138);
#3377=LINE('',#8106,#4139);
#3378=LINE('',#8108,#4140);
#3379=LINE('',#8110,#4141);
#3380=LINE('',#8112,#4142);
#3381=LINE('',#8114,#4143);
#3382=LINE('',#8116,#4144);
#3383=LINE('',#8118,#4145);
#3384=LINE('',#8120,#4146);
#3385=LINE('',#8122,#4147);
#3386=LINE('',#8124,#4148);
#3387=LINE('',#8125,#4149);
#3388=LINE('',#8127,#4150);
#3389=LINE('',#8130,#4151);
#3390=LINE('',#8131,#4152);
#3391=LINE('',#8132,#4153);
#3392=LINE('',#8134,#4154);
#3393=LINE('',#8136,#4155);
#3394=LINE('',#8138,#4156);
#3395=LINE('',#8140,#4157);
#3396=LINE('',#8142,#4158);
#3397=LINE('',#8144,#4159);
#3398=LINE('',#8145,#4160);
#3399=LINE('',#8146,#4161);
#3400=LINE('',#8148,#4162);
#3401=LINE('',#8150,#4163);
#3402=LINE('',#8152,#4164);
#3403=LINE('',#8154,#4165);
#3404=LINE('',#8155,#4166);
#3405=LINE('',#8157,#4167);
#3406=LINE('',#8159,#4168);
#3407=LINE('',#8161,#4169);
#3408=LINE('',#8162,#4170);
#3409=LINE('',#8164,#4171);
#3410=LINE('',#8165,#4172);
#3411=LINE('',#8167,#4173);
#3412=LINE('',#8168,#4174);
#3413=LINE('',#8170,#4175);
#3414=LINE('',#8171,#4176);
#3415=LINE('',#8173,#4177);
#3416=LINE('',#8174,#4178);
#3417=LINE('',#8175,#4179);
#3418=LINE('',#8178,#4180);
#3419=LINE('',#8180,#4181);
#3420=LINE('',#8182,#4182);
#3421=LINE('',#8183,#4183);
#3422=LINE('',#8185,#4184);
#3423=LINE('',#8187,#4185);
#3424=LINE('',#8189,#4186);
#3425=LINE('',#8191,#4187);
#3426=LINE('',#8192,#4188);
#3427=LINE('',#8194,#4189);
#3428=LINE('',#8196,#4190);
#3429=LINE('',#8198,#4191);
#3430=LINE('',#8200,#4192);
#3431=LINE('',#8201,#4193);
#3432=LINE('',#8203,#4194);
#3433=LINE('',#8205,#4195);
#3434=LINE('',#8206,#4196);
#3435=LINE('',#8209,#4197);
#3436=LINE('',#8211,#4198);
#3437=LINE('',#8213,#4199);
#3438=LINE('',#8214,#4200);
#3439=LINE('',#8217,#4201);
#3440=LINE('',#8219,#4202);
#3441=LINE('',#8221,#4203);
#3442=LINE('',#8223,#4204);
#3443=LINE('',#8225,#4205);
#3444=LINE('',#8227,#4206);
#3445=LINE('',#8229,#4207);
#3446=LINE('',#8230,#4208);
#3447=LINE('',#8232,#4209);
#3448=LINE('',#8234,#4210);
#3449=LINE('',#8236,#4211);
#3450=LINE('',#8238,#4212);
#3451=LINE('',#8239,#4213);
#3452=LINE('',#8241,#4214);
#3453=LINE('',#8242,#4215);
#3454=LINE('',#8244,#4216);
#3455=LINE('',#8245,#4217);
#3456=LINE('',#8247,#4218);
#3457=LINE('',#8248,#4219);
#3458=LINE('',#8250,#4220);
#3459=LINE('',#8251,#4221);
#3460=LINE('',#8253,#4222);
#3461=LINE('',#8254,#4223);
#3462=LINE('',#8256,#4224);
#3463=LINE('',#8257,#4225);
#3464=LINE('',#8258,#4226);
#3465=LINE('',#8260,#4227);
#3466=LINE('',#8261,#4228);
#3467=LINE('',#8263,#4229);
#3468=LINE('',#8265,#4230);
#3469=LINE('',#8266,#4231);
#3470=LINE('',#8268,#4232);
#3471=LINE('',#8270,#4233);
#3472=LINE('',#8273,#4234);
#3473=LINE('',#8275,#4235);
#3474=LINE('',#8277,#4236);
#3475=LINE('',#8278,#4237);
#3476=LINE('',#8281,#4238);
#3477=LINE('',#8283,#4239);
#3478=LINE('',#8285,#4240);
#3479=LINE('',#8287,#4241);
#3480=LINE('',#8289,#4242);
#3481=LINE('',#8291,#4243);
#3482=LINE('',#8293,#4244);
#3483=LINE('',#8295,#4245);
#3484=LINE('',#8297,#4246);
#3485=LINE('',#8299,#4247);
#3486=LINE('',#8300,#4248);
#3487=LINE('',#8302,#4249);
#3488=LINE('',#8304,#4250);
#3489=LINE('',#8306,#4251);
#3490=LINE('',#8308,#4252);
#3491=LINE('',#8310,#4253);
#3492=LINE('',#8312,#4254);
#3493=LINE('',#8314,#4255);
#3494=LINE('',#8315,#4256);
#3495=LINE('',#8317,#4257);
#3496=LINE('',#8319,#4258);
#3497=LINE('',#8320,#4259);
#3498=LINE('',#8322,#4260);
#3499=LINE('',#8324,#4261);
#3500=LINE('',#8326,#4262);
#3501=LINE('',#8329,#4263);
#3502=LINE('',#8330,#4264);
#3503=LINE('',#8332,#4265);
#3504=LINE('',#8334,#4266);
#3505=LINE('',#8336,#4267);
#3506=LINE('',#8338,#4268);
#3507=LINE('',#8341,#4269);
#3508=LINE('',#8342,#4270);
#3509=LINE('',#8344,#4271);
#3510=LINE('',#8346,#4272);
#3511=LINE('',#8348,#4273);
#3512=LINE('',#8350,#4274);
#3513=LINE('',#8351,#4275);
#3514=LINE('',#8353,#4276);
#3515=LINE('',#8354,#4277);
#3516=LINE('',#8356,#4278);
#3517=LINE('',#8359,#4279);
#3518=LINE('',#8361,#4280);
#3519=LINE('',#8363,#4281);
#3520=LINE('',#8365,#4282);
#3521=LINE('',#8367,#4283);
#3522=LINE('',#8368,#4284);
#3523=LINE('',#8370,#4285);
#3524=LINE('',#8372,#4286);
#3525=LINE('',#8373,#4287);
#3526=LINE('',#8375,#4288);
#3527=LINE('',#8377,#4289);
#3528=LINE('',#8379,#4290);
#3529=LINE('',#8381,#4291);
#3530=LINE('',#8382,#4292);
#3531=LINE('',#8384,#4293);
#3532=LINE('',#8386,#4294);
#3533=LINE('',#8387,#4295);
#3534=LINE('',#8389,#4296);
#3535=LINE('',#8391,#4297);
#3536=LINE('',#8392,#4298);
#3537=LINE('',#8394,#4299);
#3538=LINE('',#8395,#4300);
#3539=LINE('',#8397,#4301);
#3540=LINE('',#8399,#4302);
#3541=LINE('',#8401,#4303);
#3542=LINE('',#8403,#4304);
#3543=LINE('',#8405,#4305);
#3544=LINE('',#8407,#4306);
#3545=LINE('',#8409,#4307);
#3546=LINE('',#8411,#4308);
#3547=LINE('',#8413,#4309);
#3548=LINE('',#8415,#4310);
#3549=LINE('',#8417,#4311);
#3550=LINE('',#8418,#4312);
#3551=LINE('',#8419,#4313);
#3552=LINE('',#8420,#4314);
#3553=LINE('',#8422,#4315);
#3554=LINE('',#8423,#4316);
#3555=LINE('',#8425,#4317);
#3556=LINE('',#8426,#4318);
#3557=LINE('',#8428,#4319);
#3558=LINE('',#8431,#4320);
#3559=LINE('',#8432,#4321);
#3560=LINE('',#8434,#4322);
#3561=LINE('',#8437,#4323);
#3562=LINE('',#8438,#4324);
#3563=LINE('',#8440,#4325);
#3564=LINE('',#8441,#4326);
#3565=LINE('',#8443,#4327);
#3566=LINE('',#8445,#4328);
#3567=LINE('',#8447,#4329);
#3568=LINE('',#8448,#4330);
#3569=LINE('',#8450,#4331);
#3570=LINE('',#8452,#4332);
#3571=LINE('',#8455,#4333);
#3572=LINE('',#8457,#4334);
#3573=LINE('',#8459,#4335);
#3574=LINE('',#8461,#4336);
#3575=LINE('',#8463,#4337);
#3576=LINE('',#8466,#4338);
#3577=LINE('',#8468,#4339);
#3578=LINE('',#8470,#4340);
#3579=LINE('',#8472,#4341);
#3580=LINE('',#8474,#4342);
#3581=LINE('',#8477,#4343);
#3582=LINE('',#8479,#4344);
#3583=LINE('',#8482,#4345);
#3584=LINE('',#8484,#4346);
#3585=LINE('',#8486,#4347);
#3586=LINE('',#8488,#4348);
#3587=LINE('',#8490,#4349);
#3588=LINE('',#8492,#4350);
#3589=LINE('',#8494,#4351);
#3590=LINE('',#8496,#4352);
#3591=LINE('',#8498,#4353);
#3592=LINE('',#8500,#4354);
#3593=LINE('',#8502,#4355);
#3594=LINE('',#8504,#4356);
#3595=LINE('',#8505,#4357);
#3596=LINE('',#8507,#4358);
#3597=LINE('',#8509,#4359);
#3598=LINE('',#8511,#4360);
#3599=LINE('',#8513,#4361);
#3600=LINE('',#8515,#4362);
#3601=LINE('',#8517,#4363);
#3602=LINE('',#8519,#4364);
#3603=LINE('',#8520,#4365);
#3604=LINE('',#8522,#4366);
#3605=LINE('',#8524,#4367);
#3606=LINE('',#8526,#4368);
#3607=LINE('',#8528,#4369);
#3608=LINE('',#8530,#4370);
#3609=LINE('',#8532,#4371);
#3610=LINE('',#8534,#4372);
#3611=LINE('',#8536,#4373);
#3612=LINE('',#8538,#4374);
#3613=LINE('',#8540,#4375);
#3614=LINE('',#8542,#4376);
#3615=LINE('',#8544,#4377);
#3616=LINE('',#8546,#4378);
#3617=LINE('',#8548,#4379);
#3618=LINE('',#8549,#4380);
#3619=LINE('',#8551,#4381);
#3620=LINE('',#8558,#4382);
#3621=LINE('',#8567,#4383);
#3622=LINE('',#8569,#4384);
#3623=LINE('',#8571,#4385);
#3624=LINE('',#8574,#4386);
#3625=LINE('',#8576,#4387);
#3626=LINE('',#8578,#4388);
#3627=LINE('',#8581,#4389);
#3628=LINE('',#8582,#4390);
#3629=LINE('',#8584,#4391);
#3630=LINE('',#8586,#4392);
#3631=LINE('',#8590,#4393);
#3632=LINE('',#8591,#4394);
#3633=LINE('',#8594,#4395);
#3634=LINE('',#8596,#4396);
#3635=LINE('',#8599,#4397);
#3636=LINE('',#8601,#4398);
#3637=LINE('',#8603,#4399);
#3638=LINE('',#8605,#4400);
#3639=LINE('',#8607,#4401);
#3640=LINE('',#8609,#4402);
#3641=LINE('',#8611,#4403);
#3642=LINE('',#8612,#4404);
#3643=LINE('',#8616,#4405);
#3644=LINE('',#8618,#4406);
#3645=LINE('',#8620,#4407);
#3646=LINE('',#8623,#4408);
#3647=LINE('',#8625,#4409);
#3648=LINE('',#8627,#4410);
#3649=LINE('',#8630,#4411);
#3650=LINE('',#8632,#4412);
#3651=LINE('',#8634,#4413);
#3652=LINE('',#8637,#4414);
#3653=LINE('',#8639,#4415);
#3654=LINE('',#8641,#4416);
#3655=LINE('',#8644,#4417);
#3656=LINE('',#8646,#4418);
#3657=LINE('',#8648,#4419);
#3658=LINE('',#8651,#4420);
#3659=LINE('',#8653,#4421);
#3660=LINE('',#8655,#4422);
#3661=LINE('',#8658,#4423);
#3662=LINE('',#8660,#4424);
#3663=LINE('',#8662,#4425);
#3664=LINE('',#8665,#4426);
#3665=LINE('',#8667,#4427);
#3666=LINE('',#8669,#4428);
#3667=LINE('',#8672,#4429);
#3668=LINE('',#8674,#4430);
#3669=LINE('',#8676,#4431);
#3670=LINE('',#8678,#4432);
#3671=LINE('',#8680,#4433);
#3672=LINE('',#8683,#4434);
#3673=LINE('',#8686,#4435);
#3674=LINE('',#8687,#4436);
#3675=LINE('',#8689,#4437);
#3676=LINE('',#8691,#4438);
#3677=LINE('',#8693,#4439);
#3678=LINE('',#8695,#4440);
#3679=LINE('',#8697,#4441);
#3680=LINE('',#8699,#4442);
#3681=LINE('',#8709,#4443);
#3682=LINE('',#8712,#4444);
#3683=LINE('',#8714,#4445);
#3684=LINE('',#8716,#4446);
#3685=LINE('',#8718,#4447);
#3686=LINE('',#8721,#4448);
#3687=LINE('',#8723,#4449);
#3688=LINE('',#8725,#4450);
#3689=LINE('',#8727,#4451);
#3690=LINE('',#8729,#4452);
#3691=LINE('',#8731,#4453);
#3692=LINE('',#8735,#4454);
#3693=LINE('',#8739,#4455);
#3694=LINE('',#8741,#4456);
#3695=LINE('',#8743,#4457);
#3696=LINE('',#8747,#4458);
#3697=LINE('',#8751,#4459);
#3698=LINE('',#8753,#4460);
#3699=LINE('',#8755,#4461);
#3700=LINE('',#8759,#4462);
#3701=LINE('',#8761,#4463);
#3702=LINE('',#8763,#4464);
#3703=LINE('',#8765,#4465);
#3704=LINE('',#8767,#4466);
#3705=LINE('',#8769,#4467);
#3706=LINE('',#8772,#4468);
#3707=LINE('',#8774,#4469);
#3708=LINE('',#8776,#4470);
#3709=LINE('',#8778,#4471);
#3710=LINE('',#8779,#4472);
#3711=LINE('',#8783,#4473);
#3712=LINE('',#8785,#4474);
#3713=LINE('',#8787,#4475);
#3714=LINE('',#8791,#4476);
#3715=LINE('',#8795,#4477);
#3716=LINE('',#8797,#4478);
#3717=LINE('',#8799,#4479);
#3718=LINE('',#8803,#4480);
#3719=LINE('',#8807,#4481);
#3720=LINE('',#8809,#4482);
#3721=LINE('',#8811,#4483);
#3722=LINE('',#8813,#4484);
#3723=LINE('',#8815,#4485);
#3724=LINE('',#8817,#4486);
#3725=LINE('',#8821,#4487);
#3726=LINE('',#8825,#4488);
#3727=LINE('',#8827,#4489);
#3728=LINE('',#8829,#4490);
#3729=LINE('',#8833,#4491);
#3730=LINE('',#8835,#4492);
#3731=LINE('',#8837,#4493);
#3732=LINE('',#8841,#4494);
#3733=LINE('',#8843,#4495);
#3734=LINE('',#8845,#4496);
#3735=LINE('',#8849,#4497);
#3736=LINE('',#8853,#4498);
#3737=LINE('',#8855,#4499);
#3738=LINE('',#8857,#4500);
#3739=LINE('',#8859,#4501);
#3740=LINE('',#8860,#4502);
#3741=LINE('',#8862,#4503);
#3742=LINE('',#8864,#4504);
#3743=LINE('',#8866,#4505);
#3744=LINE('',#8868,#4506);
#3745=LINE('',#8872,#4507);
#3746=LINE('',#8876,#4508);
#3747=LINE('',#8878,#4509);
#3748=LINE('',#8880,#4510);
#3749=LINE('',#8882,#4511);
#3750=LINE('',#8884,#4512);
#3751=LINE('',#8886,#4513);
#3752=LINE('',#8887,#4514);
#3753=LINE('',#8889,#4515);
#3754=LINE('',#8893,#4516);
#3755=LINE('',#8897,#4517);
#3756=LINE('',#8899,#4518);
#3757=LINE('',#8901,#4519);
#3758=LINE('',#8902,#4520);
#3759=LINE('',#8905,#4521);
#3760=LINE('',#8907,#4522);
#3761=LINE('',#8909,#4523);
#3762=LINE('',#8911,#4524);
#3763=LINE('',#8913,#4525);
#3764=LINE('',#8915,#4526);
#3765=LINE('',#8917,#4527);
#3766=LINE('',#8918,#4528);
#3767=LINE('',#8920,#4529);
#3768=LINE('',#8922,#4530);
#3769=LINE('',#8924,#4531);
#3770=LINE('',#8926,#4532);
#3771=LINE('',#8928,#4533);
#3772=LINE('',#8931,#4534);
#3773=LINE('',#8932,#4535);
#3774=LINE('',#8935,#4536);
#3775=LINE('',#8937,#4537);
#3776=LINE('',#8939,#4538);
#3777=LINE('',#8941,#4539);
#3778=LINE('',#8943,#4540);
#3779=LINE('',#8945,#4541);
#3780=LINE('',#8947,#4542);
#3781=LINE('',#8949,#4543);
#3782=LINE('',#8951,#4544);
#3783=LINE('',#8953,#4545);
#3784=LINE('',#8955,#4546);
#3785=LINE('',#8957,#4547);
#3786=LINE('',#8959,#4548);
#3787=LINE('',#8964,#4549);
#3788=LINE('',#8967,#4550);
#3789=LINE('',#8969,#4551);
#3790=LINE('',#8971,#4552);
#3791=LINE('',#8973,#4553);
#3792=LINE('',#8976,#4554);
#3793=LINE('',#8978,#4555);
#3794=LINE('',#8980,#4556);
#3795=LINE('',#8982,#4557);
#3796=LINE('',#8984,#4558);
#3797=LINE('',#8986,#4559);
#3798=LINE('',#8990,#4560);
#3799=LINE('',#8992,#4561);
#3800=LINE('',#8994,#4562);
#3801=LINE('',#8996,#4563);
#3802=LINE('',#9002,#4564);
#3803=LINE('',#9006,#4565);
#3804=LINE('',#9010,#4566);
#3805=LINE('',#9016,#4567);
#3806=LINE('',#9018,#4568);
#3807=LINE('',#9020,#4569);
#3808=LINE('',#9024,#4570);
#3809=LINE('',#9028,#4571);
#3810=LINE('',#9030,#4572);
#3811=LINE('',#9032,#4573);
#3812=LINE('',#9034,#4574);
#3813=LINE('',#9036,#4575);
#3814=LINE('',#9038,#4576);
#3815=LINE('',#9040,#4577);
#3816=LINE('',#9043,#4578);
#3817=LINE('',#9045,#4579);
#3818=LINE('',#9047,#4580);
#3819=LINE('',#9049,#4581);
#3820=LINE('',#9050,#4582);
#3821=LINE('',#9052,#4583);
#3822=LINE('',#9054,#4584);
#3823=LINE('',#9058,#4585);
#3824=LINE('',#9062,#4586);
#3825=LINE('',#9064,#4587);
#3826=LINE('',#9066,#4588);
#3827=LINE('',#9072,#4589);
#3828=LINE('',#9076,#4590);
#3829=LINE('',#9080,#4591);
#3830=LINE('',#9086,#4592);
#3831=LINE('',#9088,#4593);
#3832=LINE('',#9090,#4594);
#3833=LINE('',#9092,#4595);
#3834=LINE('',#9096,#4596);
#3835=LINE('',#9098,#4597);
#3836=LINE('',#9100,#4598);
#3837=LINE('',#9104,#4599);
#3838=LINE('',#9106,#4600);
#3839=LINE('',#9108,#4601);
#3840=LINE('',#9110,#4602);
#3841=LINE('',#9116,#4603);
#3842=LINE('',#9120,#4604);
#3843=LINE('',#9122,#4605);
#3844=LINE('',#9124,#4606);
#3845=LINE('',#9126,#4607);
#3846=LINE('',#9128,#4608);
#3847=LINE('',#9132,#4609);
#3848=LINE('',#9138,#4610);
#3849=LINE('',#9140,#4611);
#3850=LINE('',#9142,#4612);
#3851=LINE('',#9144,#4613);
#3852=LINE('',#9148,#4614);
#3853=LINE('',#9150,#4615);
#3854=LINE('',#9151,#4616);
#3855=LINE('',#9153,#4617);
#3856=LINE('',#9155,#4618);
#3857=LINE('',#9157,#4619);
#3858=LINE('',#9159,#4620);
#3859=LINE('',#9163,#4621);
#3860=LINE('',#9167,#4622);
#3861=LINE('',#9169,#4623);
#3862=LINE('',#9171,#4624);
#3863=LINE('',#9177,#4625);
#3864=LINE('',#9181,#4626);
#3865=LINE('',#9183,#4627);
#3866=LINE('',#9185,#4628);
#3867=LINE('',#9187,#4629);
#3868=LINE('',#9189,#4630);
#3869=LINE('',#9191,#4631);
#3870=LINE('',#9192,#4632);
#3871=LINE('',#9196,#4633);
#3872=LINE('',#9202,#4634);
#3873=LINE('',#9204,#4635);
#3874=LINE('',#9206,#4636);
#3875=LINE('',#9210,#4637);
#3876=LINE('',#9214,#4638);
#3877=LINE('',#9216,#4639);
#3878=LINE('',#9218,#4640);
#3879=LINE('',#9220,#4641);
#3880=LINE('',#9222,#4642);
#3881=LINE('',#9224,#4643);
#3882=LINE('',#9226,#4644);
#3883=LINE('',#9228,#4645);
#3884=LINE('',#9230,#4646);
#3885=LINE('',#9232,#4647);
#3886=LINE('',#9234,#4648);
#3887=LINE('',#9236,#4649);
#3888=LINE('',#9238,#4650);
#3889=LINE('',#9240,#4651);
#3890=LINE('',#9241,#4652);
#3891=LINE('',#9243,#4653);
#3892=LINE('',#9245,#4654);
#3893=LINE('',#9247,#4655);
#3894=LINE('',#9249,#4656);
#3895=LINE('',#9251,#4657);
#3896=LINE('',#9253,#4658);
#3897=LINE('',#9255,#4659);
#3898=LINE('',#9257,#4660);
#3899=LINE('',#9259,#4661);
#3900=LINE('',#9261,#4662);
#3901=LINE('',#9263,#4663);
#3902=LINE('',#9266,#4664);
#3903=LINE('',#9268,#4665);
#3904=LINE('',#9270,#4666);
#3905=LINE('',#9272,#4667);
#3906=LINE('',#9274,#4668);
#3907=LINE('',#9276,#4669);
#3908=LINE('',#9278,#4670);
#3909=LINE('',#9280,#4671);
#3910=LINE('',#9282,#4672);
#3911=LINE('',#9284,#4673);
#3912=LINE('',#9286,#4674);
#3913=LINE('',#9288,#4675);
#3914=LINE('',#9290,#4676);
#3915=LINE('',#9292,#4677);
#3916=LINE('',#9294,#4678);
#3917=LINE('',#9296,#4679);
#3918=LINE('',#9298,#4680);
#3919=LINE('',#9300,#4681);
#3920=LINE('',#9302,#4682);
#3921=LINE('',#9304,#4683);
#3922=LINE('',#9306,#4684);
#3923=LINE('',#9308,#4685);
#3924=LINE('',#9310,#4686);
#3925=LINE('',#9315,#4687);
#3926=LINE('',#9318,#4688);
#3927=LINE('',#9320,#4689);
#3928=LINE('',#9322,#4690);
#3929=LINE('',#9324,#4691);
#3930=LINE('',#9326,#4692);
#3931=LINE('',#9328,#4693);
#3932=LINE('',#9330,#4694);
#3933=LINE('',#9332,#4695);
#3934=LINE('',#9334,#4696);
#3935=LINE('',#9336,#4697);
#3936=LINE('',#9338,#4698);
#3937=LINE('',#9340,#4699);
#3938=LINE('',#9344,#4700);
#3939=LINE('',#9348,#4701);
#3940=LINE('',#9350,#4702);
#3941=LINE('',#9352,#4703);
#3942=LINE('',#9356,#4704);
#3943=LINE('',#9360,#4705);
#3944=LINE('',#9362,#4706);
#3945=LINE('',#9364,#4707);
#3946=LINE('',#9368,#4708);
#3947=LINE('',#9372,#4709);
#3948=LINE('',#9374,#4710);
#3949=LINE('',#9376,#4711);
#3950=LINE('',#9378,#4712);
#3951=LINE('',#9380,#4713);
#3952=LINE('',#9382,#4714);
#3953=LINE('',#9384,#4715);
#3954=LINE('',#9386,#4716);
#3955=LINE('',#9388,#4717);
#3956=LINE('',#9392,#4718);
#3957=LINE('',#9396,#4719);
#3958=LINE('',#9398,#4720);
#3959=LINE('',#9400,#4721);
#3960=LINE('',#9404,#4722);
#3961=LINE('',#9408,#4723);
#3962=LINE('',#9410,#4724);
#3963=LINE('',#9412,#4725);
#3964=LINE('',#9416,#4726);
#3965=LINE('',#9420,#4727);
#3966=LINE('',#9422,#4728);
#3967=LINE('',#9424,#4729);
#3968=LINE('',#9428,#4730);
#3969=LINE('',#9432,#4731);
#3970=LINE('',#9434,#4732);
#3971=LINE('',#9436,#4733);
#3972=LINE('',#9438,#4734);
#3973=LINE('',#9440,#4735);
#3974=LINE('',#9442,#4736);
#3975=LINE('',#9444,#4737);
#3976=LINE('',#9446,#4738);
#3977=LINE('',#9448,#4739);
#3978=LINE('',#9450,#4740);
#3979=LINE('',#9452,#4741);
#3980=LINE('',#9454,#4742);
#3981=LINE('',#9456,#4743);
#3982=LINE('',#9458,#4744);
#3983=LINE('',#9460,#4745);
#3984=LINE('',#9462,#4746);
#3985=LINE('',#9464,#4747);
#3986=LINE('',#9466,#4748);
#3987=LINE('',#9470,#4749);
#3988=LINE('',#9474,#4750);
#3989=LINE('',#9476,#4751);
#3990=LINE('',#9478,#4752);
#3991=LINE('',#9482,#4753);
#3992=LINE('',#9486,#4754);
#3993=LINE('',#9488,#4755);
#3994=LINE('',#9490,#4756);
#3995=LINE('',#9492,#4757);
#3996=LINE('',#9493,#4758);
#3997=VECTOR('',#6305,1000.);
#3998=VECTOR('',#6306,1000.);
#3999=VECTOR('',#6307,1000.);
#4000=VECTOR('',#6308,1000.);
#4001=VECTOR('',#6311,1000.);
#4002=VECTOR('',#6312,1000.);
#4003=VECTOR('',#6313,1000.);
#4004=VECTOR('',#6314,1000.);
#4005=VECTOR('',#6317,1000.);
#4006=VECTOR('',#6318,1000.);
#4007=VECTOR('',#6319,1000.);
#4008=VECTOR('',#6328,1000.);
#4009=VECTOR('',#6329,1000.);
#4010=VECTOR('',#6330,1000.);
#4011=VECTOR('',#6331,1000.);
#4012=VECTOR('',#6332,1000.);
#4013=VECTOR('',#6333,1000.);
#4014=VECTOR('',#6336,1000.);
#4015=VECTOR('',#6337,1000.);
#4016=VECTOR('',#6338,1000.);
#4017=VECTOR('',#6339,1000.);
#4018=VECTOR('',#6340,1000.);
#4019=VECTOR('',#6341,1000.);
#4020=VECTOR('',#6344,1000.);
#4021=VECTOR('',#6345,1000.);
#4022=VECTOR('',#6346,1000.);
#4023=VECTOR('',#6347,1000.);
#4024=VECTOR('',#6348,1000.);
#4025=VECTOR('',#6349,1000.);
#4026=VECTOR('',#6352,1000.);
#4027=VECTOR('',#6353,1000.);
#4028=VECTOR('',#6354,1000.);
#4029=VECTOR('',#6355,1000.);
#4030=VECTOR('',#6356,1000.);
#4031=VECTOR('',#6357,1000.);
#4032=VECTOR('',#6360,1000.);
#4033=VECTOR('',#6361,1000.);
#4034=VECTOR('',#6362,1000.);
#4035=VECTOR('',#6363,1000.);
#4036=VECTOR('',#6364,1000.);
#4037=VECTOR('',#6365,1000.);
#4038=VECTOR('',#6368,1000.);
#4039=VECTOR('',#6369,1000.);
#4040=VECTOR('',#6370,1000.);
#4041=VECTOR('',#6371,1000.);
#4042=VECTOR('',#6372,1000.);
#4043=VECTOR('',#6373,1000.);
#4044=VECTOR('',#6376,1000.);
#4045=VECTOR('',#6377,1000.);
#4046=VECTOR('',#6378,1000.);
#4047=VECTOR('',#6379,1000.);
#4048=VECTOR('',#6382,1000.);
#4049=VECTOR('',#6383,1000.);
#4050=VECTOR('',#6384,1000.);
#4051=VECTOR('',#6385,1000.);
#4052=VECTOR('',#6388,1000.);
#4053=VECTOR('',#6389,1000.);
#4054=VECTOR('',#6390,1000.);
#4055=VECTOR('',#6391,1000.);
#4056=VECTOR('',#6392,1000.);
#4057=VECTOR('',#6393,1000.);
#4058=VECTOR('',#6394,1000.);
#4059=VECTOR('',#6395,1000.);
#4060=VECTOR('',#6396,1000.);
#4061=VECTOR('',#6397,1000.);
#4062=VECTOR('',#6398,1000.);
#4063=VECTOR('',#6399,1000.);
#4064=VECTOR('',#6400,1000.);
#4065=VECTOR('',#6401,1000.);
#4066=VECTOR('',#6402,1000.);
#4067=VECTOR('',#6403,1000.);
#4068=VECTOR('',#6404,1000.);
#4069=VECTOR('',#6405,1000.);
#4070=VECTOR('',#6406,1000.);
#4071=VECTOR('',#6407,1000.);
#4072=VECTOR('',#6408,1000.);
#4073=VECTOR('',#6409,1000.);
#4074=VECTOR('',#6410,1000.);
#4075=VECTOR('',#6411,1000.);
#4076=VECTOR('',#6412,1000.);
#4077=VECTOR('',#6413,1000.);
#4078=VECTOR('',#6414,1000.);
#4079=VECTOR('',#6415,1000.);
#4080=VECTOR('',#6416,1000.);
#4081=VECTOR('',#6417,1000.);
#4082=VECTOR('',#6420,1000.);
#4083=VECTOR('',#6421,1000.);
#4084=VECTOR('',#6422,1000.);
#4085=VECTOR('',#6423,1000.);
#4086=VECTOR('',#6426,1000.);
#4087=VECTOR('',#6427,1000.);
#4088=VECTOR('',#6428,1000.);
#4089=VECTOR('',#6429,1000.);
#4090=VECTOR('',#6430,1000.);
#4091=VECTOR('',#6431,1000.);
#4092=VECTOR('',#6432,1000.);
#4093=VECTOR('',#6433,1000.);
#4094=VECTOR('',#6434,1000.);
#4095=VECTOR('',#6435,1000.);
#4096=VECTOR('',#6436,1000.);
#4097=VECTOR('',#6437,1000.);
#4098=VECTOR('',#6438,1000.);
#4099=VECTOR('',#6439,1000.);
#4100=VECTOR('',#6440,1000.);
#4101=VECTOR('',#6443,1000.);
#4102=VECTOR('',#6444,1000.);
#4103=VECTOR('',#6445,1000.);
#4104=VECTOR('',#6446,1000.);
#4105=VECTOR('',#6447,1000.);
#4106=VECTOR('',#6448,1000.);
#4107=VECTOR('',#6449,1000.);
#4108=VECTOR('',#6450,1000.);
#4109=VECTOR('',#6451,1000.);
#4110=VECTOR('',#6452,1000.);
#4111=VECTOR('',#6453,1000.);
#4112=VECTOR('',#6454,1000.);
#4113=VECTOR('',#6455,1000.);
#4114=VECTOR('',#6456,1000.);
#4115=VECTOR('',#6457,1000.);
#4116=VECTOR('',#6458,1000.);
#4117=VECTOR('',#6461,1000.);
#4118=VECTOR('',#6462,1000.);
#4119=VECTOR('',#6463,1000.);
#4120=VECTOR('',#6464,1000.);
#4121=VECTOR('',#6465,1000.);
#4122=VECTOR('',#6466,1000.);
#4123=VECTOR('',#6467,1000.);
#4124=VECTOR('',#6468,1000.);
#4125=VECTOR('',#6469,1000.);
#4126=VECTOR('',#6470,1000.);
#4127=VECTOR('',#6471,1000.);
#4128=VECTOR('',#6472,1000.);
#4129=VECTOR('',#6473,1000.);
#4130=VECTOR('',#6474,1000.);
#4131=VECTOR('',#6475,1000.);
#4132=VECTOR('',#6476,1000.);
#4133=VECTOR('',#6479,1000.);
#4134=VECTOR('',#6480,1000.);
#4135=VECTOR('',#6481,1000.);
#4136=VECTOR('',#6482,1000.);
#4137=VECTOR('',#6483,1000.);
#4138=VECTOR('',#6484,1000.);
#4139=VECTOR('',#6485,1000.);
#4140=VECTOR('',#6486,1000.);
#4141=VECTOR('',#6487,1000.);
#4142=VECTOR('',#6488,1000.);
#4143=VECTOR('',#6489,1000.);
#4144=VECTOR('',#6490,1000.);
#4145=VECTOR('',#6491,1000.);
#4146=VECTOR('',#6492,1000.);
#4147=VECTOR('',#6493,1000.);
#4148=VECTOR('',#6496,1000.);
#4149=VECTOR('',#6497,1000.);
#4150=VECTOR('',#6500,1000.);
#4151=VECTOR('',#6501,1000.);
#4152=VECTOR('',#6502,1000.);
#4153=VECTOR('',#6503,1000.);
#4154=VECTOR('',#6504,1000.);
#4155=VECTOR('',#6505,1000.);
#4156=VECTOR('',#6506,1000.);
#4157=VECTOR('',#6507,1000.);
#4158=VECTOR('',#6508,1000.);
#4159=VECTOR('',#6509,1000.);
#4160=VECTOR('',#6510,1000.);
#4161=VECTOR('',#6511,1000.);
#4162=VECTOR('',#6512,1000.);
#4163=VECTOR('',#6513,1000.);
#4164=VECTOR('',#6514,1000.);
#4165=VECTOR('',#6515,1000.);
#4166=VECTOR('',#6516,1000.);
#4167=VECTOR('',#6517,1000.);
#4168=VECTOR('',#6518,1000.);
#4169=VECTOR('',#6521,1000.);
#4170=VECTOR('',#6522,1000.);
#4171=VECTOR('',#6525,1000.);
#4172=VECTOR('',#6526,1000.);
#4173=VECTOR('',#6529,1000.);
#4174=VECTOR('',#6530,1000.);
#4175=VECTOR('',#6533,1000.);
#4176=VECTOR('',#6534,1000.);
#4177=VECTOR('',#6537,1000.);
#4178=VECTOR('',#6538,1000.);
#4179=VECTOR('',#6539,1000.);
#4180=VECTOR('',#6540,1000.);
#4181=VECTOR('',#6541,1000.);
#4182=VECTOR('',#6542,1000.);
#4183=VECTOR('',#6543,1000.);
#4184=VECTOR('',#6544,1000.);
#4185=VECTOR('',#6545,1000.);
#4186=VECTOR('',#6546,1000.);
#4187=VECTOR('',#6547,1000.);
#4188=VECTOR('',#6548,1000.);
#4189=VECTOR('',#6549,1000.);
#4190=VECTOR('',#6550,1000.);
#4191=VECTOR('',#6551,1000.);
#4192=VECTOR('',#6552,1000.);
#4193=VECTOR('',#6553,1000.);
#4194=VECTOR('',#6554,1000.);
#4195=VECTOR('',#6555,1000.);
#4196=VECTOR('',#6556,1000.);
#4197=VECTOR('',#6557,1000.);
#4198=VECTOR('',#6558,1000.);
#4199=VECTOR('',#6559,1000.);
#4200=VECTOR('',#6560,1000.);
#4201=VECTOR('',#6561,1000.);
#4202=VECTOR('',#6562,1000.);
#4203=VECTOR('',#6563,1000.);
#4204=VECTOR('',#6566,1000.);
#4205=VECTOR('',#6567,1000.);
#4206=VECTOR('',#6568,1000.);
#4207=VECTOR('',#6571,1000.);
#4208=VECTOR('',#6572,1000.);
#4209=VECTOR('',#6575,1000.);
#4210=VECTOR('',#6576,1000.);
#4211=VECTOR('',#6577,1000.);
#4212=VECTOR('',#6580,1000.);
#4213=VECTOR('',#6581,1000.);
#4214=VECTOR('',#6584,1000.);
#4215=VECTOR('',#6585,1000.);
#4216=VECTOR('',#6588,1000.);
#4217=VECTOR('',#6589,1000.);
#4218=VECTOR('',#6592,1000.);
#4219=VECTOR('',#6593,1000.);
#4220=VECTOR('',#6596,1000.);
#4221=VECTOR('',#6597,1000.);
#4222=VECTOR('',#6600,1000.);
#4223=VECTOR('',#6601,1000.);
#4224=VECTOR('',#6604,1000.);
#4225=VECTOR('',#6605,1000.);
#4226=VECTOR('',#6606,1000.);
#4227=VECTOR('',#6609,1000.);
#4228=VECTOR('',#6610,1000.);
#4229=VECTOR('',#6611,1000.);
#4230=VECTOR('',#6614,1000.);
#4231=VECTOR('',#6615,1000.);
#4232=VECTOR('',#6616,1000.);
#4233=VECTOR('',#6619,1000.);
#4234=VECTOR('',#6620,1000.);
#4235=VECTOR('',#6621,1000.);
#4236=VECTOR('',#6622,1000.);
#4237=VECTOR('',#6623,1000.);
#4238=VECTOR('',#6624,1000.);
#4239=VECTOR('',#6625,1000.);
#4240=VECTOR('',#6626,1000.);
#4241=VECTOR('',#6627,1000.);
#4242=VECTOR('',#6628,1000.);
#4243=VECTOR('',#6629,1000.);
#4244=VECTOR('',#6630,1000.);
#4245=VECTOR('',#6633,1000.);
#4246=VECTOR('',#6634,1000.);
#4247=VECTOR('',#6635,1000.);
#4248=VECTOR('',#6636,1000.);
#4249=VECTOR('',#6637,1000.);
#4250=VECTOR('',#6638,1000.);
#4251=VECTOR('',#6639,1000.);
#4252=VECTOR('',#6640,1000.);
#4253=VECTOR('',#6641,1000.);
#4254=VECTOR('',#6644,1000.);
#4255=VECTOR('',#6645,1000.);
#4256=VECTOR('',#6646,1000.);
#4257=VECTOR('',#6647,1000.);
#4258=VECTOR('',#6648,1000.);
#4259=VECTOR('',#6649,1000.);
#4260=VECTOR('',#6650,1000.);
#4261=VECTOR('',#6651,1000.);
#4262=VECTOR('',#6654,1000.);
#4263=VECTOR('',#6655,1000.);
#4264=VECTOR('',#6656,1000.);
#4265=VECTOR('',#6659,1000.);
#4266=VECTOR('',#6660,1000.);
#4267=VECTOR('',#6661,1000.);
#4268=VECTOR('',#6664,1000.);
#4269=VECTOR('',#6665,1000.);
#4270=VECTOR('',#6666,1000.);
#4271=VECTOR('',#6669,1000.);
#4272=VECTOR('',#6670,1000.);
#4273=VECTOR('',#6671,1000.);
#4274=VECTOR('',#6674,1000.);
#4275=VECTOR('',#6675,1000.);
#4276=VECTOR('',#6678,1000.);
#4277=VECTOR('',#6679,1000.);
#4278=VECTOR('',#6682,1000.);
#4279=VECTOR('',#6683,1000.);
#4280=VECTOR('',#6684,1000.);
#4281=VECTOR('',#6685,1000.);
#4282=VECTOR('',#6686,1000.);
#4283=VECTOR('',#6687,1000.);
#4284=VECTOR('',#6688,1000.);
#4285=VECTOR('',#6689,1000.);
#4286=VECTOR('',#6690,1000.);
#4287=VECTOR('',#6691,1000.);
#4288=VECTOR('',#6692,1000.);
#4289=VECTOR('',#6695,1000.);
#4290=VECTOR('',#6696,1000.);
#4291=VECTOR('',#6697,1000.);
#4292=VECTOR('',#6698,1000.);
#4293=VECTOR('',#6699,1000.);
#4294=VECTOR('',#6700,1000.);
#4295=VECTOR('',#6701,1000.);
#4296=VECTOR('',#6702,1000.);
#4297=VECTOR('',#6703,1000.);
#4298=VECTOR('',#6704,1000.);
#4299=VECTOR('',#6705,1000.);
#4300=VECTOR('',#6706,1000.);
#4301=VECTOR('',#6707,1000.);
#4302=VECTOR('',#6708,1000.);
#4303=VECTOR('',#6709,1000.);
#4304=VECTOR('',#6710,1000.);
#4305=VECTOR('',#6711,1000.);
#4306=VECTOR('',#6712,1000.);
#4307=VECTOR('',#6713,1000.);
#4308=VECTOR('',#6714,1000.);
#4309=VECTOR('',#6715,1000.);
#4310=VECTOR('',#6716,1000.);
#4311=VECTOR('',#6719,1000.);
#4312=VECTOR('',#6720,1000.);
#4313=VECTOR('',#6721,1000.);
#4314=VECTOR('',#6722,1000.);
#4315=VECTOR('',#6725,1000.);
#4316=VECTOR('',#6726,1000.);
#4317=VECTOR('',#6729,1000.);
#4318=VECTOR('',#6730,1000.);
#4319=VECTOR('',#6733,1000.);
#4320=VECTOR('',#6734,1000.);
#4321=VECTOR('',#6735,1000.);
#4322=VECTOR('',#6738,1000.);
#4323=VECTOR('',#6739,1000.);
#4324=VECTOR('',#6740,1000.);
#4325=VECTOR('',#6741,1000.);
#4326=VECTOR('',#6742,1000.);
#4327=VECTOR('',#6745,1000.);
#4328=VECTOR('',#6746,1000.);
#4329=VECTOR('',#6747,1000.);
#4330=VECTOR('',#6748,1000.);
#4331=VECTOR('',#6749,1000.);
#4332=VECTOR('',#6752,1000.);
#4333=VECTOR('',#6757,1000.);
#4334=VECTOR('',#6758,1000.);
#4335=VECTOR('',#6759,1000.);
#4336=VECTOR('',#6762,1000.);
#4337=VECTOR('',#6765,1000.);
#4338=VECTOR('',#6770,1000.);
#4339=VECTOR('',#6771,1000.);
#4340=VECTOR('',#6774,1000.);
#4341=VECTOR('',#6775,1000.);
#4342=VECTOR('',#6778,1000.);
#4343=VECTOR('',#6783,1000.);
#4344=VECTOR('',#6786,1000.);
#4345=VECTOR('',#6791,1000.);
#4346=VECTOR('',#6792,1000.);
#4347=VECTOR('',#6793,1000.);
#4348=VECTOR('',#6794,1000.);
#4349=VECTOR('',#6795,1000.);
#4350=VECTOR('',#6796,1000.);
#4351=VECTOR('',#6797,1000.);
#4352=VECTOR('',#6800,1000.);
#4353=VECTOR('',#6801,1000.);
#4354=VECTOR('',#6802,1000.);
#4355=VECTOR('',#6805,1000.);
#4356=VECTOR('',#6806,1000.);
#4357=VECTOR('',#6807,1000.);
#4358=VECTOR('',#6810,1000.);
#4359=VECTOR('',#6811,1000.);
#4360=VECTOR('',#6814,1000.);
#4361=VECTOR('',#6815,1000.);
#4362=VECTOR('',#6816,1000.);
#4363=VECTOR('',#6819,1000.);
#4364=VECTOR('',#6820,1000.);
#4365=VECTOR('',#6821,1000.);
#4366=VECTOR('',#6824,1000.);
#4367=VECTOR('',#6825,1000.);
#4368=VECTOR('',#6828,1000.);
#4369=VECTOR('',#6829,1000.);
#4370=VECTOR('',#6832,1000.);
#4371=VECTOR('',#6833,1000.);
#4372=VECTOR('',#6836,1000.);
#4373=VECTOR('',#6837,1000.);
#4374=VECTOR('',#6838,1000.);
#4375=VECTOR('',#6841,1000.);
#4376=VECTOR('',#6842,1000.);
#4377=VECTOR('',#6843,1000.);
#4378=VECTOR('',#6846,1000.);
#4379=VECTOR('',#6847,1000.);
#4380=VECTOR('',#6848,1000.);
#4381=VECTOR('',#6849,1000.);
#4382=VECTOR('',#6862,1000.);
#4383=VECTOR('',#6879,1000.);
#4384=VECTOR('',#6882,1000.);
#4385=VECTOR('',#6885,1000.);
#4386=VECTOR('',#6890,1000.);
#4387=VECTOR('',#6893,1000.);
#4388=VECTOR('',#6896,1000.);
#4389=VECTOR('',#6901,1000.);
#4390=VECTOR('',#6902,1000.);
#4391=VECTOR('',#6905,1000.);
#4392=VECTOR('',#6908,1000.);
#4393=VECTOR('',#6915,1000.);
#4394=VECTOR('',#6916,1000.);
#4395=VECTOR('',#6921,1000.);
#4396=VECTOR('',#6924,1000.);
#4397=VECTOR('',#6929,1000.);
#4398=VECTOR('',#6930,1000.);
#4399=VECTOR('',#6931,1000.);
#4400=VECTOR('',#6934,1000.);
#4401=VECTOR('',#6935,1000.);
#4402=VECTOR('',#6936,1000.);
#4403=VECTOR('',#6939,1000.);
#4404=VECTOR('',#6940,1000.);
#4405=VECTOR('',#6947,1000.);
#4406=VECTOR('',#6948,1000.);
#4407=VECTOR('',#6951,1000.);
#4408=VECTOR('',#6956,1000.);
#4409=VECTOR('',#6957,1000.);
#4410=VECTOR('',#6960,1000.);
#4411=VECTOR('',#6965,1000.);
#4412=VECTOR('',#6966,1000.);
#4413=VECTOR('',#6969,1000.);
#4414=VECTOR('',#6974,1000.);
#4415=VECTOR('',#6975,1000.);
#4416=VECTOR('',#6978,1000.);
#4417=VECTOR('',#6983,1000.);
#4418=VECTOR('',#6984,1000.);
#4419=VECTOR('',#6987,1000.);
#4420=VECTOR('',#6992,1000.);
#4421=VECTOR('',#6993,1000.);
#4422=VECTOR('',#6996,1000.);
#4423=VECTOR('',#7001,1000.);
#4424=VECTOR('',#7002,1000.);
#4425=VECTOR('',#7005,1000.);
#4426=VECTOR('',#7010,1000.);
#4427=VECTOR('',#7011,1000.);
#4428=VECTOR('',#7014,1000.);
#4429=VECTOR('',#7019,1000.);
#4430=VECTOR('',#7020,1000.);
#4431=VECTOR('',#7021,1000.);
#4432=VECTOR('',#7024,1000.);
#4433=VECTOR('',#7027,1000.);
#4434=VECTOR('',#7032,1000.);
#4435=VECTOR('',#7033,1000.);
#4436=VECTOR('',#7034,1000.);
#4437=VECTOR('',#7037,1000.);
#4438=VECTOR('',#7038,1000.);
#4439=VECTOR('',#7039,1000.);
#4440=VECTOR('',#7042,1000.);
#4441=VECTOR('',#7043,1000.);
#4442=VECTOR('',#7044,1000.);
#4443=VECTOR('',#7063,1000.);
#4444=VECTOR('',#7064,1000.);
#4445=VECTOR('',#7065,1000.);
#4446=VECTOR('',#7066,1000.);
#4447=VECTOR('',#7069,1000.);
#4448=VECTOR('',#7070,1000.);
#4449=VECTOR('',#7071,1000.);
#4450=VECTOR('',#7072,1000.);
#4451=VECTOR('',#7075,1000.);
#4452=VECTOR('',#7076,1000.);
#4453=VECTOR('',#7077,1000.);
#4454=VECTOR('',#7080,1000.);
#4455=VECTOR('',#7083,1000.);
#4456=VECTOR('',#7084,1000.);
#4457=VECTOR('',#7085,1000.);
#4458=VECTOR('',#7088,1000.);
#4459=VECTOR('',#7091,1000.);
#4460=VECTOR('',#7092,1000.);
#4461=VECTOR('',#7093,1000.);
#4462=VECTOR('',#7096,1000.);
#4463=VECTOR('',#7097,1000.);
#4464=VECTOR('',#7100,1000.);
#4465=VECTOR('',#7101,1000.);
#4466=VECTOR('',#7102,1000.);
#4467=VECTOR('',#7105,1000.);
#4468=VECTOR('',#7106,1000.);
#4469=VECTOR('',#7107,1000.);
#4470=VECTOR('',#7108,1000.);
#4471=VECTOR('',#7111,1000.);
#4472=VECTOR('',#7112,1000.);
#4473=VECTOR('',#7115,1000.);
#4474=VECTOR('',#7116,1000.);
#4475=VECTOR('',#7117,1000.);
#4476=VECTOR('',#7120,1000.);
#4477=VECTOR('',#7123,1000.);
#4478=VECTOR('',#7124,1000.);
#4479=VECTOR('',#7125,1000.);
#4480=VECTOR('',#7128,1000.);
#4481=VECTOR('',#7131,1000.);
#4482=VECTOR('',#7132,1000.);
#4483=VECTOR('',#7135,1000.);
#4484=VECTOR('',#7136,1000.);
#4485=VECTOR('',#7137,1000.);
#4486=VECTOR('',#7138,1000.);
#4487=VECTOR('',#7141,1000.);
#4488=VECTOR('',#7144,1000.);
#4489=VECTOR('',#7145,1000.);
#4490=VECTOR('',#7146,1000.);
#4491=VECTOR('',#7149,1000.);
#4492=VECTOR('',#7152,1000.);
#4493=VECTOR('',#7153,1000.);
#4494=VECTOR('',#7156,1000.);
#4495=VECTOR('',#7157,1000.);
#4496=VECTOR('',#7158,1000.);
#4497=VECTOR('',#7161,1000.);
#4498=VECTOR('',#7164,1000.);
#4499=VECTOR('',#7165,1000.);
#4500=VECTOR('',#7166,1000.);
#4501=VECTOR('',#7169,1000.);
#4502=VECTOR('',#7170,1000.);
#4503=VECTOR('',#7173,1000.);
#4504=VECTOR('',#7174,1000.);
#4505=VECTOR('',#7175,1000.);
#4506=VECTOR('',#7176,1000.);
#4507=VECTOR('',#7179,1000.);
#4508=VECTOR('',#7182,1000.);
#4509=VECTOR('',#7183,1000.);
#4510=VECTOR('',#7186,1000.);
#4511=VECTOR('',#7187,1000.);
#4512=VECTOR('',#7188,1000.);
#4513=VECTOR('',#7191,1000.);
#4514=VECTOR('',#7192,1000.);
#4515=VECTOR('',#7193,1000.);
#4516=VECTOR('',#7196,1000.);
#4517=VECTOR('',#7199,1000.);
#4518=VECTOR('',#7200,1000.);
#4519=VECTOR('',#7203,1000.);
#4520=VECTOR('',#7204,1000.);
#4521=VECTOR('',#7209,1000.);
#4522=VECTOR('',#7212,1000.);
#4523=VECTOR('',#7215,1000.);
#4524=VECTOR('',#7218,1000.);
#4525=VECTOR('',#7221,1000.);
#4526=VECTOR('',#7224,1000.);
#4527=VECTOR('',#7227,1000.);
#4528=VECTOR('',#7228,1000.);
#4529=VECTOR('',#7231,1000.);
#4530=VECTOR('',#7234,1000.);
#4531=VECTOR('',#7237,1000.);
#4532=VECTOR('',#7240,1000.);
#4533=VECTOR('',#7243,1000.);
#4534=VECTOR('',#7248,1000.);
#4535=VECTOR('',#7249,1000.);
#4536=VECTOR('',#7254,1000.);
#4537=VECTOR('',#7257,1000.);
#4538=VECTOR('',#7260,1000.);
#4539=VECTOR('',#7263,1000.);
#4540=VECTOR('',#7266,1000.);
#4541=VECTOR('',#7269,1000.);
#4542=VECTOR('',#7272,1000.);
#4543=VECTOR('',#7275,1000.);
#4544=VECTOR('',#7278,1000.);
#4545=VECTOR('',#7281,1000.);
#4546=VECTOR('',#7284,1000.);
#4547=VECTOR('',#7287,1000.);
#4548=VECTOR('',#7290,1000.);
#4549=VECTOR('',#7299,1000.);
#4550=VECTOR('',#7300,1000.);
#4551=VECTOR('',#7301,1000.);
#4552=VECTOR('',#7302,1000.);
#4553=VECTOR('',#7305,1000.);
#4554=VECTOR('',#7306,1000.);
#4555=VECTOR('',#7307,1000.);
#4556=VECTOR('',#7308,1000.);
#4557=VECTOR('',#7311,1000.);
#4558=VECTOR('',#7312,1000.);
#4559=VECTOR('',#7313,1000.);
#4560=VECTOR('',#7316,1000.);
#4561=VECTOR('',#7317,1000.);
#4562=VECTOR('',#7318,1000.);
#4563=VECTOR('',#7319,1000.);
#4564=VECTOR('',#7324,1000.);
#4565=VECTOR('',#7327,1000.);
#4566=VECTOR('',#7330,1000.);
#4567=VECTOR('',#7335,1000.);
#4568=VECTOR('',#7336,1000.);
#4569=VECTOR('',#7337,1000.);
#4570=VECTOR('',#7340,1000.);
#4571=VECTOR('',#7343,1000.);
#4572=VECTOR('',#7344,1000.);
#4573=VECTOR('',#7345,1000.);
#4574=VECTOR('',#7348,1000.);
#4575=VECTOR('',#7349,1000.);
#4576=VECTOR('',#7350,1000.);
#4577=VECTOR('',#7353,1000.);
#4578=VECTOR('',#7354,1000.);
#4579=VECTOR('',#7355,1000.);
#4580=VECTOR('',#7356,1000.);
#4581=VECTOR('',#7359,1000.);
#4582=VECTOR('',#7360,1000.);
#4583=VECTOR('',#7361,1000.);
#4584=VECTOR('',#7362,1000.);
#4585=VECTOR('',#7365,1000.);
#4586=VECTOR('',#7368,1000.);
#4587=VECTOR('',#7369,1000.);
#4588=VECTOR('',#7370,1000.);
#4589=VECTOR('',#7375,1000.);
#4590=VECTOR('',#7378,1000.);
#4591=VECTOR('',#7381,1000.);
#4592=VECTOR('',#7386,1000.);
#4593=VECTOR('',#7387,1000.);
#4594=VECTOR('',#7388,1000.);
#4595=VECTOR('',#7389,1000.);
#4596=VECTOR('',#7392,1000.);
#4597=VECTOR('',#7395,1000.);
#4598=VECTOR('',#7396,1000.);
#4599=VECTOR('',#7399,1000.);
#4600=VECTOR('',#7400,1000.);
#4601=VECTOR('',#7401,1000.);
#4602=VECTOR('',#7402,1000.);
#4603=VECTOR('',#7407,1000.);
#4604=VECTOR('',#7410,1000.);
#4605=VECTOR('',#7411,1000.);
#4606=VECTOR('',#7414,1000.);
#4607=VECTOR('',#7415,1000.);
#4608=VECTOR('',#7416,1000.);
#4609=VECTOR('',#7419,1000.);
#4610=VECTOR('',#7424,1000.);
#4611=VECTOR('',#7425,1000.);
#4612=VECTOR('',#7426,1000.);
#4613=VECTOR('',#7427,1000.);
#4614=VECTOR('',#7430,1000.);
#4615=VECTOR('',#7433,1000.);
#4616=VECTOR('',#7434,1000.);
#4617=VECTOR('',#7437,1000.);
#4618=VECTOR('',#7438,1000.);
#4619=VECTOR('',#7439,1000.);
#4620=VECTOR('',#7440,1000.);
#4621=VECTOR('',#7443,1000.);
#4622=VECTOR('',#7446,1000.);
#4623=VECTOR('',#7447,1000.);
#4624=VECTOR('',#7448,1000.);
#4625=VECTOR('',#7453,1000.);
#4626=VECTOR('',#7456,1000.);
#4627=VECTOR('',#7457,1000.);
#4628=VECTOR('',#7460,1000.);
#4629=VECTOR('',#7461,1000.);
#4630=VECTOR('',#7462,1000.);
#4631=VECTOR('',#7465,1000.);
#4632=VECTOR('',#7466,1000.);
#4633=VECTOR('',#7469,1000.);
#4634=VECTOR('',#7474,1000.);
#4635=VECTOR('',#7475,1000.);
#4636=VECTOR('',#7476,1000.);
#4637=VECTOR('',#7479,1000.);
#4638=VECTOR('',#7482,1000.);
#4639=VECTOR('',#7483,1000.);
#4640=VECTOR('',#7484,1000.);
#4641=VECTOR('',#7487,1000.);
#4642=VECTOR('',#7490,1000.);
#4643=VECTOR('',#7493,1000.);
#4644=VECTOR('',#7496,1000.);
#4645=VECTOR('',#7499,1000.);
#4646=VECTOR('',#7502,1000.);
#4647=VECTOR('',#7505,1000.);
#4648=VECTOR('',#7508,1000.);
#4649=VECTOR('',#7511,1000.);
#4650=VECTOR('',#7514,1000.);
#4651=VECTOR('',#7517,1000.);
#4652=VECTOR('',#7518,1000.);
#4653=VECTOR('',#7521,1000.);
#4654=VECTOR('',#7524,1000.);
#4655=VECTOR('',#7527,1000.);
#4656=VECTOR('',#7530,1000.);
#4657=VECTOR('',#7533,1000.);
#4658=VECTOR('',#7536,1000.);
#4659=VECTOR('',#7539,1000.);
#4660=VECTOR('',#7542,1000.);
#4661=VECTOR('',#7545,1000.);
#4662=VECTOR('',#7548,1000.);
#4663=VECTOR('',#7551,1000.);
#4664=VECTOR('',#7556,1000.);
#4665=VECTOR('',#7559,1000.);
#4666=VECTOR('',#7562,1000.);
#4667=VECTOR('',#7565,1000.);
#4668=VECTOR('',#7568,1000.);
#4669=VECTOR('',#7571,1000.);
#4670=VECTOR('',#7574,1000.);
#4671=VECTOR('',#7577,1000.);
#4672=VECTOR('',#7580,1000.);
#4673=VECTOR('',#7583,1000.);
#4674=VECTOR('',#7586,1000.);
#4675=VECTOR('',#7589,1000.);
#4676=VECTOR('',#7592,1000.);
#4677=VECTOR('',#7595,1000.);
#4678=VECTOR('',#7598,1000.);
#4679=VECTOR('',#7601,1000.);
#4680=VECTOR('',#7604,1000.);
#4681=VECTOR('',#7607,1000.);
#4682=VECTOR('',#7610,1000.);
#4683=VECTOR('',#7613,1000.);
#4684=VECTOR('',#7616,1000.);
#4685=VECTOR('',#7619,1000.);
#4686=VECTOR('',#7622,1000.);
#4687=VECTOR('',#7631,1000.);
#4688=VECTOR('',#7632,1000.);
#4689=VECTOR('',#7633,1000.);
#4690=VECTOR('',#7634,1000.);
#4691=VECTOR('',#7637,1000.);
#4692=VECTOR('',#7638,1000.);
#4693=VECTOR('',#7639,1000.);
#4694=VECTOR('',#7642,1000.);
#4695=VECTOR('',#7643,1000.);
#4696=VECTOR('',#7644,1000.);
#4697=VECTOR('',#7647,1000.);
#4698=VECTOR('',#7648,1000.);
#4699=VECTOR('',#7649,1000.);
#4700=VECTOR('',#7654,1000.);
#4701=VECTOR('',#7659,1000.);
#4702=VECTOR('',#7660,1000.);
#4703=VECTOR('',#7661,1000.);
#4704=VECTOR('',#7666,1000.);
#4705=VECTOR('',#7671,1000.);
#4706=VECTOR('',#7672,1000.);
#4707=VECTOR('',#7673,1000.);
#4708=VECTOR('',#7678,1000.);
#4709=VECTOR('',#7683,1000.);
#4710=VECTOR('',#7684,1000.);
#4711=VECTOR('',#7685,1000.);
#4712=VECTOR('',#7688,1000.);
#4713=VECTOR('',#7689,1000.);
#4714=VECTOR('',#7690,1000.);
#4715=VECTOR('',#7693,1000.);
#4716=VECTOR('',#7694,1000.);
#4717=VECTOR('',#7695,1000.);
#4718=VECTOR('',#7700,1000.);
#4719=VECTOR('',#7705,1000.);
#4720=VECTOR('',#7706,1000.);
#4721=VECTOR('',#7707,1000.);
#4722=VECTOR('',#7712,1000.);
#4723=VECTOR('',#7717,1000.);
#4724=VECTOR('',#7718,1000.);
#4725=VECTOR('',#7719,1000.);
#4726=VECTOR('',#7724,1000.);
#4727=VECTOR('',#7729,1000.);
#4728=VECTOR('',#7730,1000.);
#4729=VECTOR('',#7731,1000.);
#4730=VECTOR('',#7736,1000.);
#4731=VECTOR('',#7741,1000.);
#4732=VECTOR('',#7742,1000.);
#4733=VECTOR('',#7743,1000.);
#4734=VECTOR('',#7746,1000.);
#4735=VECTOR('',#7747,1000.);
#4736=VECTOR('',#7748,1000.);
#4737=VECTOR('',#7751,1000.);
#4738=VECTOR('',#7752,1000.);
#4739=VECTOR('',#7753,1000.);
#4740=VECTOR('',#7756,1000.);
#4741=VECTOR('',#7757,1000.);
#4742=VECTOR('',#7758,1000.);
#4743=VECTOR('',#7761,1000.);
#4744=VECTOR('',#7762,1000.);
#4745=VECTOR('',#7763,1000.);
#4746=VECTOR('',#7766,1000.);
#4747=VECTOR('',#7767,1000.);
#4748=VECTOR('',#7768,1000.);
#4749=VECTOR('',#7773,1000.);
#4750=VECTOR('',#7778,1000.);
#4751=VECTOR('',#7779,1000.);
#4752=VECTOR('',#7780,1000.);
#4753=VECTOR('',#7785,1000.);
#4754=VECTOR('',#7790,1000.);
#4755=VECTOR('',#7791,1000.);
#4756=VECTOR('',#7792,1000.);
#4757=VECTOR('',#7795,1000.);
#4758=VECTOR('',#7796,1000.);
#4759=EDGE_LOOP('',(#155,#156,#157,#158));
#4760=EDGE_LOOP('',(#159,#160,#161,#162));
#4761=EDGE_LOOP('',(#163,#164,#165,#166));
#4762=EDGE_LOOP('',(#167,#168,#169,#170));
#4763=EDGE_LOOP('',(#171,#172,#173,#174,#175,#176));
#4764=EDGE_LOOP('',(#177,#178,#179,#180,#181,#182));
#4765=EDGE_LOOP('',(#183,#184,#185,#186,#187,#188));
#4766=EDGE_LOOP('',(#189,#190,#191,#192,#193,#194));
#4767=EDGE_LOOP('',(#195,#196,#197,#198,#199,#200));
#4768=EDGE_LOOP('',(#201,#202,#203,#204,#205,#206));
#4769=EDGE_LOOP('',(#207,#208,#209,#210));
#4770=EDGE_LOOP('',(#211,#212,#213,#214));
#4771=EDGE_LOOP('',(#215,#216,#217,#218,#219,#220,#221,#222,#223,#224,#225,
#226,#227,#228,#229,#230,#231,#232,#233,#234,#235,#236,#237,#238,#239,#240,
#241,#242,#243,#244,#245,#246));
#4772=EDGE_LOOP('',(#247,#248,#249,#250));
#4773=EDGE_LOOP('',(#251,#252,#253,#254,#255,#256,#257,#258,#259,#260,#261,
#262,#263,#264,#265,#266));
#4774=EDGE_LOOP('',(#267,#268,#269,#270,#271,#272,#273,#274,#275,#276,#277,
#278,#279,#280,#281,#282));
#4775=EDGE_LOOP('',(#283,#284,#285,#286,#287,#288,#289,#290,#291,#292,#293,
#294,#295,#296,#297,#298));
#4776=EDGE_LOOP('',(#299,#300,#301,#302,#303,#304,#305,#306,#307,#308,#309,
#310,#311,#312,#313,#314));
#4777=EDGE_LOOP('',(#315,#316,#317,#318));
#4778=EDGE_LOOP('',(#319,#320,#321,#322,#323,#324,#325,#326,#327,#328,#329,
#330,#331,#332,#333,#334,#335,#336,#337,#338,#339,#340,#341,#342));
#4779=EDGE_LOOP('',(#343,#344,#345,#346));
#4780=EDGE_LOOP('',(#347,#348,#349,#350));
#4781=EDGE_LOOP('',(#351,#352,#353,#354));
#4782=EDGE_LOOP('',(#355,#356,#357,#358));
#4783=EDGE_LOOP('',(#359,#360,#361,#362));
#4784=EDGE_LOOP('',(#363,#364,#365,#366,#367,#368,#369,#370,#371,#372,#373,
#374,#375,#376,#377,#378,#379,#380,#381,#382));
#4785=EDGE_LOOP('',(#383,#384,#385,#386));
#4786=EDGE_LOOP('',(#387,#388,#389,#390));
#4787=EDGE_LOOP('',(#391,#392,#393,#394));
#4788=EDGE_LOOP('',(#395,#396,#397,#398));
#4789=EDGE_LOOP('',(#399,#400,#401,#402));
#4790=EDGE_LOOP('',(#403,#404,#405,#406,#407,#408));
#4791=EDGE_LOOP('',(#409,#410,#411,#412,#413));
#4792=EDGE_LOOP('',(#414,#415,#416,#417,#418));
#4793=EDGE_LOOP('',(#419,#420,#421,#422,#423));
#4794=EDGE_LOOP('',(#424,#425,#426,#427,#428,#429));
#4795=EDGE_LOOP('',(#430,#431,#432,#433,#434));
#4796=EDGE_LOOP('',(#435,#436,#437,#438,#439,#440));
#4797=EDGE_LOOP('',(#441,#442,#443,#444,#445));
#4798=EDGE_LOOP('',(#446,#447,#448,#449,#450));
#4799=EDGE_LOOP('',(#451,#452,#453,#454));
#4800=EDGE_LOOP('',(#455,#456,#457,#458,#459,#460,#461,#462));
#4801=EDGE_LOOP('',(#463,#464,#465,#466,#467,#468,#469,#470,#471,#472,#473,
#474));
#4802=EDGE_LOOP('',(#475,#476,#477,#478,#479,#480,#481,#482,#483,#484,#485,
#486));
#4803=EDGE_LOOP('',(#487,#488,#489,#490));
#4804=EDGE_LOOP('',(#491,#492,#493,#494));
#4805=EDGE_LOOP('',(#495,#496,#497,#498));
#4806=EDGE_LOOP('',(#499,#500,#501,#502));
#4807=EDGE_LOOP('',(#503,#504,#505,#506));
#4808=EDGE_LOOP('',(#507,#508,#509,#510));
#4809=EDGE_LOOP('',(#511,#512,#513,#514,#515,#516,#517,#518,#519,#520,#521,
#522,#523,#524,#525,#526));
#4810=EDGE_LOOP('',(#527,#528,#529,#530,#531,#532,#533,#534,#535,#536,#537,
#538,#539,#540,#541,#542));
#4811=EDGE_LOOP('',(#543,#544,#545,#546,#547,#548,#549,#550,#551,#552,#553,
#554));
#4812=EDGE_LOOP('',(#555,#556,#557,#558,#559,#560,#561,#562,#563,#564,#565,
#566));
#4813=EDGE_LOOP('',(#567,#568,#569,#570,#571,#572));
#4814=EDGE_LOOP('',(#573,#574,#575,#576,#577,#578));
#4815=EDGE_LOOP('',(#579,#580,#581,#582));
#4816=EDGE_LOOP('',(#583,#584,#585,#586,#587,#588,#589,#590));
#4817=EDGE_LOOP('',(#591,#592,#593,#594,#595,#596,#597,#598));
#4818=EDGE_LOOP('',(#599,#600,#601,#602));
#4819=EDGE_LOOP('',(#603,#604,#605,#606,#607,#608,#609,#610,#611,#612,#613,
#614,#615,#616,#617,#618,#619,#620,#621,#622));
#4820=EDGE_LOOP('',(#623,#624,#625,#626));
#4821=EDGE_LOOP('',(#627,#628,#629,#630));
#4822=EDGE_LOOP('',(#631,#632,#633,#634));
#4823=EDGE_LOOP('',(#635,#636,#637,#638));
#4824=EDGE_LOOP('',(#639,#640,#641,#642));
#4825=EDGE_LOOP('',(#643,#644,#645,#646));
#4826=EDGE_LOOP('',(#647,#648,#649,#650));
#4827=EDGE_LOOP('',(#651,#652,#653,#654));
#4828=EDGE_LOOP('',(#655,#656,#657,#658));
#4829=EDGE_LOOP('',(#659,#660,#661,#662));
#4830=EDGE_LOOP('',(#663,#664,#665,#666));
#4831=EDGE_LOOP('',(#667,#668,#669,#670));
#4832=EDGE_LOOP('',(#671,#672,#673,#674));
#4833=EDGE_LOOP('',(#675,#676,#677,#678,#679,#680,#681,#682,#683,#684));
#4834=EDGE_LOOP('',(#685,#686,#687,#688,#689,#690));
#4835=EDGE_LOOP('',(#691,#692,#693,#694,#695,#696));
#4836=EDGE_LOOP('',(#697,#698,#699,#700,#701,#702));
#4837=EDGE_LOOP('',(#703,#704,#705,#706,#707,#708));
#4838=EDGE_LOOP('',(#709,#710,#711,#712,#713,#714));
#4839=EDGE_LOOP('',(#715,#716,#717,#718,#719,#720));
#4840=EDGE_LOOP('',(#721,#722,#723,#724,#725,#726));
#4841=EDGE_LOOP('',(#727,#728,#729,#730,#731,#732));
#4842=EDGE_LOOP('',(#733,#734,#735,#736,#737,#738));
#4843=EDGE_LOOP('',(#739,#740,#741,#742,#743,#744));
#4844=EDGE_LOOP('',(#745,#746,#747,#748,#749,#750,#751,#752,#753,#754));
#4845=EDGE_LOOP('',(#755,#756,#757,#758));
#4846=EDGE_LOOP('',(#759,#760,#761,#762));
#4847=EDGE_LOOP('',(#763,#764,#765,#766,#767,#768,#769,#770));
#4848=EDGE_LOOP('',(#771,#772,#773,#774));
#4849=EDGE_LOOP('',(#775,#776,#777,#778));
#4850=EDGE_LOOP('',(#779,#780,#781,#782));
#4851=EDGE_LOOP('',(#783,#784,#785,#786));
#4852=EDGE_LOOP('',(#787,#788,#789,#790));
#4853=EDGE_LOOP('',(#791,#792,#793,#794));
#4854=EDGE_LOOP('',(#795,#796,#797,#798));
#4855=EDGE_LOOP('',(#799,#800,#801,#802));
#4856=EDGE_LOOP('',(#803,#804,#805,#806));
#4857=EDGE_LOOP('',(#807,#808,#809,#810));
#4858=EDGE_LOOP('',(#811,#812,#813,#814));
#4859=EDGE_LOOP('',(#815,#816,#817,#818));
#4860=EDGE_LOOP('',(#819,#820,#821,#822));
#4861=EDGE_LOOP('',(#823,#824,#825,#826,#827,#828));
#4862=EDGE_LOOP('',(#829,#830,#831,#832));
#4863=EDGE_LOOP('',(#833,#834,#835,#836));
#4864=EDGE_LOOP('',(#837,#838,#839,#840));
#4865=EDGE_LOOP('',(#841,#842,#843,#844,#845,#846));
#4866=EDGE_LOOP('',(#847,#848,#849,#850));
#4867=EDGE_LOOP('',(#851,#852,#853,#854));
#4868=EDGE_LOOP('',(#855,#856,#857,#858));
#4869=EDGE_LOOP('',(#859,#860,#861,#862));
#4870=EDGE_LOOP('',(#863,#864,#865,#866));
#4871=EDGE_LOOP('',(#867,#868,#869,#870));
#4872=EDGE_LOOP('',(#871,#872,#873,#874));
#4873=EDGE_LOOP('',(#875,#876,#877,#878));
#4874=EDGE_LOOP('',(#879,#880,#881,#882));
#4875=EDGE_LOOP('',(#883,#884,#885,#886));
#4876=EDGE_LOOP('',(#887,#888,#889,#890));
#4877=EDGE_LOOP('',(#891,#892,#893,#894));
#4878=EDGE_LOOP('',(#895,#896,#897,#898));
#4879=EDGE_LOOP('',(#899,#900,#901,#902));
#4880=EDGE_LOOP('',(#903,#904,#905,#906));
#4881=EDGE_LOOP('',(#907,#908,#909,#910));
#4882=EDGE_LOOP('',(#911,#912,#913,#914));
#4883=EDGE_LOOP('',(#915,#916,#917,#918));
#4884=EDGE_LOOP('',(#919,#920,#921,#922));
#4885=EDGE_LOOP('',(#923,#924,#925,#926));
#4886=EDGE_LOOP('',(#927,#928,#929,#930));
#4887=EDGE_LOOP('',(#931,#932,#933,#934));
#4888=EDGE_LOOP('',(#935,#936,#937,#938));
#4889=EDGE_LOOP('',(#939,#940,#941,#942));
#4890=EDGE_LOOP('',(#943,#944,#945,#946));
#4891=EDGE_LOOP('',(#947,#948,#949,#950));
#4892=EDGE_LOOP('',(#951,#952,#953,#954));
#4893=EDGE_LOOP('',(#955,#956,#957,#958));
#4894=EDGE_LOOP('',(#959,#960,#961,#962));
#4895=EDGE_LOOP('',(#963,#964,#965,#966));
#4896=EDGE_LOOP('',(#967,#968,#969,#970));
#4897=EDGE_LOOP('',(#971,#972,#973,#974));
#4898=EDGE_LOOP('',(#975,#976,#977,#978));
#4899=EDGE_LOOP('',(#979,#980,#981,#982));
#4900=EDGE_LOOP('',(#983,#984,#985,#986));
#4901=EDGE_LOOP('',(#987,#988,#989,#990));
#4902=EDGE_LOOP('',(#991,#992,#993,#994));
#4903=EDGE_LOOP('',(#995,#996,#997,#998));
#4904=EDGE_LOOP('',(#999,#1000,#1001,#1002));
#4905=EDGE_LOOP('',(#1003,#1004,#1005,#1006));
#4906=EDGE_LOOP('',(#1007,#1008,#1009,#1010));
#4907=EDGE_LOOP('',(#1011,#1012,#1013,#1014));
#4908=EDGE_LOOP('',(#1015,#1016,#1017,#1018));
#4909=EDGE_LOOP('',(#1019,#1020,#1021,#1022));
#4910=EDGE_LOOP('',(#1023,#1024,#1025,#1026));
#4911=EDGE_LOOP('',(#1027,#1028,#1029,#1030));
#4912=EDGE_LOOP('',(#1031,#1032,#1033,#1034));
#4913=EDGE_LOOP('',(#1035,#1036,#1037,#1038,#1039));
#4914=EDGE_LOOP('',(#1040,#1041,#1042,#1043,#1044));
#4915=EDGE_LOOP('',(#1045,#1046,#1047,#1048,#1049));
#4916=EDGE_LOOP('',(#1050,#1051,#1052,#1053,#1054));
#4917=EDGE_LOOP('',(#1055,#1056,#1057,#1058));
#4918=EDGE_LOOP('',(#1059,#1060,#1061,#1062));
#4919=EDGE_LOOP('',(#1063,#1064,#1065,#1066,#1067,#1068,#1069,#1070,#1071,
#1072,#1073,#1074,#1075,#1076,#1077,#1078,#1079,#1080,#1081));
#4920=EDGE_LOOP('',(#1082,#1083,#1084,#1085));
#4921=EDGE_LOOP('',(#1086,#1087,#1088,#1089));
#4922=EDGE_LOOP('',(#1090,#1091,#1092,#1093,#1094,#1095,#1096,#1097,#1098,
#1099,#1100,#1101,#1102,#1103,#1104,#1105,#1106,#1107,#1108));
#4923=EDGE_LOOP('',(#1109,#1110,#1111,#1112,#1113,#1114,#1115,#1116,#1117,
#1118,#1119,#1120,#1121));
#4924=EDGE_LOOP('',(#1122,#1123,#1124,#1125,#1126,#1127,#1128,#1129,#1130,
#1131,#1132,#1133,#1134));
#4925=EDGE_LOOP('',(#1135,#1136,#1137,#1138));
#4926=EDGE_LOOP('',(#1139,#1140,#1141,#1142,#1143,#1144,#1145,#1146,#1147,
#1148));
#4927=EDGE_LOOP('',(#1149,#1150,#1151,#1152));
#4928=EDGE_LOOP('',(#1153,#1154,#1155,#1156,#1157,#1158,#1159,#1160,#1161,
#1162));
#4929=EDGE_LOOP('',(#1163,#1164,#1165,#1166));
#4930=EDGE_LOOP('',(#1167,#1168,#1169,#1170));
#4931=EDGE_LOOP('',(#1171,#1172,#1173,#1174));
#4932=EDGE_LOOP('',(#1175,#1176,#1177,#1178));
#4933=EDGE_LOOP('',(#1179,#1180,#1181,#1182));
#4934=EDGE_LOOP('',(#1183,#1184,#1185,#1186));
#4935=EDGE_LOOP('',(#1187,#1188,#1189,#1190));
#4936=EDGE_LOOP('',(#1191,#1192,#1193,#1194));
#4937=EDGE_LOOP('',(#1195,#1196,#1197,#1198));
#4938=EDGE_LOOP('',(#1199,#1200,#1201,#1202));
#4939=EDGE_LOOP('',(#1203,#1204,#1205,#1206));
#4940=EDGE_LOOP('',(#1207,#1208,#1209,#1210));
#4941=EDGE_LOOP('',(#1211,#1212,#1213,#1214));
#4942=EDGE_LOOP('',(#1215,#1216,#1217,#1218));
#4943=EDGE_LOOP('',(#1219,#1220,#1221,#1222));
#4944=EDGE_LOOP('',(#1223,#1224,#1225,#1226));
#4945=EDGE_LOOP('',(#1227,#1228,#1229,#1230));
#4946=EDGE_LOOP('',(#1231,#1232,#1233,#1234));
#4947=EDGE_LOOP('',(#1235,#1236,#1237,#1238));
#4948=EDGE_LOOP('',(#1239,#1240,#1241,#1242));
#4949=EDGE_LOOP('',(#1243,#1244,#1245,#1246));
#4950=EDGE_LOOP('',(#1247,#1248,#1249,#1250));
#4951=EDGE_LOOP('',(#1251,#1252,#1253,#1254));
#4952=EDGE_LOOP('',(#1255,#1256,#1257,#1258,#1259,#1260,#1261,#1262,#1263,
#1264,#1265,#1266));
#4953=EDGE_LOOP('',(#1267,#1268,#1269,#1270));
#4954=EDGE_LOOP('',(#1271,#1272,#1273,#1274));
#4955=EDGE_LOOP('',(#1275,#1276,#1277,#1278));
#4956=EDGE_LOOP('',(#1279,#1280,#1281,#1282));
#4957=EDGE_LOOP('',(#1283,#1284,#1285,#1286));
#4958=EDGE_LOOP('',(#1287,#1288,#1289,#1290));
#4959=EDGE_LOOP('',(#1291,#1292,#1293,#1294));
#4960=EDGE_LOOP('',(#1295,#1296,#1297,#1298,#1299,#1300,#1301,#1302,#1303,
#1304,#1305,#1306));
#4961=EDGE_LOOP('',(#1307,#1308,#1309,#1310));
#4962=EDGE_LOOP('',(#1311,#1312,#1313,#1314));
#4963=EDGE_LOOP('',(#1315,#1316,#1317,#1318,#1319,#1320,#1321,#1322,#1323,
#1324,#1325,#1326,#1327,#1328,#1329,#1330,#1331,#1332,#1333,#1334,#1335,
#1336,#1337,#1338,#1339,#1340,#1341));
#4964=EDGE_LOOP('',(#1342,#1343,#1344,#1345));
#4965=EDGE_LOOP('',(#1346,#1347,#1348,#1349));
#4966=EDGE_LOOP('',(#1350,#1351,#1352,#1353,#1354,#1355,#1356,#1357,#1358,
#1359,#1360,#1361,#1362,#1363,#1364,#1365,#1366,#1367,#1368,#1369,#1370,
#1371,#1372,#1373,#1374,#1375,#1376));
#4967=EDGE_LOOP('',(#1377,#1378,#1379,#1380,#1381,#1382,#1383,#1384,#1385,
#1386,#1387,#1388,#1389,#1390));
#4968=EDGE_LOOP('',(#1391,#1392,#1393,#1394,#1395,#1396,#1397,#1398,#1399,
#1400,#1401,#1402,#1403,#1404));
#4969=EDGE_LOOP('',(#1405,#1406,#1407,#1408));
#4970=EDGE_LOOP('',(#1409,#1410,#1411,#1412,#1413,#1414,#1415,#1416,#1417,
#1418,#1419,#1420,#1421,#1422,#1423,#1424,#1425));
#4971=EDGE_LOOP('',(#1426,#1427,#1428,#1429));
#4972=EDGE_LOOP('',(#1430,#1431,#1432,#1433,#1434,#1435,#1436,#1437,#1438,
#1439,#1440,#1441,#1442,#1443,#1444,#1445,#1446));
#4973=EDGE_LOOP('',(#1447,#1448,#1449,#1450));
#4974=EDGE_LOOP('',(#1451,#1452,#1453,#1454));
#4975=EDGE_LOOP('',(#1455,#1456,#1457,#1458));
#4976=EDGE_LOOP('',(#1459,#1460,#1461,#1462));
#4977=EDGE_LOOP('',(#1463,#1464,#1465,#1466));
#4978=EDGE_LOOP('',(#1467,#1468,#1469,#1470));
#4979=EDGE_LOOP('',(#1471,#1472,#1473,#1474));
#4980=EDGE_LOOP('',(#1475,#1476,#1477,#1478));
#4981=EDGE_LOOP('',(#1479,#1480,#1481,#1482));
#4982=EDGE_LOOP('',(#1483,#1484,#1485,#1486));
#4983=EDGE_LOOP('',(#1487,#1488,#1489,#1490));
#4984=EDGE_LOOP('',(#1491,#1492,#1493,#1494));
#4985=EDGE_LOOP('',(#1495,#1496,#1497,#1498));
#4986=EDGE_LOOP('',(#1499,#1500,#1501,#1502));
#4987=EDGE_LOOP('',(#1503,#1504,#1505,#1506));
#4988=EDGE_LOOP('',(#1507,#1508,#1509,#1510));
#4989=EDGE_LOOP('',(#1511,#1512,#1513,#1514));
#4990=EDGE_LOOP('',(#1515,#1516,#1517,#1518));
#4991=EDGE_LOOP('',(#1519,#1520,#1521,#1522));
#4992=EDGE_LOOP('',(#1523,#1524,#1525,#1526));
#4993=EDGE_LOOP('',(#1527,#1528,#1529,#1530));
#4994=EDGE_LOOP('',(#1531,#1532,#1533,#1534));
#4995=EDGE_LOOP('',(#1535,#1536,#1537,#1538));
#4996=EDGE_LOOP('',(#1539,#1540,#1541,#1542));
#4997=EDGE_LOOP('',(#1543,#1544,#1545,#1546));
#4998=EDGE_LOOP('',(#1547,#1548,#1549,#1550));
#4999=EDGE_LOOP('',(#1551,#1552,#1553,#1554));
#5000=EDGE_LOOP('',(#1555,#1556,#1557,#1558));
#5001=EDGE_LOOP('',(#1559,#1560,#1561,#1562));
#5002=EDGE_LOOP('',(#1563,#1564,#1565,#1566));
#5003=EDGE_LOOP('',(#1567,#1568,#1569,#1570));
#5004=EDGE_LOOP('',(#1571,#1572,#1573,#1574));
#5005=EDGE_LOOP('',(#1575,#1576,#1577,#1578));
#5006=EDGE_LOOP('',(#1579,#1580,#1581,#1582,#1583,#1584,#1585,#1586,#1587,
#1588,#1589,#1590));
#5007=EDGE_LOOP('',(#1591,#1592,#1593,#1594));
#5008=EDGE_LOOP('',(#1595,#1596,#1597,#1598));
#5009=EDGE_LOOP('',(#1599,#1600,#1601,#1602));
#5010=EDGE_LOOP('',(#1603,#1604,#1605,#1606));
#5011=EDGE_LOOP('',(#1607,#1608,#1609,#1610));
#5012=EDGE_LOOP('',(#1611,#1612,#1613,#1614));
#5013=EDGE_LOOP('',(#1615,#1616,#1617,#1618));
#5014=EDGE_LOOP('',(#1619,#1620,#1621,#1622));
#5015=EDGE_LOOP('',(#1623,#1624,#1625,#1626));
#5016=EDGE_LOOP('',(#1627,#1628,#1629,#1630));
#5017=EDGE_LOOP('',(#1631,#1632,#1633,#1634));
#5018=EDGE_LOOP('',(#1635,#1636,#1637,#1638));
#5019=EDGE_LOOP('',(#1639,#1640,#1641,#1642));
#5020=EDGE_LOOP('',(#1643,#1644,#1645,#1646,#1647,#1648,#1649,#1650,#1651,
#1652,#1653,#1654));
#5021=EDGE_LOOP('',(#1655,#1656,#1657,#1658));
#5022=EDGE_LOOP('',(#1659,#1660,#1661,#1662));
#5023=EDGE_LOOP('',(#1663,#1664,#1665,#1666));
#5024=EDGE_LOOP('',(#1667,#1668,#1669,#1670));
#5025=EDGE_LOOP('',(#1671,#1672,#1673,#1674));
#5026=EDGE_LOOP('',(#1675,#1676,#1677,#1678));
#5027=EDGE_LOOP('',(#1679,#1680,#1681,#1682));
#5028=EDGE_LOOP('',(#1683,#1684,#1685,#1686));
#5029=EDGE_LOOP('',(#1687,#1688,#1689,#1690));
#5030=EDGE_LOOP('',(#1691,#1692,#1693,#1694));
#5031=EDGE_LOOP('',(#1695,#1696,#1697,#1698));
#5032=EDGE_LOOP('',(#1699,#1700,#1701,#1702));
#5033=EDGE_LOOP('',(#1703,#1704,#1705,#1706));
#5034=EDGE_LOOP('',(#1707,#1708,#1709,#1710));
#5035=EDGE_LOOP('',(#1711,#1712,#1713,#1714));
#5036=EDGE_LOOP('',(#1715,#1716,#1717,#1718));
#5037=EDGE_LOOP('',(#1719,#1720,#1721,#1722));
#5038=EDGE_LOOP('',(#1723,#1724,#1725,#1726));
#5039=EDGE_LOOP('',(#1727,#1728,#1729,#1730));
#5040=EDGE_LOOP('',(#1731,#1732,#1733,#1734));
#5041=EDGE_LOOP('',(#1735,#1736,#1737,#1738));
#5042=EDGE_LOOP('',(#1739,#1740,#1741,#1742));
#5043=EDGE_LOOP('',(#1743,#1744,#1745,#1746));
#5044=EDGE_LOOP('',(#1747,#1748,#1749,#1750));
#5045=EDGE_LOOP('',(#1751,#1752,#1753,#1754));
#5046=EDGE_LOOP('',(#1755,#1756,#1757,#1758));
#5047=EDGE_LOOP('',(#1759,#1760,#1761,#1762));
#5048=EDGE_LOOP('',(#1763,#1764,#1765,#1766));
#5049=EDGE_LOOP('',(#1767,#1768,#1769,#1770));
#5050=EDGE_LOOP('',(#1771,#1772,#1773,#1774));
#5051=EDGE_LOOP('',(#1775,#1776,#1777,#1778,#1779,#1780,#1781,#1782,#1783,
#1784,#1785,#1786,#1787,#1788,#1789,#1790,#1791,#1792,#1793,#1794,#1795,
#1796,#1797,#1798,#1799,#1800,#1801,#1802,#1803,#1804));
#5052=EDGE_LOOP('',(#1805,#1806,#1807,#1808,#1809,#1810,#1811,#1812,#1813,
#1814,#1815,#1816,#1817,#1818,#1819,#1820,#1821,#1822,#1823,#1824,#1825,
#1826,#1827,#1828,#1829,#1830,#1831,#1832,#1833,#1834));
#5053=FACE_BOUND('',#4759,.T.);
#5054=FACE_BOUND('',#4760,.T.);
#5055=FACE_BOUND('',#4761,.T.);
#5056=FACE_BOUND('',#4762,.T.);
#5057=FACE_BOUND('',#4763,.T.);
#5058=FACE_BOUND('',#4764,.T.);
#5059=FACE_BOUND('',#4765,.T.);
#5060=FACE_BOUND('',#4766,.T.);
#5061=FACE_BOUND('',#4767,.T.);
#5062=FACE_BOUND('',#4768,.T.);
#5063=FACE_BOUND('',#4769,.T.);
#5064=FACE_BOUND('',#4770,.T.);
#5065=FACE_BOUND('',#4771,.T.);
#5066=FACE_BOUND('',#4772,.T.);
#5067=FACE_BOUND('',#4773,.T.);
#5068=FACE_BOUND('',#4774,.T.);
#5069=FACE_BOUND('',#4775,.T.);
#5070=FACE_BOUND('',#4776,.T.);
#5071=FACE_BOUND('',#4777,.T.);
#5072=FACE_BOUND('',#4778,.T.);
#5073=FACE_BOUND('',#4779,.T.);
#5074=FACE_BOUND('',#4780,.T.);
#5075=FACE_BOUND('',#4781,.T.);
#5076=FACE_BOUND('',#4782,.T.);
#5077=FACE_BOUND('',#4783,.T.);
#5078=FACE_BOUND('',#4784,.T.);
#5079=FACE_BOUND('',#4785,.T.);
#5080=FACE_BOUND('',#4786,.T.);
#5081=FACE_BOUND('',#4787,.T.);
#5082=FACE_BOUND('',#4788,.T.);
#5083=FACE_BOUND('',#4789,.T.);
#5084=FACE_BOUND('',#4790,.T.);
#5085=FACE_BOUND('',#4791,.T.);
#5086=FACE_BOUND('',#4792,.T.);
#5087=FACE_BOUND('',#4793,.T.);
#5088=FACE_BOUND('',#4794,.T.);
#5089=FACE_BOUND('',#4795,.T.);
#5090=FACE_BOUND('',#4796,.T.);
#5091=FACE_BOUND('',#4797,.T.);
#5092=FACE_BOUND('',#4798,.T.);
#5093=FACE_BOUND('',#4799,.T.);
#5094=FACE_BOUND('',#4800,.T.);
#5095=FACE_BOUND('',#4801,.T.);
#5096=FACE_BOUND('',#4802,.T.);
#5097=FACE_BOUND('',#4803,.T.);
#5098=FACE_BOUND('',#4804,.T.);
#5099=FACE_BOUND('',#4805,.T.);
#5100=FACE_BOUND('',#4806,.T.);
#5101=FACE_BOUND('',#4807,.T.);
#5102=FACE_BOUND('',#4808,.T.);
#5103=FACE_BOUND('',#4809,.T.);
#5104=FACE_BOUND('',#4810,.T.);
#5105=FACE_BOUND('',#4811,.T.);
#5106=FACE_BOUND('',#4812,.T.);
#5107=FACE_BOUND('',#4813,.T.);
#5108=FACE_BOUND('',#4814,.T.);
#5109=FACE_BOUND('',#4815,.T.);
#5110=FACE_BOUND('',#4816,.T.);
#5111=FACE_BOUND('',#4817,.T.);
#5112=FACE_BOUND('',#4818,.T.);
#5113=FACE_BOUND('',#4819,.T.);
#5114=FACE_BOUND('',#4820,.T.);
#5115=FACE_BOUND('',#4821,.T.);
#5116=FACE_BOUND('',#4822,.T.);
#5117=FACE_BOUND('',#4823,.T.);
#5118=FACE_BOUND('',#4824,.T.);
#5119=FACE_BOUND('',#4825,.T.);
#5120=FACE_BOUND('',#4826,.T.);
#5121=FACE_BOUND('',#4827,.T.);
#5122=FACE_BOUND('',#4828,.T.);
#5123=FACE_BOUND('',#4829,.T.);
#5124=FACE_BOUND('',#4830,.T.);
#5125=FACE_BOUND('',#4831,.T.);
#5126=FACE_BOUND('',#4832,.T.);
#5127=FACE_BOUND('',#4833,.T.);
#5128=FACE_BOUND('',#4834,.T.);
#5129=FACE_BOUND('',#4835,.T.);
#5130=FACE_BOUND('',#4836,.T.);
#5131=FACE_BOUND('',#4837,.T.);
#5132=FACE_BOUND('',#4838,.T.);
#5133=FACE_BOUND('',#4839,.T.);
#5134=FACE_BOUND('',#4840,.T.);
#5135=FACE_BOUND('',#4841,.T.);
#5136=FACE_BOUND('',#4842,.T.);
#5137=FACE_BOUND('',#4843,.T.);
#5138=FACE_BOUND('',#4844,.T.);
#5139=FACE_BOUND('',#4845,.T.);
#5140=FACE_BOUND('',#4846,.T.);
#5141=FACE_BOUND('',#4847,.T.);
#5142=FACE_BOUND('',#4848,.T.);
#5143=FACE_BOUND('',#4849,.T.);
#5144=FACE_BOUND('',#4850,.T.);
#5145=FACE_BOUND('',#4851,.T.);
#5146=FACE_BOUND('',#4852,.T.);
#5147=FACE_BOUND('',#4853,.T.);
#5148=FACE_BOUND('',#4854,.T.);
#5149=FACE_BOUND('',#4855,.T.);
#5150=FACE_BOUND('',#4856,.T.);
#5151=FACE_BOUND('',#4857,.T.);
#5152=FACE_BOUND('',#4858,.T.);
#5153=FACE_BOUND('',#4859,.T.);
#5154=FACE_BOUND('',#4860,.T.);
#5155=FACE_BOUND('',#4861,.T.);
#5156=FACE_BOUND('',#4862,.T.);
#5157=FACE_BOUND('',#4863,.T.);
#5158=FACE_BOUND('',#4864,.T.);
#5159=FACE_BOUND('',#4865,.T.);
#5160=FACE_BOUND('',#4866,.T.);
#5161=FACE_BOUND('',#4867,.T.);
#5162=FACE_BOUND('',#4868,.T.);
#5163=FACE_BOUND('',#4869,.T.);
#5164=FACE_BOUND('',#4870,.T.);
#5165=FACE_BOUND('',#4871,.T.);
#5166=FACE_BOUND('',#4872,.T.);
#5167=FACE_BOUND('',#4873,.T.);
#5168=FACE_BOUND('',#4874,.T.);
#5169=FACE_BOUND('',#4875,.T.);
#5170=FACE_BOUND('',#4876,.T.);
#5171=FACE_BOUND('',#4877,.T.);
#5172=FACE_BOUND('',#4878,.T.);
#5173=FACE_BOUND('',#4879,.T.);
#5174=FACE_BOUND('',#4880,.T.);
#5175=FACE_BOUND('',#4881,.T.);
#5176=FACE_BOUND('',#4882,.T.);
#5177=FACE_BOUND('',#4883,.T.);
#5178=FACE_BOUND('',#4884,.T.);
#5179=FACE_BOUND('',#4885,.T.);
#5180=FACE_BOUND('',#4886,.T.);
#5181=FACE_BOUND('',#4887,.T.);
#5182=FACE_BOUND('',#4888,.T.);
#5183=FACE_BOUND('',#4889,.T.);
#5184=FACE_BOUND('',#4890,.T.);
#5185=FACE_BOUND('',#4891,.T.);
#5186=FACE_BOUND('',#4892,.T.);
#5187=FACE_BOUND('',#4893,.T.);
#5188=FACE_BOUND('',#4894,.T.);
#5189=FACE_BOUND('',#4895,.T.);
#5190=FACE_BOUND('',#4896,.T.);
#5191=FACE_BOUND('',#4897,.T.);
#5192=FACE_BOUND('',#4898,.T.);
#5193=FACE_BOUND('',#4899,.T.);
#5194=FACE_BOUND('',#4900,.T.);
#5195=FACE_BOUND('',#4901,.T.);
#5196=FACE_BOUND('',#4902,.T.);
#5197=FACE_BOUND('',#4903,.T.);
#5198=FACE_BOUND('',#4904,.T.);
#5199=FACE_BOUND('',#4905,.T.);
#5200=FACE_BOUND('',#4906,.T.);
#5201=FACE_BOUND('',#4907,.T.);
#5202=FACE_BOUND('',#4908,.T.);
#5203=FACE_BOUND('',#4909,.T.);
#5204=FACE_BOUND('',#4910,.T.);
#5205=FACE_BOUND('',#4911,.T.);
#5206=FACE_BOUND('',#4912,.T.);
#5207=FACE_BOUND('',#4913,.T.);
#5208=FACE_BOUND('',#4914,.T.);
#5209=FACE_BOUND('',#4915,.T.);
#5210=FACE_BOUND('',#4916,.T.);
#5211=FACE_BOUND('',#4917,.T.);
#5212=FACE_BOUND('',#4918,.T.);
#5213=FACE_BOUND('',#4919,.T.);
#5214=FACE_BOUND('',#4920,.T.);
#5215=FACE_BOUND('',#4921,.T.);
#5216=FACE_BOUND('',#4922,.T.);
#5217=FACE_BOUND('',#4923,.T.);
#5218=FACE_BOUND('',#4924,.T.);
#5219=FACE_BOUND('',#4925,.T.);
#5220=FACE_BOUND('',#4926,.T.);
#5221=FACE_BOUND('',#4927,.T.);
#5222=FACE_BOUND('',#4928,.T.);
#5223=FACE_BOUND('',#4929,.T.);
#5224=FACE_BOUND('',#4930,.T.);
#5225=FACE_BOUND('',#4931,.T.);
#5226=FACE_BOUND('',#4932,.T.);
#5227=FACE_BOUND('',#4933,.T.);
#5228=FACE_BOUND('',#4934,.T.);
#5229=FACE_BOUND('',#4935,.T.);
#5230=FACE_BOUND('',#4936,.T.);
#5231=FACE_BOUND('',#4937,.T.);
#5232=FACE_BOUND('',#4938,.T.);
#5233=FACE_BOUND('',#4939,.T.);
#5234=FACE_BOUND('',#4940,.T.);
#5235=FACE_BOUND('',#4941,.T.);
#5236=FACE_BOUND('',#4942,.T.);
#5237=FACE_BOUND('',#4943,.T.);
#5238=FACE_BOUND('',#4944,.T.);
#5239=FACE_BOUND('',#4945,.T.);
#5240=FACE_BOUND('',#4946,.T.);
#5241=FACE_BOUND('',#4947,.T.);
#5242=FACE_BOUND('',#4948,.T.);
#5243=FACE_BOUND('',#4949,.T.);
#5244=FACE_BOUND('',#4950,.T.);
#5245=FACE_BOUND('',#4951,.T.);
#5246=FACE_BOUND('',#4952,.T.);
#5247=FACE_BOUND('',#4953,.T.);
#5248=FACE_BOUND('',#4954,.T.);
#5249=FACE_BOUND('',#4955,.T.);
#5250=FACE_BOUND('',#4956,.T.);
#5251=FACE_BOUND('',#4957,.T.);
#5252=FACE_BOUND('',#4958,.T.);
#5253=FACE_BOUND('',#4959,.T.);
#5254=FACE_BOUND('',#4960,.T.);
#5255=FACE_BOUND('',#4961,.T.);
#5256=FACE_BOUND('',#4962,.T.);
#5257=FACE_BOUND('',#4963,.T.);
#5258=FACE_BOUND('',#4964,.T.);
#5259=FACE_BOUND('',#4965,.T.);
#5260=FACE_BOUND('',#4966,.T.);
#5261=FACE_BOUND('',#4967,.T.);
#5262=FACE_BOUND('',#4968,.T.);
#5263=FACE_BOUND('',#4969,.T.);
#5264=FACE_BOUND('',#4970,.T.);
#5265=FACE_BOUND('',#4971,.T.);
#5266=FACE_BOUND('',#4972,.T.);
#5267=FACE_BOUND('',#4973,.T.);
#5268=FACE_BOUND('',#4974,.T.);
#5269=FACE_BOUND('',#4975,.T.);
#5270=FACE_BOUND('',#4976,.T.);
#5271=FACE_BOUND('',#4977,.T.);
#5272=FACE_BOUND('',#4978,.T.);
#5273=FACE_BOUND('',#4979,.T.);
#5274=FACE_BOUND('',#4980,.T.);
#5275=FACE_BOUND('',#4981,.T.);
#5276=FACE_BOUND('',#4982,.T.);
#5277=FACE_BOUND('',#4983,.T.);
#5278=FACE_BOUND('',#4984,.T.);
#5279=FACE_BOUND('',#4985,.T.);
#5280=FACE_BOUND('',#4986,.T.);
#5281=FACE_BOUND('',#4987,.T.);
#5282=FACE_BOUND('',#4988,.T.);
#5283=FACE_BOUND('',#4989,.T.);
#5284=FACE_BOUND('',#4990,.T.);
#5285=FACE_BOUND('',#4991,.T.);
#5286=FACE_BOUND('',#4992,.T.);
#5287=FACE_BOUND('',#4993,.T.);
#5288=FACE_BOUND('',#4994,.T.);
#5289=FACE_BOUND('',#4995,.T.);
#5290=FACE_BOUND('',#4996,.T.);
#5291=FACE_BOUND('',#4997,.T.);
#5292=FACE_BOUND('',#4998,.T.);
#5293=FACE_BOUND('',#4999,.T.);
#5294=FACE_BOUND('',#5000,.T.);
#5295=FACE_BOUND('',#5001,.T.);
#5296=FACE_BOUND('',#5002,.T.);
#5297=FACE_BOUND('',#5003,.T.);
#5298=FACE_BOUND('',#5004,.T.);
#5299=FACE_BOUND('',#5005,.T.);
#5300=FACE_BOUND('',#5006,.T.);
#5301=FACE_BOUND('',#5007,.T.);
#5302=FACE_BOUND('',#5008,.T.);
#5303=FACE_BOUND('',#5009,.T.);
#5304=FACE_BOUND('',#5010,.T.);
#5305=FACE_BOUND('',#5011,.T.);
#5306=FACE_BOUND('',#5012,.T.);
#5307=FACE_BOUND('',#5013,.T.);
#5308=FACE_BOUND('',#5014,.T.);
#5309=FACE_BOUND('',#5015,.T.);
#5310=FACE_BOUND('',#5016,.T.);
#5311=FACE_BOUND('',#5017,.T.);
#5312=FACE_BOUND('',#5018,.T.);
#5313=FACE_BOUND('',#5019,.T.);
#5314=FACE_BOUND('',#5020,.T.);
#5315=FACE_BOUND('',#5021,.T.);
#5316=FACE_BOUND('',#5022,.T.);
#5317=FACE_BOUND('',#5023,.T.);
#5318=FACE_BOUND('',#5024,.T.);
#5319=FACE_BOUND('',#5025,.T.);
#5320=FACE_BOUND('',#5026,.T.);
#5321=FACE_BOUND('',#5027,.T.);
#5322=FACE_BOUND('',#5028,.T.);
#5323=FACE_BOUND('',#5029,.T.);
#5324=FACE_BOUND('',#5030,.T.);
#5325=FACE_BOUND('',#5031,.T.);
#5326=FACE_BOUND('',#5032,.T.);
#5327=FACE_BOUND('',#5033,.T.);
#5328=FACE_BOUND('',#5034,.T.);
#5329=FACE_BOUND('',#5035,.T.);
#5330=FACE_BOUND('',#5036,.T.);
#5331=FACE_BOUND('',#5037,.T.);
#5332=FACE_BOUND('',#5038,.T.);
#5333=FACE_BOUND('',#5039,.T.);
#5334=FACE_BOUND('',#5040,.T.);
#5335=FACE_BOUND('',#5041,.T.);
#5336=FACE_BOUND('',#5042,.T.);
#5337=FACE_BOUND('',#5043,.T.);
#5338=FACE_BOUND('',#5044,.T.);
#5339=FACE_BOUND('',#5045,.T.);
#5340=FACE_BOUND('',#5046,.T.);
#5341=FACE_BOUND('',#5047,.T.);
#5342=FACE_BOUND('',#5048,.T.);
#5343=FACE_BOUND('',#5049,.T.);
#5344=FACE_BOUND('',#5050,.T.);
#5345=FACE_BOUND('',#5051,.T.);
#5346=FACE_BOUND('',#5052,.T.);
#5347=PLANE('',#5931);
#5348=PLANE('',#5932);
#5349=PLANE('',#5933);
#5350=PLANE('',#5937);
#5351=PLANE('',#5938);
#5352=PLANE('',#5939);
#5353=PLANE('',#5940);
#5354=PLANE('',#5941);
#5355=PLANE('',#5942);
#5356=PLANE('',#5943);
#5357=PLANE('',#5944);
#5358=PLANE('',#5945);
#5359=PLANE('',#5946);
#5360=PLANE('',#5947);
#5361=PLANE('',#5948);
#5362=PLANE('',#5949);
#5363=PLANE('',#5950);
#5364=PLANE('',#5951);
#5365=PLANE('',#5952);
#5366=PLANE('',#5953);
#5367=PLANE('',#5954);
#5368=PLANE('',#5955);
#5369=PLANE('',#5956);
#5370=PLANE('',#5957);
#5371=PLANE('',#5958);
#5372=PLANE('',#5959);
#5373=PLANE('',#5960);
#5374=PLANE('',#5961);
#5375=PLANE('',#5962);
#5376=PLANE('',#5963);
#5377=PLANE('',#5964);
#5378=PLANE('',#5965);
#5379=PLANE('',#5966);
#5380=PLANE('',#5967);
#5381=PLANE('',#5968);
#5382=PLANE('',#5969);
#5383=PLANE('',#5970);
#5384=PLANE('',#5971);
#5385=PLANE('',#5972);
#5386=PLANE('',#5973);
#5387=PLANE('',#5974);
#5388=PLANE('',#5975);
#5389=PLANE('',#5976);
#5390=PLANE('',#5977);
#5391=PLANE('',#5978);
#5392=PLANE('',#5979);
#5393=PLANE('',#5980);
#5394=PLANE('',#5981);
#5395=PLANE('',#5982);
#5396=PLANE('',#5983);
#5397=PLANE('',#5984);
#5398=PLANE('',#5985);
#5399=PLANE('',#5986);
#5400=PLANE('',#5987);
#5401=PLANE('',#5988);
#5402=PLANE('',#5989);
#5403=PLANE('',#5990);
#5404=PLANE('',#5991);
#5405=PLANE('',#5992);
#5406=PLANE('',#5993);
#5407=PLANE('',#5994);
#5408=PLANE('',#5995);
#5409=PLANE('',#5996);
#5410=PLANE('',#5997);
#5411=PLANE('',#5998);
#5412=PLANE('',#5999);
#5413=PLANE('',#6000);
#5414=PLANE('',#6001);
#5415=PLANE('',#6002);
#5416=PLANE('',#6003);
#5417=PLANE('',#6004);
#5418=PLANE('',#6005);
#5419=PLANE('',#6006);
#5420=PLANE('',#6007);
#5421=PLANE('',#6008);
#5422=PLANE('',#6009);
#5423=PLANE('',#6010);
#5424=PLANE('',#6011);
#5425=PLANE('',#6012);
#5426=PLANE('',#6013);
#5427=PLANE('',#6014);
#5428=PLANE('',#6015);
#5429=PLANE('',#6016);
#5430=PLANE('',#6017);
#5431=PLANE('',#6018);
#5432=PLANE('',#6019);
#5433=PLANE('',#6020);
#5434=PLANE('',#6021);
#5435=PLANE('',#6022);
#5436=PLANE('',#6023);
#5437=PLANE('',#6024);
#5438=PLANE('',#6025);
#5439=PLANE('',#6026);
#5440=PLANE('',#6027);
#5441=PLANE('',#6028);
#5442=PLANE('',#6029);
#5443=PLANE('',#6030);
#5444=PLANE('',#6031);
#5445=PLANE('',#6032);
#5446=PLANE('',#6033);
#5447=PLANE('',#6034);
#5448=PLANE('',#6035);
#5449=PLANE('',#6036);
#5450=PLANE('',#6037);
#5451=PLANE('',#6038);
#5452=PLANE('',#6039);
#5453=PLANE('',#6040);
#5454=PLANE('',#6041);
#5455=PLANE('',#6042);
#5456=PLANE('',#6043);
#5457=PLANE('',#6044);
#5458=PLANE('',#6045);
#5459=PLANE('',#6046);
#5460=PLANE('',#6047);
#5461=PLANE('',#6048);
#5462=PLANE('',#6049);
#5463=PLANE('',#6050);
#5464=PLANE('',#6051);
#5465=PLANE('',#6052);
#5466=PLANE('',#6053);
#5467=PLANE('',#6054);
#5468=PLANE('',#6055);
#5469=PLANE('',#6056);
#5470=PLANE('',#6057);
#5471=PLANE('',#6058);
#5472=PLANE('',#6059);
#5473=PLANE('',#6060);
#5474=PLANE('',#6061);
#5475=PLANE('',#6062);
#5476=PLANE('',#6063);
#5477=PLANE('',#6064);
#5478=PLANE('',#6065);
#5479=PLANE('',#6066);
#5480=PLANE('',#6067);
#5481=PLANE('',#6068);
#5482=PLANE('',#6069);
#5483=PLANE('',#6070);
#5484=PLANE('',#6071);
#5485=PLANE('',#6072);
#5486=PLANE('',#6073);
#5487=PLANE('',#6074);
#5488=PLANE('',#6075);
#5489=PLANE('',#6076);
#5490=PLANE('',#6077);
#5491=PLANE('',#6078);
#5492=PLANE('',#6082);
#5493=PLANE('',#6083);
#5494=PLANE('',#6084);
#5495=PLANE('',#6085);
#5496=PLANE('',#6087);
#5497=PLANE('',#6088);
#5498=PLANE('',#6089);
#5499=PLANE('',#6095);
#5500=PLANE('',#6096);
#5501=PLANE('',#6097);
#5502=PLANE('',#6103);
#5503=PLANE('',#6107);
#5504=PLANE('',#6111);
#5505=PLANE('',#6112);
#5506=PLANE('',#6115);
#5507=PLANE('',#6116);
#5508=PLANE('',#6120);
#5509=PLANE('',#6121);
#5510=PLANE('',#6122);
#5511=PLANE('',#6124);
#5512=PLANE('',#6126);
#5513=PLANE('',#6127);
#5514=PLANE('',#6129);
#5515=PLANE('',#6131);
#5516=PLANE('',#6132);
#5517=PLANE('',#6133);
#5518=PLANE('',#6135);
#5519=PLANE('',#6136);
#5520=PLANE('',#6137);
#5521=PLANE('',#6139);
#5522=PLANE('',#6141);
#5523=PLANE('',#6142);
#5524=PLANE('',#6143);
#5525=PLANE('',#6145);
#5526=PLANE('',#6147);
#5527=PLANE('',#6148);
#5528=PLANE('',#6149);
#5529=PLANE('',#6150);
#5530=PLANE('',#6152);
#5531=PLANE('',#6153);
#5532=PLANE('',#6154);
#5533=PLANE('',#6164);
#5534=PLANE('',#6165);
#5535=PLANE('',#6166);
#5536=PLANE('',#6176);
#5537=PLANE('',#6181);
#5538=PLANE('',#6186);
#5539=PLANE('',#6187);
#5540=PLANE('',#6193);
#5541=PLANE('',#6194);
#5542=PLANE('',#6200);
#5543=PLANE('',#6202);
#5544=PLANE('',#6203);
#5545=PLANE('',#6204);
#5546=PLANE('',#6205);
#5547=PLANE('',#6208);
#5548=PLANE('',#6211);
#5549=PLANE('',#6214);
#5550=PLANE('',#6215);
#5551=PLANE('',#6216);
#5552=PLANE('',#6218);
#5553=PLANE('',#6220);
#5554=PLANE('',#6221);
#5555=PLANE('',#6222);
#5556=PLANE('',#6223);
#5557=PLANE('',#6225);
#5558=PLANE('',#6226);
#5559=PLANE('',#6227);
#5560=PLANE('',#6228);
#5561=PLANE('',#6231);
#5562=PLANE('',#6233);
#5563=PLANE('',#6235);
#5564=PLANE('',#6238);
#5565=PLANE('',#6239);
#5566=PLANE('',#6240);
#5567=PLANE('',#6242);
#5568=PLANE('',#6244);
#5569=PLANE('',#6245);
#5570=PLANE('',#6246);
#5571=PLANE('',#6247);
#5572=PLANE('',#6249);
#5573=PLANE('',#6250);
#5574=PLANE('',#6251);
#5575=PLANE('',#6252);
#5576=PLANE('',#6256);
#5577=PLANE('',#6260);
#5578=PLANE('',#6264);
#5579=PLANE('',#6265);
#5580=PLANE('',#6266);
#5581=PLANE('',#6270);
#5582=PLANE('',#6274);
#5583=PLANE('',#6278);
#5584=PLANE('',#6282);
#5585=PLANE('',#6283);
#5586=PLANE('',#6284);
#5587=PLANE('',#6285);
#5588=PLANE('',#6286);
#5589=PLANE('',#6287);
#5590=PLANE('',#6291);
#5591=PLANE('',#6295);
#5592=PLANE('',#6296);
#5593=PLANE('',#6297);
#5594=PLANE('',#6298);
#5595=ADVANCED_FACE('',(#5053),#5347,.F.);
#5596=ADVANCED_FACE('',(#5054),#5348,.F.);
#5597=ADVANCED_FACE('',(#5055),#5349,.F.);
#5598=ADVANCED_FACE('',(#5056),#116,.T.);
#5599=ADVANCED_FACE('',(#5057),#5350,.T.);
#5600=ADVANCED_FACE('',(#5058),#5351,.F.);
#5601=ADVANCED_FACE('',(#5059),#5352,.F.);
#5602=ADVANCED_FACE('',(#5060),#5353,.T.);
#5603=ADVANCED_FACE('',(#5061),#5354,.F.);
#5604=ADVANCED_FACE('',(#5062),#5355,.F.);
#5605=ADVANCED_FACE('',(#5063),#5356,.F.);
#5606=ADVANCED_FACE('',(#5064),#5357,.F.);
#5607=ADVANCED_FACE('',(#5065),#5358,.F.);
#5608=ADVANCED_FACE('',(#5066),#5359,.T.);
#5609=ADVANCED_FACE('',(#5067),#5360,.T.);
#5610=ADVANCED_FACE('',(#5068),#5361,.T.);
#5611=ADVANCED_FACE('',(#5069),#5362,.T.);
#5612=ADVANCED_FACE('',(#5070),#5363,.T.);
#5613=ADVANCED_FACE('',(#5071),#5364,.T.);
#5614=ADVANCED_FACE('',(#5072),#5365,.T.);
#5615=ADVANCED_FACE('',(#5073),#5366,.T.);
#5616=ADVANCED_FACE('',(#5074),#5367,.T.);
#5617=ADVANCED_FACE('',(#5075),#5368,.T.);
#5618=ADVANCED_FACE('',(#5076),#5369,.T.);
#5619=ADVANCED_FACE('',(#5077,#5078,#5079,#5080),#5370,.T.);
#5620=ADVANCED_FACE('',(#5081),#5371,.T.);
#5621=ADVANCED_FACE('',(#5082),#5372,.T.);
#5622=ADVANCED_FACE('',(#5083),#5373,.T.);
#5623=ADVANCED_FACE('',(#5084),#5374,.T.);
#5624=ADVANCED_FACE('',(#5085),#5375,.T.);
#5625=ADVANCED_FACE('',(#5086),#5376,.T.);
#5626=ADVANCED_FACE('',(#5087),#5377,.T.);
#5627=ADVANCED_FACE('',(#5088),#5378,.T.);
#5628=ADVANCED_FACE('',(#5089),#5379,.T.);
#5629=ADVANCED_FACE('',(#5090),#5380,.T.);
#5630=ADVANCED_FACE('',(#5091),#5381,.T.);
#5631=ADVANCED_FACE('',(#5092),#5382,.T.);
#5632=ADVANCED_FACE('',(#5093,#5094),#5383,.F.);
#5633=ADVANCED_FACE('',(#5095),#5384,.T.);
#5634=ADVANCED_FACE('',(#5096),#5385,.F.);
#5635=ADVANCED_FACE('',(#5097),#5386,.T.);
#5636=ADVANCED_FACE('',(#5098),#5387,.T.);
#5637=ADVANCED_FACE('',(#5099),#5388,.T.);
#5638=ADVANCED_FACE('',(#5100),#5389,.T.);
#5639=ADVANCED_FACE('',(#5101),#5390,.T.);
#5640=ADVANCED_FACE('',(#5102),#5391,.T.);
#5641=ADVANCED_FACE('',(#5103),#5392,.F.);
#5642=ADVANCED_FACE('',(#5104,#5105),#5393,.T.);
#5643=ADVANCED_FACE('',(#5106),#5394,.F.);
#5644=ADVANCED_FACE('',(#5107),#5395,.T.);
#5645=ADVANCED_FACE('',(#5108),#5396,.T.);
#5646=ADVANCED_FACE('',(#5109),#5397,.F.);
#5647=ADVANCED_FACE('',(#5110),#5398,.F.);
#5648=ADVANCED_FACE('',(#5111),#5399,.F.);
#5649=ADVANCED_FACE('',(#5112),#5400,.F.);
#5650=ADVANCED_FACE('',(#5113,#5114,#5115),#5401,.T.);
#5651=ADVANCED_FACE('',(#5116),#5402,.T.);
#5652=ADVANCED_FACE('',(#5117),#5403,.F.);
#5653=ADVANCED_FACE('',(#5118),#5404,.F.);
#5654=ADVANCED_FACE('',(#5119),#5405,.F.);
#5655=ADVANCED_FACE('',(#5120),#5406,.F.);
#5656=ADVANCED_FACE('',(#5121),#5407,.F.);
#5657=ADVANCED_FACE('',(#5122),#5408,.T.);
#5658=ADVANCED_FACE('',(#5123),#5409,.F.);
#5659=ADVANCED_FACE('',(#5124),#5410,.F.);
#5660=ADVANCED_FACE('',(#5125),#5411,.F.);
#5661=ADVANCED_FACE('',(#5126),#5412,.F.);
#5662=ADVANCED_FACE('',(#5127),#5413,.T.);
#5663=ADVANCED_FACE('',(#5128),#5414,.T.);
#5664=ADVANCED_FACE('',(#5129),#5415,.T.);
#5665=ADVANCED_FACE('',(#5130),#5416,.T.);
#5666=ADVANCED_FACE('',(#5131),#5417,.T.);
#5667=ADVANCED_FACE('',(#5132),#5418,.T.);
#5668=ADVANCED_FACE('',(#5133),#5419,.T.);
#5669=ADVANCED_FACE('',(#5134),#5420,.F.);
#5670=ADVANCED_FACE('',(#5135),#5421,.F.);
#5671=ADVANCED_FACE('',(#5136),#5422,.F.);
#5672=ADVANCED_FACE('',(#5137),#5423,.F.);
#5673=ADVANCED_FACE('',(#5138),#5424,.F.);
#5674=ADVANCED_FACE('',(#5139),#5425,.T.);
#5675=ADVANCED_FACE('',(#5140),#5426,.F.);
#5676=ADVANCED_FACE('',(#5141),#5427,.T.);
#5677=ADVANCED_FACE('',(#5142),#5428,.T.);
#5678=ADVANCED_FACE('',(#5143),#5429,.T.);
#5679=ADVANCED_FACE('',(#5144),#5430,.T.);
#5680=ADVANCED_FACE('',(#5145),#5431,.T.);
#5681=ADVANCED_FACE('',(#5146),#5432,.T.);
#5682=ADVANCED_FACE('',(#5147),#5433,.T.);
#5683=ADVANCED_FACE('',(#5148),#5434,.T.);
#5684=ADVANCED_FACE('',(#5149),#5435,.T.);
#5685=ADVANCED_FACE('',(#5150),#5436,.T.);
#5686=ADVANCED_FACE('',(#5151),#5437,.T.);
#5687=ADVANCED_FACE('',(#5152),#5438,.T.);
#5688=ADVANCED_FACE('',(#5153),#5439,.T.);
#5689=ADVANCED_FACE('',(#5154),#5440,.T.);
#5690=ADVANCED_FACE('',(#5155),#5441,.F.);
#5691=ADVANCED_FACE('',(#5156),#5442,.T.);
#5692=ADVANCED_FACE('',(#5157),#5443,.T.);
#5693=ADVANCED_FACE('',(#5158),#5444,.T.);
#5694=ADVANCED_FACE('',(#5159),#5445,.F.);
#5695=ADVANCED_FACE('',(#5160),#5446,.T.);
#5696=ADVANCED_FACE('',(#5161),#5447,.T.);
#5697=ADVANCED_FACE('',(#5162),#5448,.T.);
#5698=ADVANCED_FACE('',(#5163),#5449,.T.);
#5699=ADVANCED_FACE('',(#5164),#5450,.T.);
#5700=ADVANCED_FACE('',(#5165),#5451,.T.);
#5701=ADVANCED_FACE('',(#5166),#5452,.T.);
#5702=ADVANCED_FACE('',(#5167),#5453,.T.);
#5703=ADVANCED_FACE('',(#5168),#5454,.T.);
#5704=ADVANCED_FACE('',(#5169),#5455,.T.);
#5705=ADVANCED_FACE('',(#5170),#5456,.F.);
#5706=ADVANCED_FACE('',(#5171),#5457,.F.);
#5707=ADVANCED_FACE('',(#5172),#5458,.F.);
#5708=ADVANCED_FACE('',(#5173),#5459,.F.);
#5709=ADVANCED_FACE('',(#5174),#5460,.T.);
#5710=ADVANCED_FACE('',(#5175),#5461,.T.);
#5711=ADVANCED_FACE('',(#5176),#5462,.T.);
#5712=ADVANCED_FACE('',(#5177),#5463,.T.);
#5713=ADVANCED_FACE('',(#5178),#5464,.T.);
#5714=ADVANCED_FACE('',(#5179),#5465,.T.);
#5715=ADVANCED_FACE('',(#5180),#5466,.T.);
#5716=ADVANCED_FACE('',(#5181),#5467,.T.);
#5717=ADVANCED_FACE('',(#5182),#5468,.F.);
#5718=ADVANCED_FACE('',(#5183),#5469,.T.);
#5719=ADVANCED_FACE('',(#5184),#5470,.F.);
#5720=ADVANCED_FACE('',(#5185),#5471,.T.);
#5721=ADVANCED_FACE('',(#5186),#5472,.T.);
#5722=ADVANCED_FACE('',(#5187),#5473,.T.);
#5723=ADVANCED_FACE('',(#5188),#5474,.T.);
#5724=ADVANCED_FACE('',(#5189),#5475,.T.);
#5725=ADVANCED_FACE('',(#5190),#5476,.T.);
#5726=ADVANCED_FACE('',(#5191),#5477,.T.);
#5727=ADVANCED_FACE('',(#5192),#5478,.T.);
#5728=ADVANCED_FACE('',(#5193),#5479,.T.);
#5729=ADVANCED_FACE('',(#5194),#5480,.F.);
#5730=ADVANCED_FACE('',(#5195),#5481,.T.);
#5731=ADVANCED_FACE('',(#5196),#5482,.F.);
#5732=ADVANCED_FACE('',(#5197),#5483,.T.);
#5733=ADVANCED_FACE('',(#5198),#5484,.T.);
#5734=ADVANCED_FACE('',(#5199),#5485,.F.);
#5735=ADVANCED_FACE('',(#5200),#5486,.F.);
#5736=ADVANCED_FACE('',(#5201),#5487,.F.);
#5737=ADVANCED_FACE('',(#5202),#5488,.T.);
#5738=ADVANCED_FACE('',(#5203),#5489,.F.);
#5739=ADVANCED_FACE('',(#5204),#5490,.F.);
#5740=ADVANCED_FACE('',(#5205),#5491,.F.);
#5741=ADVANCED_FACE('',(#5206),#117,.T.);
#5742=ADVANCED_FACE('',(#5207),#5492,.T.);
#5743=ADVANCED_FACE('',(#5208),#5493,.F.);
#5744=ADVANCED_FACE('',(#5209),#5494,.F.);
#5745=ADVANCED_FACE('',(#5210),#5495,.F.);
#5746=ADVANCED_FACE('',(#5211),#5496,.F.);
#5747=ADVANCED_FACE('',(#5212),#5497,.F.);
#5748=ADVANCED_FACE('',(#5213),#5498,.F.);
#5749=ADVANCED_FACE('',(#5214),#5499,.F.);
#5750=ADVANCED_FACE('',(#5215),#5500,.F.);
#5751=ADVANCED_FACE('',(#5216),#5501,.T.);
#5752=ADVANCED_FACE('',(#5217),#5502,.F.);
#5753=ADVANCED_FACE('',(#5218),#5503,.F.);
#5754=ADVANCED_FACE('',(#5219),#5504,.F.);
#5755=ADVANCED_FACE('',(#5220),#5505,.F.);
#5756=ADVANCED_FACE('',(#5221),#5506,.F.);
#5757=ADVANCED_FACE('',(#5222),#5507,.F.);
#5758=ADVANCED_FACE('',(#5223),#118,.T.);
#5759=ADVANCED_FACE('',(#5224),#5508,.F.);
#5760=ADVANCED_FACE('',(#5225),#5509,.F.);
#5761=ADVANCED_FACE('',(#5226),#5510,.F.);
#5762=ADVANCED_FACE('',(#5227),#119,.F.);
#5763=ADVANCED_FACE('',(#5228),#5511,.F.);
#5764=ADVANCED_FACE('',(#5229),#120,.F.);
#5765=ADVANCED_FACE('',(#5230),#5512,.F.);
#5766=ADVANCED_FACE('',(#5231),#5513,.F.);
#5767=ADVANCED_FACE('',(#5232),#121,.F.);
#5768=ADVANCED_FACE('',(#5233),#5514,.F.);
#5769=ADVANCED_FACE('',(#5234),#122,.F.);
#5770=ADVANCED_FACE('',(#5235),#5515,.F.);
#5771=ADVANCED_FACE('',(#5236),#5516,.F.);
#5772=ADVANCED_FACE('',(#5237),#5517,.F.);
#5773=ADVANCED_FACE('',(#5238),#123,.T.);
#5774=ADVANCED_FACE('',(#5239),#5518,.F.);
#5775=ADVANCED_FACE('',(#5240),#5519,.F.);
#5776=ADVANCED_FACE('',(#5241),#5520,.F.);
#5777=ADVANCED_FACE('',(#5242),#124,.F.);
#5778=ADVANCED_FACE('',(#5243),#5521,.F.);
#5779=ADVANCED_FACE('',(#5244),#125,.F.);
#5780=ADVANCED_FACE('',(#5245),#5522,.F.);
#5781=ADVANCED_FACE('',(#5246),#5523,.F.);
#5782=ADVANCED_FACE('',(#5247),#5524,.F.);
#5783=ADVANCED_FACE('',(#5248),#126,.F.);
#5784=ADVANCED_FACE('',(#5249),#5525,.F.);
#5785=ADVANCED_FACE('',(#5250),#127,.F.);
#5786=ADVANCED_FACE('',(#5251),#5526,.F.);
#5787=ADVANCED_FACE('',(#5252),#5527,.F.);
#5788=ADVANCED_FACE('',(#5253),#5528,.F.);
#5789=ADVANCED_FACE('',(#5254),#5529,.T.);
#5790=ADVANCED_FACE('',(#5255),#5530,.F.);
#5791=ADVANCED_FACE('',(#5256),#5531,.F.);
#5792=ADVANCED_FACE('',(#5257),#5532,.F.);
#5793=ADVANCED_FACE('',(#5258),#5533,.F.);
#5794=ADVANCED_FACE('',(#5259),#5534,.F.);
#5795=ADVANCED_FACE('',(#5260),#5535,.T.);
#5796=ADVANCED_FACE('',(#5261),#5536,.F.);
#5797=ADVANCED_FACE('',(#5262),#5537,.F.);
#5798=ADVANCED_FACE('',(#5263),#5538,.F.);
#5799=ADVANCED_FACE('',(#5264),#5539,.F.);
#5800=ADVANCED_FACE('',(#5265),#5540,.F.);
#5801=ADVANCED_FACE('',(#5266),#5541,.F.);
#5802=ADVANCED_FACE('',(#5267),#5542,.F.);
#5803=ADVANCED_FACE('',(#5268),#128,.F.);
#5804=ADVANCED_FACE('',(#5269),#5543,.F.);
#5805=ADVANCED_FACE('',(#5270),#5544,.F.);
#5806=ADVANCED_FACE('',(#5271),#5545,.F.);
#5807=ADVANCED_FACE('',(#5272),#5546,.F.);
#5808=ADVANCED_FACE('',(#5273),#129,.T.);
#5809=ADVANCED_FACE('',(#5274),#130,.F.);
#5810=ADVANCED_FACE('',(#5275),#5547,.F.);
#5811=ADVANCED_FACE('',(#5276),#131,.F.);
#5812=ADVANCED_FACE('',(#5277),#132,.F.);
#5813=ADVANCED_FACE('',(#5278),#5548,.F.);
#5814=ADVANCED_FACE('',(#5279),#133,.F.);
#5815=ADVANCED_FACE('',(#5280),#134,.T.);
#5816=ADVANCED_FACE('',(#5281),#5549,.F.);
#5817=ADVANCED_FACE('',(#5282),#5550,.F.);
#5818=ADVANCED_FACE('',(#5283),#5551,.F.);
#5819=ADVANCED_FACE('',(#5284),#135,.T.);
#5820=ADVANCED_FACE('',(#5285),#5552,.F.);
#5821=ADVANCED_FACE('',(#5286),#136,.T.);
#5822=ADVANCED_FACE('',(#5287),#5553,.F.);
#5823=ADVANCED_FACE('',(#5288),#5554,.F.);
#5824=ADVANCED_FACE('',(#5289),#5555,.F.);
#5825=ADVANCED_FACE('',(#5290),#5556,.F.);
#5826=ADVANCED_FACE('',(#5291),#137,.F.);
#5827=ADVANCED_FACE('',(#5292),#5557,.F.);
#5828=ADVANCED_FACE('',(#5293),#5558,.F.);
#5829=ADVANCED_FACE('',(#5294),#5559,.F.);
#5830=ADVANCED_FACE('',(#5295),#5560,.F.);
#5831=ADVANCED_FACE('',(#5296),#138,.T.);
#5832=ADVANCED_FACE('',(#5297),#139,.F.);
#5833=ADVANCED_FACE('',(#5298),#5561,.F.);
#5834=ADVANCED_FACE('',(#5299),#140,.F.);
#5835=ADVANCED_FACE('',(#5300),#5562,.F.);
#5836=ADVANCED_FACE('',(#5301),#141,.F.);
#5837=ADVANCED_FACE('',(#5302),#5563,.F.);
#5838=ADVANCED_FACE('',(#5303),#142,.F.);
#5839=ADVANCED_FACE('',(#5304),#143,.T.);
#5840=ADVANCED_FACE('',(#5305),#5564,.F.);
#5841=ADVANCED_FACE('',(#5306),#5565,.F.);
#5842=ADVANCED_FACE('',(#5307),#5566,.F.);
#5843=ADVANCED_FACE('',(#5308),#144,.T.);
#5844=ADVANCED_FACE('',(#5309),#5567,.F.);
#5845=ADVANCED_FACE('',(#5310),#145,.T.);
#5846=ADVANCED_FACE('',(#5311),#5568,.F.);
#5847=ADVANCED_FACE('',(#5312),#5569,.F.);
#5848=ADVANCED_FACE('',(#5313),#5570,.F.);
#5849=ADVANCED_FACE('',(#5314),#5571,.T.);
#5850=ADVANCED_FACE('',(#5315),#5572,.F.);
#5851=ADVANCED_FACE('',(#5316),#5573,.F.);
#5852=ADVANCED_FACE('',(#5317),#5574,.F.);
#5853=ADVANCED_FACE('',(#5318),#5575,.F.);
#5854=ADVANCED_FACE('',(#5319),#146,.F.);
#5855=ADVANCED_FACE('',(#5320),#5576,.F.);
#5856=ADVANCED_FACE('',(#5321),#147,.F.);
#5857=ADVANCED_FACE('',(#5322),#5577,.F.);
#5858=ADVANCED_FACE('',(#5323),#148,.T.);
#5859=ADVANCED_FACE('',(#5324),#5578,.F.);
#5860=ADVANCED_FACE('',(#5325),#5579,.F.);
#5861=ADVANCED_FACE('',(#5326),#5580,.F.);
#5862=ADVANCED_FACE('',(#5327),#149,.F.);
#5863=ADVANCED_FACE('',(#5328),#5581,.F.);
#5864=ADVANCED_FACE('',(#5329),#150,.F.);
#5865=ADVANCED_FACE('',(#5330),#5582,.F.);
#5866=ADVANCED_FACE('',(#5331),#151,.F.);
#5867=ADVANCED_FACE('',(#5332),#5583,.F.);
#5868=ADVANCED_FACE('',(#5333),#152,.T.);
#5869=ADVANCED_FACE('',(#5334),#5584,.F.);
#5870=ADVANCED_FACE('',(#5335),#5585,.F.);
#5871=ADVANCED_FACE('',(#5336),#5586,.F.);
#5872=ADVANCED_FACE('',(#5337),#5587,.F.);
#5873=ADVANCED_FACE('',(#5338),#5588,.F.);
#5874=ADVANCED_FACE('',(#5339),#5589,.F.);
#5875=ADVANCED_FACE('',(#5340),#153,.F.);
#5876=ADVANCED_FACE('',(#5341),#5590,.F.);
#5877=ADVANCED_FACE('',(#5342),#154,.F.);
#5878=ADVANCED_FACE('',(#5343),#5591,.F.);
#5879=ADVANCED_FACE('',(#5344),#5592,.F.);
#5880=ADVANCED_FACE('',(#5345),#5593,.T.);
#5881=ADVANCED_FACE('',(#5346),#5594,.F.);
#5882=CLOSED_SHELL('',(#5595,#5596,#5597,#5598,#5599,#5600,#5601,#5602,
#5603,#5604,#5605,#5606,#5607,#5608,#5609,#5610,#5611,#5612,#5613,#5614,
#5615,#5616,#5617,#5618,#5619,#5620,#5621,#5622,#5623,#5624,#5625,#5626,
#5627,#5628,#5629,#5630,#5631,#5632,#5633,#5634,#5635,#5636,#5637,#5638,
#5639,#5640,#5641,#5642,#5643,#5644,#5645,#5646,#5647,#5648,#5649,#5650,
#5651,#5652,#5653,#5654,#5655,#5656,#5657,#5658,#5659,#5660,#5661,#5662,
#5663,#5664,#5665,#5666,#5667,#5668,#5669,#5670,#5671,#5672,#5673,#5674,
#5675,#5676,#5677,#5678,#5679,#5680,#5681,#5682,#5683,#5684,#5685,#5686,
#5687,#5688,#5689,#5690,#5691,#5692,#5693,#5694,#5695,#5696,#5697,#5698,
#5699,#5700,#5701,#5702,#5703,#5704,#5705,#5706,#5707,#5708,#5709,#5710,
#5711,#5712,#5713,#5714,#5715,#5716,#5717,#5718,#5719,#5720,#5721,#5722,
#5723,#5724,#5725,#5726,#5727,#5728,#5729,#5730,#5731,#5732,#5733,#5734,
#5735,#5736,#5737,#5738,#5739,#5740,#5741,#5742,#5743,#5744,#5745));
#5883=CLOSED_SHELL('',(#5746,#5747,#5748,#5749,#5750,#5751,#5752,#5753,
#5754,#5755,#5756,#5757,#5758,#5759,#5760,#5761,#5762,#5763,#5764,#5765,
#5766,#5767,#5768,#5769,#5770,#5771,#5772,#5773,#5774,#5775,#5776,#5777,
#5778,#5779,#5780,#5781,#5782,#5783,#5784,#5785,#5786,#5787,#5788,#5789));
#5884=CLOSED_SHELL('',(#5790,#5791,#5792,#5793,#5794,#5795,#5796,#5797,
#5798,#5799,#5800,#5801,#5802,#5803,#5804,#5805,#5806,#5807,#5808,#5809,
#5810,#5811,#5812,#5813,#5814,#5815,#5816,#5817,#5818,#5819,#5820,#5821,
#5822,#5823,#5824,#5825,#5826,#5827,#5828,#5829,#5830,#5831,#5832,#5833,
#5834,#5835,#5836,#5837,#5838,#5839,#5840,#5841,#5842,#5843,#5844,#5845,
#5846,#5847,#5848,#5849));
#5885=CLOSED_SHELL('',(#5850,#5851,#5852,#5853,#5854,#5855,#5856,#5857,
#5858,#5859,#5860,#5861,#5862,#5863,#5864,#5865,#5866,#5867,#5868,#5869,
#5870,#5871,#5872,#5873,#5874,#5875,#5876,#5877,#5878,#5879,#5880,#5881));
#5886=STYLED_ITEM('',(#5890),#5916);
#5887=STYLED_ITEM('',(#5891),#5917);
#5888=STYLED_ITEM('',(#5892),#5918);
#5889=STYLED_ITEM('',(#5893),#5919);
#5890=PRESENTATION_STYLE_ASSIGNMENT((#5894));
#5891=PRESENTATION_STYLE_ASSIGNMENT((#5895));
#5892=PRESENTATION_STYLE_ASSIGNMENT((#5896));
#5893=PRESENTATION_STYLE_ASSIGNMENT((#5897));
#5894=SURFACE_STYLE_USAGE(.BOTH.,#5898);
#5895=SURFACE_STYLE_USAGE(.BOTH.,#5899);
#5896=SURFACE_STYLE_USAGE(.BOTH.,#5900);
#5897=SURFACE_STYLE_USAGE(.BOTH.,#5901);
#5898=SURFACE_SIDE_STYLE('',(#5902));
#5899=SURFACE_SIDE_STYLE('',(#5903));
#5900=SURFACE_SIDE_STYLE('',(#5904));
#5901=SURFACE_SIDE_STYLE('',(#5905));
#5902=SURFACE_STYLE_FILL_AREA(#5906);
#5903=SURFACE_STYLE_FILL_AREA(#5907);
#5904=SURFACE_STYLE_FILL_AREA(#5908);
#5905=SURFACE_STYLE_FILL_AREA(#5909);
#5906=FILL_AREA_STYLE('',(#5910));
#5907=FILL_AREA_STYLE('',(#5911));
#5908=FILL_AREA_STYLE('',(#5912));
#5909=FILL_AREA_STYLE('',(#5913));
#5910=FILL_AREA_STYLE_COLOUR('',#5914);
#5911=FILL_AREA_STYLE_COLOUR('',#5915);
#5912=FILL_AREA_STYLE_COLOUR('',#5915);
#5913=FILL_AREA_STYLE_COLOUR('',#5915);
#5914=COLOUR_RGB('',0.95686274766922,0.95686274766922,0.898039221763611);
#5915=COLOUR_RGB('',1.,0.874509811401367,0.149019613862038);
#5916=MANIFOLD_SOLID_BREP('T1T1M-02-T-S-RA-TR',#5882);
#5917=MANIFOLD_SOLID_BREP('P2T1M-02-GF-S-RA-TR',#5883);
#5918=MANIFOLD_SOLID_BREP('P22T1M-02-GF-S-RA-TR',#5884);
#5919=MANIFOLD_SOLID_BREP('WT-68-01-X_wt',#5885);
#5920=SHAPE_DEFINITION_REPRESENTATION(#9512,#5925);
#5921=SHAPE_DEFINITION_REPRESENTATION(#9513,#5926);
#5922=SHAPE_DEFINITION_REPRESENTATION(#9515,#5927);
#5923=SHAPE_DEFINITION_REPRESENTATION(#9517,#5928);
#5924=SHAPE_DEFINITION_REPRESENTATION(#9519,#5929);
#5925=SHAPE_REPRESENTATION('T1M-02-GF-S-RA-TR',(#5930,#6086,#6151,#6248,
#6299,#6300),#9499);
#5926=SHAPE_REPRESENTATION('T1T1M-02-T-S-RA-TR',(#5930),#9500);
#5927=SHAPE_REPRESENTATION('P2T1M-02-GF-S-RA-TR',(#5930),#9501);
#5928=SHAPE_REPRESENTATION('P22T1M-02-GF-S-RA-TR',(#5930),#9502);
#5929=SHAPE_REPRESENTATION('WT-68-01-X_wt',(#5930),#9503);
#5930=AXIS2_PLACEMENT_3D('',#7805,#6301,#6302);
#5931=AXIS2_PLACEMENT_3D('',#7806,#6303,#6304);
#5932=AXIS2_PLACEMENT_3D('',#7815,#6309,#6310);
#5933=AXIS2_PLACEMENT_3D('',#7824,#6315,#6316);
#5934=AXIS2_PLACEMENT_3D('',#7830,#6320,#6321);
#5935=AXIS2_PLACEMENT_3D('',#7831,#6322,#6323);
#5936=AXIS2_PLACEMENT_3D('',#7832,#6324,#6325);
#5937=AXIS2_PLACEMENT_3D('',#7833,#6326,#6327);
#5938=AXIS2_PLACEMENT_3D('',#7846,#6334,#6335);
#5939=AXIS2_PLACEMENT_3D('',#7859,#6342,#6343);
#5940=AXIS2_PLACEMENT_3D('',#7872,#6350,#6351);
#5941=AXIS2_PLACEMENT_3D('',#7885,#6358,#6359);
#5942=AXIS2_PLACEMENT_3D('',#7898,#6366,#6367);
#5943=AXIS2_PLACEMENT_3D('',#7911,#6374,#6375);
#5944=AXIS2_PLACEMENT_3D('',#7920,#6380,#6381);
#5945=AXIS2_PLACEMENT_3D('',#7929,#6386,#6387);
#5946=AXIS2_PLACEMENT_3D('',#7988,#6418,#6419);
#5947=AXIS2_PLACEMENT_3D('',#7997,#6424,#6425);
#5948=AXIS2_PLACEMENT_3D('',#8027,#6441,#6442);
#5949=AXIS2_PLACEMENT_3D('',#8060,#6459,#6460);
#5950=AXIS2_PLACEMENT_3D('',#8093,#6477,#6478);
#5951=AXIS2_PLACEMENT_3D('',#8123,#6494,#6495);
#5952=AXIS2_PLACEMENT_3D('',#8126,#6498,#6499);
#5953=AXIS2_PLACEMENT_3D('',#8160,#6519,#6520);
#5954=AXIS2_PLACEMENT_3D('',#8163,#6523,#6524);
#5955=AXIS2_PLACEMENT_3D('',#8166,#6527,#6528);
#5956=AXIS2_PLACEMENT_3D('',#8169,#6531,#6532);
#5957=AXIS2_PLACEMENT_3D('',#8172,#6535,#6536);
#5958=AXIS2_PLACEMENT_3D('',#8222,#6564,#6565);
#5959=AXIS2_PLACEMENT_3D('',#8228,#6569,#6570);
#5960=AXIS2_PLACEMENT_3D('',#8231,#6573,#6574);
#5961=AXIS2_PLACEMENT_3D('',#8237,#6578,#6579);
#5962=AXIS2_PLACEMENT_3D('',#8240,#6582,#6583);
#5963=AXIS2_PLACEMENT_3D('',#8243,#6586,#6587);
#5964=AXIS2_PLACEMENT_3D('',#8246,#6590,#6591);
#5965=AXIS2_PLACEMENT_3D('',#8249,#6594,#6595);
#5966=AXIS2_PLACEMENT_3D('',#8252,#6598,#6599);
#5967=AXIS2_PLACEMENT_3D('',#8255,#6602,#6603);
#5968=AXIS2_PLACEMENT_3D('',#8259,#6607,#6608);
#5969=AXIS2_PLACEMENT_3D('',#8264,#6612,#6613);
#5970=AXIS2_PLACEMENT_3D('',#8269,#6617,#6618);
#5971=AXIS2_PLACEMENT_3D('',#8294,#6631,#6632);
#5972=AXIS2_PLACEMENT_3D('',#8311,#6642,#6643);
#5973=AXIS2_PLACEMENT_3D('',#8325,#6652,#6653);
#5974=AXIS2_PLACEMENT_3D('',#8331,#6657,#6658);
#5975=AXIS2_PLACEMENT_3D('',#8337,#6662,#6663);
#5976=AXIS2_PLACEMENT_3D('',#8343,#6667,#6668);
#5977=AXIS2_PLACEMENT_3D('',#8349,#6672,#6673);
#5978=AXIS2_PLACEMENT_3D('',#8352,#6676,#6677);
#5979=AXIS2_PLACEMENT_3D('',#8355,#6680,#6681);
#5980=AXIS2_PLACEMENT_3D('',#8376,#6693,#6694);
#5981=AXIS2_PLACEMENT_3D('',#8416,#6717,#6718);
#5982=AXIS2_PLACEMENT_3D('',#8421,#6723,#6724);
#5983=AXIS2_PLACEMENT_3D('',#8424,#6727,#6728);
#5984=AXIS2_PLACEMENT_3D('',#8427,#6731,#6732);
#5985=AXIS2_PLACEMENT_3D('',#8433,#6736,#6737);
#5986=AXIS2_PLACEMENT_3D('',#8442,#6743,#6744);
#5987=AXIS2_PLACEMENT_3D('',#8451,#6750,#6751);
#5988=AXIS2_PLACEMENT_3D('',#8453,#6753,#6754);
#5989=AXIS2_PLACEMENT_3D('',#8454,#6755,#6756);
#5990=AXIS2_PLACEMENT_3D('',#8460,#6760,#6761);
#5991=AXIS2_PLACEMENT_3D('',#8462,#6763,#6764);
#5992=AXIS2_PLACEMENT_3D('',#8464,#6766,#6767);
#5993=AXIS2_PLACEMENT_3D('',#8465,#6768,#6769);
#5994=AXIS2_PLACEMENT_3D('',#8469,#6772,#6773);
#5995=AXIS2_PLACEMENT_3D('',#8473,#6776,#6777);
#5996=AXIS2_PLACEMENT_3D('',#8475,#6779,#6780);
#5997=AXIS2_PLACEMENT_3D('',#8476,#6781,#6782);
#5998=AXIS2_PLACEMENT_3D('',#8478,#6784,#6785);
#5999=AXIS2_PLACEMENT_3D('',#8480,#6787,#6788);
#6000=AXIS2_PLACEMENT_3D('',#8481,#6789,#6790);
#6001=AXIS2_PLACEMENT_3D('',#8495,#6798,#6799);
#6002=AXIS2_PLACEMENT_3D('',#8501,#6803,#6804);
#6003=AXIS2_PLACEMENT_3D('',#8506,#6808,#6809);
#6004=AXIS2_PLACEMENT_3D('',#8510,#6812,#6813);
#6005=AXIS2_PLACEMENT_3D('',#8516,#6817,#6818);
#6006=AXIS2_PLACEMENT_3D('',#8521,#6822,#6823);
#6007=AXIS2_PLACEMENT_3D('',#8525,#6826,#6827);
#6008=AXIS2_PLACEMENT_3D('',#8529,#6830,#6831);
#6009=AXIS2_PLACEMENT_3D('',#8533,#6834,#6835);
#6010=AXIS2_PLACEMENT_3D('',#8539,#6839,#6840);
#6011=AXIS2_PLACEMENT_3D('',#8545,#6844,#6845);
#6012=AXIS2_PLACEMENT_3D('',#8552,#6850,#6851);
#6013=AXIS2_PLACEMENT_3D('',#8553,#6852,#6853);
#6014=AXIS2_PLACEMENT_3D('',#8554,#6854,#6855);
#6015=AXIS2_PLACEMENT_3D('',#8555,#6856,#6857);
#6016=AXIS2_PLACEMENT_3D('',#8556,#6858,#6859);
#6017=AXIS2_PLACEMENT_3D('',#8557,#6860,#6861);
#6018=AXIS2_PLACEMENT_3D('',#8559,#6863,#6864);
#6019=AXIS2_PLACEMENT_3D('',#8560,#6865,#6866);
#6020=AXIS2_PLACEMENT_3D('',#8561,#6867,#6868);
#6021=AXIS2_PLACEMENT_3D('',#8562,#6869,#6870);
#6022=AXIS2_PLACEMENT_3D('',#8563,#6871,#6872);
#6023=AXIS2_PLACEMENT_3D('',#8564,#6873,#6874);
#6024=AXIS2_PLACEMENT_3D('',#8565,#6875,#6876);
#6025=AXIS2_PLACEMENT_3D('',#8566,#6877,#6878);
#6026=AXIS2_PLACEMENT_3D('',#8568,#6880,#6881);
#6027=AXIS2_PLACEMENT_3D('',#8570,#6883,#6884);
#6028=AXIS2_PLACEMENT_3D('',#8572,#6886,#6887);
#6029=AXIS2_PLACEMENT_3D('',#8573,#6888,#6889);
#6030=AXIS2_PLACEMENT_3D('',#8575,#6891,#6892);
#6031=AXIS2_PLACEMENT_3D('',#8577,#6894,#6895);
#6032=AXIS2_PLACEMENT_3D('',#8579,#6897,#6898);
#6033=AXIS2_PLACEMENT_3D('',#8580,#6899,#6900);
#6034=AXIS2_PLACEMENT_3D('',#8583,#6903,#6904);
#6035=AXIS2_PLACEMENT_3D('',#8585,#6906,#6907);
#6036=AXIS2_PLACEMENT_3D('',#8587,#6909,#6910);
#6037=AXIS2_PLACEMENT_3D('',#8588,#6911,#6912);
#6038=AXIS2_PLACEMENT_3D('',#8589,#6913,#6914);
#6039=AXIS2_PLACEMENT_3D('',#8592,#6917,#6918);
#6040=AXIS2_PLACEMENT_3D('',#8593,#6919,#6920);
#6041=AXIS2_PLACEMENT_3D('',#8595,#6922,#6923);
#6042=AXIS2_PLACEMENT_3D('',#8597,#6925,#6926);
#6043=AXIS2_PLACEMENT_3D('',#8598,#6927,#6928);
#6044=AXIS2_PLACEMENT_3D('',#8604,#6932,#6933);
#6045=AXIS2_PLACEMENT_3D('',#8610,#6937,#6938);
#6046=AXIS2_PLACEMENT_3D('',#8613,#6941,#6942);
#6047=AXIS2_PLACEMENT_3D('',#8614,#6943,#6944);
#6048=AXIS2_PLACEMENT_3D('',#8615,#6945,#6946);
#6049=AXIS2_PLACEMENT_3D('',#8619,#6949,#6950);
#6050=AXIS2_PLACEMENT_3D('',#8621,#6952,#6953);
#6051=AXIS2_PLACEMENT_3D('',#8622,#6954,#6955);
#6052=AXIS2_PLACEMENT_3D('',#8626,#6958,#6959);
#6053=AXIS2_PLACEMENT_3D('',#8628,#6961,#6962);
#6054=AXIS2_PLACEMENT_3D('',#8629,#6963,#6964);
#6055=AXIS2_PLACEMENT_3D('',#8633,#6967,#6968);
#6056=AXIS2_PLACEMENT_3D('',#8635,#6970,#6971);
#6057=AXIS2_PLACEMENT_3D('',#8636,#6972,#6973);
#6058=AXIS2_PLACEMENT_3D('',#8640,#6976,#6977);
#6059=AXIS2_PLACEMENT_3D('',#8642,#6979,#6980);
#6060=AXIS2_PLACEMENT_3D('',#8643,#6981,#6982);
#6061=AXIS2_PLACEMENT_3D('',#8647,#6985,#6986);
#6062=AXIS2_PLACEMENT_3D('',#8649,#6988,#6989);
#6063=AXIS2_PLACEMENT_3D('',#8650,#6990,#6991);
#6064=AXIS2_PLACEMENT_3D('',#8654,#6994,#6995);
#6065=AXIS2_PLACEMENT_3D('',#8656,#6997,#6998);
#6066=AXIS2_PLACEMENT_3D('',#8657,#6999,#7000);
#6067=AXIS2_PLACEMENT_3D('',#8661,#7003,#7004);
#6068=AXIS2_PLACEMENT_3D('',#8663,#7006,#7007);
#6069=AXIS2_PLACEMENT_3D('',#8664,#7008,#7009);
#6070=AXIS2_PLACEMENT_3D('',#8668,#7012,#7013);
#6071=AXIS2_PLACEMENT_3D('',#8670,#7015,#7016);
#6072=AXIS2_PLACEMENT_3D('',#8671,#7017,#7018);
#6073=AXIS2_PLACEMENT_3D('',#8677,#7022,#7023);
#6074=AXIS2_PLACEMENT_3D('',#8679,#7025,#7026);
#6075=AXIS2_PLACEMENT_3D('',#8681,#7028,#7029);
#6076=AXIS2_PLACEMENT_3D('',#8682,#7030,#7031);
#6077=AXIS2_PLACEMENT_3D('',#8688,#7035,#7036);
#6078=AXIS2_PLACEMENT_3D('',#8694,#7040,#7041);
#6079=AXIS2_PLACEMENT_3D('',#8700,#7045,#7046);
#6080=AXIS2_PLACEMENT_3D('',#8701,#7047,#7048);
#6081=AXIS2_PLACEMENT_3D('',#8702,#7049,#7050);
#6082=AXIS2_PLACEMENT_3D('',#8703,#7051,#7052);
#6083=AXIS2_PLACEMENT_3D('',#8704,#7053,#7054);
#6084=AXIS2_PLACEMENT_3D('',#8705,#7055,#7056);
#6085=AXIS2_PLACEMENT_3D('',#8706,#7057,#7058);
#6086=AXIS2_PLACEMENT_3D('',#8707,#7059,#7060);
#6087=AXIS2_PLACEMENT_3D('',#8708,#7061,#7062);
#6088=AXIS2_PLACEMENT_3D('',#8717,#7067,#7068);
#6089=AXIS2_PLACEMENT_3D('',#8726,#7073,#7074);
#6090=AXIS2_PLACEMENT_3D('',#8733,#7078,#7079);
#6091=AXIS2_PLACEMENT_3D('',#8737,#7081,#7082);
#6092=AXIS2_PLACEMENT_3D('',#8745,#7086,#7087);
#6093=AXIS2_PLACEMENT_3D('',#8749,#7089,#7090);
#6094=AXIS2_PLACEMENT_3D('',#8757,#7094,#7095);
#6095=AXIS2_PLACEMENT_3D('',#8762,#7098,#7099);
#6096=AXIS2_PLACEMENT_3D('',#8768,#7103,#7104);
#6097=AXIS2_PLACEMENT_3D('',#8777,#7109,#7110);
#6098=AXIS2_PLACEMENT_3D('',#8781,#7113,#7114);
#6099=AXIS2_PLACEMENT_3D('',#8789,#7118,#7119);
#6100=AXIS2_PLACEMENT_3D('',#8793,#7121,#7122);
#6101=AXIS2_PLACEMENT_3D('',#8801,#7126,#7127);
#6102=AXIS2_PLACEMENT_3D('',#8805,#7129,#7130);
#6103=AXIS2_PLACEMENT_3D('',#8810,#7133,#7134);
#6104=AXIS2_PLACEMENT_3D('',#8819,#7139,#7140);
#6105=AXIS2_PLACEMENT_3D('',#8823,#7142,#7143);
#6106=AXIS2_PLACEMENT_3D('',#8831,#7147,#7148);
#6107=AXIS2_PLACEMENT_3D('',#8834,#7150,#7151);
#6108=AXIS2_PLACEMENT_3D('',#8839,#7154,#7155);
#6109=AXIS2_PLACEMENT_3D('',#8847,#7159,#7160);
#6110=AXIS2_PLACEMENT_3D('',#8851,#7162,#7163);
#6111=AXIS2_PLACEMENT_3D('',#8858,#7167,#7168);
#6112=AXIS2_PLACEMENT_3D('',#8861,#7171,#7172);
#6113=AXIS2_PLACEMENT_3D('',#8870,#7177,#7178);
#6114=AXIS2_PLACEMENT_3D('',#8874,#7180,#7181);
#6115=AXIS2_PLACEMENT_3D('',#8879,#7184,#7185);
#6116=AXIS2_PLACEMENT_3D('',#8885,#7189,#7190);
#6117=AXIS2_PLACEMENT_3D('',#8891,#7194,#7195);
#6118=AXIS2_PLACEMENT_3D('',#8895,#7197,#7198);
#6119=AXIS2_PLACEMENT_3D('',#8900,#7201,#7202);
#6120=AXIS2_PLACEMENT_3D('',#8903,#7205,#7206);
#6121=AXIS2_PLACEMENT_3D('',#8904,#7207,#7208);
#6122=AXIS2_PLACEMENT_3D('',#8906,#7210,#7211);
#6123=AXIS2_PLACEMENT_3D('',#8908,#7213,#7214);
#6124=AXIS2_PLACEMENT_3D('',#8910,#7216,#7217);
#6125=AXIS2_PLACEMENT_3D('',#8912,#7219,#7220);
#6126=AXIS2_PLACEMENT_3D('',#8914,#7222,#7223);
#6127=AXIS2_PLACEMENT_3D('',#8916,#7225,#7226);
#6128=AXIS2_PLACEMENT_3D('',#8919,#7229,#7230);
#6129=AXIS2_PLACEMENT_3D('',#8921,#7232,#7233);
#6130=AXIS2_PLACEMENT_3D('',#8923,#7235,#7236);
#6131=AXIS2_PLACEMENT_3D('',#8925,#7238,#7239);
#6132=AXIS2_PLACEMENT_3D('',#8927,#7241,#7242);
#6133=AXIS2_PLACEMENT_3D('',#8929,#7244,#7245);
#6134=AXIS2_PLACEMENT_3D('',#8930,#7246,#7247);
#6135=AXIS2_PLACEMENT_3D('',#8933,#7250,#7251);
#6136=AXIS2_PLACEMENT_3D('',#8934,#7252,#7253);
#6137=AXIS2_PLACEMENT_3D('',#8936,#7255,#7256);
#6138=AXIS2_PLACEMENT_3D('',#8938,#7258,#7259);
#6139=AXIS2_PLACEMENT_3D('',#8940,#7261,#7262);
#6140=AXIS2_PLACEMENT_3D('',#8942,#7264,#7265);
#6141=AXIS2_PLACEMENT_3D('',#8944,#7267,#7268);
#6142=AXIS2_PLACEMENT_3D('',#8946,#7270,#7271);
#6143=AXIS2_PLACEMENT_3D('',#8948,#7273,#7274);
#6144=AXIS2_PLACEMENT_3D('',#8950,#7276,#7277);
#6145=AXIS2_PLACEMENT_3D('',#8952,#7279,#7280);
#6146=AXIS2_PLACEMENT_3D('',#8954,#7282,#7283);
#6147=AXIS2_PLACEMENT_3D('',#8956,#7285,#7286);
#6148=AXIS2_PLACEMENT_3D('',#8958,#7288,#7289);
#6149=AXIS2_PLACEMENT_3D('',#8960,#7291,#7292);
#6150=AXIS2_PLACEMENT_3D('',#8961,#7293,#7294);
#6151=AXIS2_PLACEMENT_3D('',#8962,#7295,#7296);
#6152=AXIS2_PLACEMENT_3D('',#8963,#7297,#7298);
#6153=AXIS2_PLACEMENT_3D('',#8972,#7303,#7304);
#6154=AXIS2_PLACEMENT_3D('',#8981,#7309,#7310);
#6155=AXIS2_PLACEMENT_3D('',#8988,#7314,#7315);
#6156=AXIS2_PLACEMENT_3D('',#8998,#7320,#7321);
#6157=AXIS2_PLACEMENT_3D('',#9000,#7322,#7323);
#6158=AXIS2_PLACEMENT_3D('',#9004,#7325,#7326);
#6159=AXIS2_PLACEMENT_3D('',#9008,#7328,#7329);
#6160=AXIS2_PLACEMENT_3D('',#9012,#7331,#7332);
#6161=AXIS2_PLACEMENT_3D('',#9014,#7333,#7334);
#6162=AXIS2_PLACEMENT_3D('',#9022,#7338,#7339);
#6163=AXIS2_PLACEMENT_3D('',#9026,#7341,#7342);
#6164=AXIS2_PLACEMENT_3D('',#9033,#7346,#7347);
#6165=AXIS2_PLACEMENT_3D('',#9039,#7351,#7352);
#6166=AXIS2_PLACEMENT_3D('',#9048,#7357,#7358);
#6167=AXIS2_PLACEMENT_3D('',#9056,#7363,#7364);
#6168=AXIS2_PLACEMENT_3D('',#9060,#7366,#7367);
#6169=AXIS2_PLACEMENT_3D('',#9068,#7371,#7372);
#6170=AXIS2_PLACEMENT_3D('',#9070,#7373,#7374);
#6171=AXIS2_PLACEMENT_3D('',#9074,#7376,#7377);
#6172=AXIS2_PLACEMENT_3D('',#9078,#7379,#7380);
#6173=AXIS2_PLACEMENT_3D('',#9082,#7382,#7383);
#6174=AXIS2_PLACEMENT_3D('',#9084,#7384,#7385);
#6175=AXIS2_PLACEMENT_3D('',#9094,#7390,#7391);
#6176=AXIS2_PLACEMENT_3D('',#9097,#7393,#7394);
#6177=AXIS2_PLACEMENT_3D('',#9102,#7397,#7398);
#6178=AXIS2_PLACEMENT_3D('',#9112,#7403,#7404);
#6179=AXIS2_PLACEMENT_3D('',#9114,#7405,#7406);
#6180=AXIS2_PLACEMENT_3D('',#9118,#7408,#7409);
#6181=AXIS2_PLACEMENT_3D('',#9123,#7412,#7413);
#6182=AXIS2_PLACEMENT_3D('',#9130,#7417,#7418);
#6183=AXIS2_PLACEMENT_3D('',#9134,#7420,#7421);
#6184=AXIS2_PLACEMENT_3D('',#9136,#7422,#7423);
#6185=AXIS2_PLACEMENT_3D('',#9146,#7428,#7429);
#6186=AXIS2_PLACEMENT_3D('',#9149,#7431,#7432);
#6187=AXIS2_PLACEMENT_3D('',#9152,#7435,#7436);
#6188=AXIS2_PLACEMENT_3D('',#9161,#7441,#7442);
#6189=AXIS2_PLACEMENT_3D('',#9165,#7444,#7445);
#6190=AXIS2_PLACEMENT_3D('',#9173,#7449,#7450);
#6191=AXIS2_PLACEMENT_3D('',#9175,#7451,#7452);
#6192=AXIS2_PLACEMENT_3D('',#9179,#7454,#7455);
#6193=AXIS2_PLACEMENT_3D('',#9184,#7458,#7459);
#6194=AXIS2_PLACEMENT_3D('',#9190,#7463,#7464);
#6195=AXIS2_PLACEMENT_3D('',#9194,#7467,#7468);
#6196=AXIS2_PLACEMENT_3D('',#9198,#7470,#7471);
#6197=AXIS2_PLACEMENT_3D('',#9200,#7472,#7473);
#6198=AXIS2_PLACEMENT_3D('',#9208,#7477,#7478);
#6199=AXIS2_PLACEMENT_3D('',#9212,#7480,#7481);
#6200=AXIS2_PLACEMENT_3D('',#9219,#7485,#7486);
#6201=AXIS2_PLACEMENT_3D('',#9221,#7488,#7489);
#6202=AXIS2_PLACEMENT_3D('',#9223,#7491,#7492);
#6203=AXIS2_PLACEMENT_3D('',#9225,#7494,#7495);
#6204=AXIS2_PLACEMENT_3D('',#9227,#7497,#7498);
#6205=AXIS2_PLACEMENT_3D('',#9229,#7500,#7501);
#6206=AXIS2_PLACEMENT_3D('',#9231,#7503,#7504);
#6207=AXIS2_PLACEMENT_3D('',#9233,#7506,#7507);
#6208=AXIS2_PLACEMENT_3D('',#9235,#7509,#7510);
#6209=AXIS2_PLACEMENT_3D('',#9237,#7512,#7513);
#6210=AXIS2_PLACEMENT_3D('',#9239,#7515,#7516);
#6211=AXIS2_PLACEMENT_3D('',#9242,#7519,#7520);
#6212=AXIS2_PLACEMENT_3D('',#9244,#7522,#7523);
#6213=AXIS2_PLACEMENT_3D('',#9246,#7525,#7526);
#6214=AXIS2_PLACEMENT_3D('',#9248,#7528,#7529);
#6215=AXIS2_PLACEMENT_3D('',#9250,#7531,#7532);
#6216=AXIS2_PLACEMENT_3D('',#9252,#7534,#7535);
#6217=AXIS2_PLACEMENT_3D('',#9254,#7537,#7538);
#6218=AXIS2_PLACEMENT_3D('',#9256,#7540,#7541);
#6219=AXIS2_PLACEMENT_3D('',#9258,#7543,#7544);
#6220=AXIS2_PLACEMENT_3D('',#9260,#7546,#7547);
#6221=AXIS2_PLACEMENT_3D('',#9262,#7549,#7550);
#6222=AXIS2_PLACEMENT_3D('',#9264,#7552,#7553);
#6223=AXIS2_PLACEMENT_3D('',#9265,#7554,#7555);
#6224=AXIS2_PLACEMENT_3D('',#9267,#7557,#7558);
#6225=AXIS2_PLACEMENT_3D('',#9269,#7560,#7561);
#6226=AXIS2_PLACEMENT_3D('',#9271,#7563,#7564);
#6227=AXIS2_PLACEMENT_3D('',#9273,#7566,#7567);
#6228=AXIS2_PLACEMENT_3D('',#9275,#7569,#7570);
#6229=AXIS2_PLACEMENT_3D('',#9277,#7572,#7573);
#6230=AXIS2_PLACEMENT_3D('',#9279,#7575,#7576);
#6231=AXIS2_PLACEMENT_3D('',#9281,#7578,#7579);
#6232=AXIS2_PLACEMENT_3D('',#9283,#7581,#7582);
#6233=AXIS2_PLACEMENT_3D('',#9285,#7584,#7585);
#6234=AXIS2_PLACEMENT_3D('',#9287,#7587,#7588);
#6235=AXIS2_PLACEMENT_3D('',#9289,#7590,#7591);
#6236=AXIS2_PLACEMENT_3D('',#9291,#7593,#7594);
#6237=AXIS2_PLACEMENT_3D('',#9293,#7596,#7597);
#6238=AXIS2_PLACEMENT_3D('',#9295,#7599,#7600);
#6239=AXIS2_PLACEMENT_3D('',#9297,#7602,#7603);
#6240=AXIS2_PLACEMENT_3D('',#9299,#7605,#7606);
#6241=AXIS2_PLACEMENT_3D('',#9301,#7608,#7609);
#6242=AXIS2_PLACEMENT_3D('',#9303,#7611,#7612);
#6243=AXIS2_PLACEMENT_3D('',#9305,#7614,#7615);
#6244=AXIS2_PLACEMENT_3D('',#9307,#7617,#7618);
#6245=AXIS2_PLACEMENT_3D('',#9309,#7620,#7621);
#6246=AXIS2_PLACEMENT_3D('',#9311,#7623,#7624);
#6247=AXIS2_PLACEMENT_3D('',#9312,#7625,#7626);
#6248=AXIS2_PLACEMENT_3D('',#9313,#7627,#7628);
#6249=AXIS2_PLACEMENT_3D('',#9314,#7629,#7630);
#6250=AXIS2_PLACEMENT_3D('',#9323,#7635,#7636);
#6251=AXIS2_PLACEMENT_3D('',#9329,#7640,#7641);
#6252=AXIS2_PLACEMENT_3D('',#9335,#7645,#7646);
#6253=AXIS2_PLACEMENT_3D('',#9341,#7650,#7651);
#6254=AXIS2_PLACEMENT_3D('',#9342,#7652,#7653);
#6255=AXIS2_PLACEMENT_3D('',#9346,#7655,#7656);
#6256=AXIS2_PLACEMENT_3D('',#9347,#7657,#7658);
#6257=AXIS2_PLACEMENT_3D('',#9353,#7662,#7663);
#6258=AXIS2_PLACEMENT_3D('',#9354,#7664,#7665);
#6259=AXIS2_PLACEMENT_3D('',#9358,#7667,#7668);
#6260=AXIS2_PLACEMENT_3D('',#9359,#7669,#7670);
#6261=AXIS2_PLACEMENT_3D('',#9365,#7674,#7675);
#6262=AXIS2_PLACEMENT_3D('',#9366,#7676,#7677);
#6263=AXIS2_PLACEMENT_3D('',#9370,#7679,#7680);
#6264=AXIS2_PLACEMENT_3D('',#9371,#7681,#7682);
#6265=AXIS2_PLACEMENT_3D('',#9377,#7686,#7687);
#6266=AXIS2_PLACEMENT_3D('',#9383,#7691,#7692);
#6267=AXIS2_PLACEMENT_3D('',#9389,#7696,#7697);
#6268=AXIS2_PLACEMENT_3D('',#9390,#7698,#7699);
#6269=AXIS2_PLACEMENT_3D('',#9394,#7701,#7702);
#6270=AXIS2_PLACEMENT_3D('',#9395,#7703,#7704);
#6271=AXIS2_PLACEMENT_3D('',#9401,#7708,#7709);
#6272=AXIS2_PLACEMENT_3D('',#9402,#7710,#7711);
#6273=AXIS2_PLACEMENT_3D('',#9406,#7713,#7714);
#6274=AXIS2_PLACEMENT_3D('',#9407,#7715,#7716);
#6275=AXIS2_PLACEMENT_3D('',#9413,#7720,#7721);
#6276=AXIS2_PLACEMENT_3D('',#9414,#7722,#7723);
#6277=AXIS2_PLACEMENT_3D('',#9418,#7725,#7726);
#6278=AXIS2_PLACEMENT_3D('',#9419,#7727,#7728);
#6279=AXIS2_PLACEMENT_3D('',#9425,#7732,#7733);
#6280=AXIS2_PLACEMENT_3D('',#9426,#7734,#7735);
#6281=AXIS2_PLACEMENT_3D('',#9430,#7737,#7738);
#6282=AXIS2_PLACEMENT_3D('',#9431,#7739,#7740);
#6283=AXIS2_PLACEMENT_3D('',#9437,#7744,#7745);
#6284=AXIS2_PLACEMENT_3D('',#9443,#7749,#7750);
#6285=AXIS2_PLACEMENT_3D('',#9449,#7754,#7755);
#6286=AXIS2_PLACEMENT_3D('',#9455,#7759,#7760);
#6287=AXIS2_PLACEMENT_3D('',#9461,#7764,#7765);
#6288=AXIS2_PLACEMENT_3D('',#9467,#7769,#7770);
#6289=AXIS2_PLACEMENT_3D('',#9468,#7771,#7772);
#6290=AXIS2_PLACEMENT_3D('',#9472,#7774,#7775);
#6291=AXIS2_PLACEMENT_3D('',#9473,#7776,#7777);
#6292=AXIS2_PLACEMENT_3D('',#9479,#7781,#7782);
#6293=AXIS2_PLACEMENT_3D('',#9480,#7783,#7784);
#6294=AXIS2_PLACEMENT_3D('',#9484,#7786,#7787);
#6295=AXIS2_PLACEMENT_3D('',#9485,#7788,#7789);
#6296=AXIS2_PLACEMENT_3D('',#9491,#7793,#7794);
#6297=AXIS2_PLACEMENT_3D('',#9494,#7797,#7798);
#6298=AXIS2_PLACEMENT_3D('',#9495,#7799,#7800);
#6299=AXIS2_PLACEMENT_3D('',#9496,#7801,#7802);
#6300=AXIS2_PLACEMENT_3D('',#9497,#7803,#7804);
#6301=DIRECTION('',(0.,0.,1.));
#6302=DIRECTION('',(1.,0.,0.));
#6303=DIRECTION('',(0.,-0.342020150545488,0.939692618158109));
#6304=DIRECTION('',(0.,-0.939692618158109,-0.342020150545488));
#6305=DIRECTION('',(-1.,0.,0.));
#6306=DIRECTION('',(0.,-0.939692618158109,-0.342020150545488));
#6307=DIRECTION('',(-1.,0.,0.));
#6308=DIRECTION('',(0.,0.939692618158109,0.342020150545488));
#6309=DIRECTION('',(0.,0.707106781186548,0.707106781186547));
#6310=DIRECTION('',(0.,-0.707106781186547,0.707106781186548));
#6311=DIRECTION('',(-1.,0.,0.));
#6312=DIRECTION('',(0.,-0.707106781186547,0.707106781186548));
#6313=DIRECTION('',(-1.,0.,0.));
#6314=DIRECTION('',(0.,0.707106781186547,-0.707106781186548));
#6315=DIRECTION('',(0.,-9.03501810404586E-16,1.));
#6316=DIRECTION('',(0.,-1.,-9.03501810404586E-16));
#6317=DIRECTION('',(-1.,0.,0.));
#6318=DIRECTION('',(0.,1.,0.));
#6319=DIRECTION('',(0.,1.,9.03501810404586E-16));
#6320=DIRECTION('',(-1.,0.,0.));
#6321=DIRECTION('',(0.,0.,1.));
#6322=DIRECTION('',(-1.,0.,0.));
#6323=DIRECTION('',(0.,0.,1.));
#6324=DIRECTION('',(1.,0.,0.));
#6325=DIRECTION('',(0.,0.,-1.));
#6326=DIRECTION('',(0.,0.,-1.));
#6327=DIRECTION('',(-1.,0.,0.));
#6328=DIRECTION('',(0.,1.,0.));
#6329=DIRECTION('',(1.,0.,0.));
#6330=DIRECTION('',(0.,-1.,0.));
#6331=DIRECTION('',(1.,0.,0.));
#6332=DIRECTION('',(0.,1.,0.));
#6333=DIRECTION('',(1.,0.,0.));
#6334=DIRECTION('',(0.,0.,1.));
#6335=DIRECTION('',(1.,0.,0.));
#6336=DIRECTION('',(-1.,0.,0.));
#6337=DIRECTION('',(0.,1.,0.));
#6338=DIRECTION('',(-1.,0.,0.));
#6339=DIRECTION('',(0.,1.,0.));
#6340=DIRECTION('',(-1.,0.,0.));
#6341=DIRECTION('',(0.,1.,0.));
#6342=DIRECTION('',(0.,0.,1.));
#6343=DIRECTION('',(1.,0.,0.));
#6344=DIRECTION('',(0.,1.,0.));
#6345=DIRECTION('',(-1.,0.,0.));
#6346=DIRECTION('',(0.,1.,0.));
#6347=DIRECTION('',(-1.,0.,0.));
#6348=DIRECTION('',(0.,1.,0.));
#6349=DIRECTION('',(-1.,0.,0.));
#6350=DIRECTION('',(0.,1.,0.));
#6351=DIRECTION('',(0.,0.,1.));
#6352=DIRECTION('',(0.,0.,-1.));
#6353=DIRECTION('',(-1.,0.,0.));
#6354=DIRECTION('',(0.,0.,1.));
#6355=DIRECTION('',(-1.,0.,0.));
#6356=DIRECTION('',(0.,0.,1.));
#6357=DIRECTION('',(1.,0.,0.));
#6358=DIRECTION('',(0.,-1.,0.));
#6359=DIRECTION('',(0.,0.,-1.));
#6360=DIRECTION('',(1.,0.,0.));
#6361=DIRECTION('',(0.,0.,1.));
#6362=DIRECTION('',(-1.,0.,0.));
#6363=DIRECTION('',(0.,0.,1.));
#6364=DIRECTION('',(1.,0.,0.));
#6365=DIRECTION('',(0.,0.,1.));
#6366=DIRECTION('',(0.,-1.,0.));
#6367=DIRECTION('',(0.,0.,-1.));
#6368=DIRECTION('',(0.,0.,1.));
#6369=DIRECTION('',(-1.,0.,0.));
#6370=DIRECTION('',(0.,0.,1.));
#6371=DIRECTION('',(-1.,0.,0.));
#6372=DIRECTION('',(0.,0.,1.));
#6373=DIRECTION('',(-1.,0.,0.));
#6374=DIRECTION('',(0.,1.,0.));
#6375=DIRECTION('',(0.,0.,1.));
#6376=DIRECTION('',(0.,0.,-1.));
#6377=DIRECTION('',(1.,0.,0.));
#6378=DIRECTION('',(0.,0.,-1.));
#6379=DIRECTION('',(1.,0.,0.));
#6380=DIRECTION('',(0.,1.,0.));
#6381=DIRECTION('',(0.,0.,1.));
#6382=DIRECTION('',(0.,0.,-1.));
#6383=DIRECTION('',(-1.,0.,0.));
#6384=DIRECTION('',(0.,0.,-1.));
#6385=DIRECTION('',(-1.,0.,0.));
#6386=DIRECTION('',(0.,1.,0.));
#6387=DIRECTION('',(0.,0.,1.));
#6388=DIRECTION('',(0.,0.,-1.));
#6389=DIRECTION('',(-1.,0.,0.));
#6390=DIRECTION('',(0.,0.,-1.));
#6391=DIRECTION('',(-1.,0.,0.));
#6392=DIRECTION('',(0.,0.,-1.));
#6393=DIRECTION('',(-1.,0.,0.));
#6394=DIRECTION('',(0.,0.,-1.));
#6395=DIRECTION('',(-1.,0.,0.));
#6396=DIRECTION('',(0.,0.,-1.));
#6397=DIRECTION('',(-1.,0.,0.));
#6398=DIRECTION('',(-2.71050543121376E-16,0.,1.));
#6399=DIRECTION('',(1.,0.,0.));
#6400=DIRECTION('',(0.,0.,-1.));
#6401=DIRECTION('',(1.,0.,0.));
#6402=DIRECTION('',(0.,0.,1.));
#6403=DIRECTION('',(0.,0.,-1.));
#6404=DIRECTION('',(-1.,0.,0.));
#6405=DIRECTION('',(0.,0.,-1.));
#6406=DIRECTION('',(0.,0.,-1.));
#6407=DIRECTION('',(1.,0.,0.));
#6408=DIRECTION('',(0.,0.,-1.));
#6409=DIRECTION('',(1.,0.,0.));
#6410=DIRECTION('',(-2.71050543121376E-16,0.,-1.));
#6411=DIRECTION('',(-1.,0.,0.));
#6412=DIRECTION('',(0.,0.,-1.));
#6413=DIRECTION('',(-1.,0.,0.));
#6414=DIRECTION('',(0.,0.,-1.));
#6415=DIRECTION('',(-1.,0.,0.));
#6416=DIRECTION('',(0.,0.,-1.));
#6417=DIRECTION('',(-1.,0.,0.));
#6418=DIRECTION('',(0.,0.,-1.));
#6419=DIRECTION('',(-1.,0.,0.));
#6420=DIRECTION('',(0.,-1.,0.));
#6421=DIRECTION('',(-1.,0.,0.));
#6422=DIRECTION('',(0.,-1.,0.));
#6423=DIRECTION('',(1.,0.,0.));
#6424=DIRECTION('',(-1.,0.,7.74430123203932E-16));
#6425=DIRECTION('',(7.74430123203932E-16,0.,1.));
#6426=DIRECTION('',(0.,-1.,0.));
#6427=DIRECTION('',(0.,0.,-1.));
#6428=DIRECTION('',(0.,0.,-1.));
#6429=DIRECTION('',(0.,-1.,0.));
#6430=DIRECTION('',(0.,0.,-1.));
#6431=DIRECTION('',(0.,1.,0.));
#6432=DIRECTION('',(0.,0.,-1.));
#6433=DIRECTION('',(0.,1.,0.));
#6434=DIRECTION('',(0.,9.85638338623186E-17,1.));
#6435=DIRECTION('',(0.,1.,0.));
#6436=DIRECTION('',(0.,0.,-1.));
#6437=DIRECTION('',(0.,1.,0.));
#6438=DIRECTION('',(7.74430123203932E-16,0.,1.));
#6439=DIRECTION('',(0.,-1.,0.));
#6440=DIRECTION('',(-7.74430123203932E-16,0.,-1.));
#6441=DIRECTION('',(1.,0.,7.74430123203933E-16));
#6442=DIRECTION('',(7.74430123203933E-16,0.,-1.));
#6443=DIRECTION('',(0.,-1.,0.));
#6444=DIRECTION('',(7.74430123203933E-16,0.,-1.));
#6445=DIRECTION('',(0.,-1.,0.));
#6446=DIRECTION('',(0.,0.,-1.));
#6447=DIRECTION('',(0.,-1.,0.));
#6448=DIRECTION('',(0.,-9.85638338623186E-17,-1.));
#6449=DIRECTION('',(0.,-1.,0.));
#6450=DIRECTION('',(0.,0.,-1.));
#6451=DIRECTION('',(0.,-1.,0.));
#6452=DIRECTION('',(0.,0.,-1.));
#6453=DIRECTION('',(0.,-1.,0.));
#6454=DIRECTION('',(0.,0.,1.));
#6455=DIRECTION('',(0.,-1.,0.));
#6456=DIRECTION('',(0.,0.,-1.));
#6457=DIRECTION('',(0.,-1.,0.));
#6458=DIRECTION('',(-7.74430123203933E-16,0.,1.));
#6459=DIRECTION('',(-1.,0.,0.));
#6460=DIRECTION('',(0.,0.,1.));
#6461=DIRECTION('',(0.,-1.,0.));
#6462=DIRECTION('',(0.,0.,-1.));
#6463=DIRECTION('',(0.,-1.,0.));
#6464=DIRECTION('',(0.,0.,-1.));
#6465=DIRECTION('',(0.,-1.,0.));
#6466=DIRECTION('',(0.,0.,-1.));
#6467=DIRECTION('',(0.,1.,0.));
#6468=DIRECTION('',(0.,0.,-1.));
#6469=DIRECTION('',(0.,1.,0.));
#6470=DIRECTION('',(0.,9.85638338623186E-17,1.));
#6471=DIRECTION('',(0.,1.,0.));
#6472=DIRECTION('',(0.,0.,-1.));
#6473=DIRECTION('',(0.,1.,0.));
#6474=DIRECTION('',(0.,0.,1.));
#6475=DIRECTION('',(0.,-1.,0.));
#6476=DIRECTION('',(0.,0.,-1.));
#6477=DIRECTION('',(1.,0.,0.));
#6478=DIRECTION('',(0.,0.,-1.));
#6479=DIRECTION('',(0.,0.,-1.));
#6480=DIRECTION('',(0.,-1.,0.));
#6481=DIRECTION('',(0.,0.,1.));
#6482=DIRECTION('',(0.,0.,-1.));
#6483=DIRECTION('',(0.,-1.,0.));
#6484=DIRECTION('',(0.,0.,1.));
#6485=DIRECTION('',(0.,-1.,0.));
#6486=DIRECTION('',(0.,0.,-1.));
#6487=DIRECTION('',(0.,-1.,0.));
#6488=DIRECTION('',(0.,0.,-1.));
#6489=DIRECTION('',(0.,-1.,0.));
#6490=DIRECTION('',(0.,-9.85638338623186E-17,-1.));
#6491=DIRECTION('',(0.,-1.,0.));
#6492=DIRECTION('',(0.,0.,-1.));
#6493=DIRECTION('',(0.,-1.,0.));
#6494=DIRECTION('',(0.,0.,-1.));
#6495=DIRECTION('',(-1.,0.,0.));
#6496=DIRECTION('',(-1.,0.,0.));
#6497=DIRECTION('',(1.,0.,0.));
#6498=DIRECTION('',(0.,0.,1.));
#6499=DIRECTION('',(1.,0.,0.));
#6500=DIRECTION('',(0.,-1.,0.));
#6501=DIRECTION('',(0.707106781186547,-0.707106781186548,0.));
#6502=DIRECTION('',(0.,1.,0.));
#6503=DIRECTION('',(0.,1.,0.));
#6504=DIRECTION('',(-1.,0.,0.));
#6505=DIRECTION('',(0.,-1.,0.));
#6506=DIRECTION('',(-1.,0.,0.));
#6507=DIRECTION('',(0.,1.,0.));
#6508=DIRECTION('',(-1.,0.,0.));
#6509=DIRECTION('',(0.,1.,0.));
#6510=DIRECTION('',(0.,-1.,0.));
#6511=DIRECTION('',(0.707106781186547,0.707106781186548,0.));
#6512=DIRECTION('',(0.,1.,0.));
#6513=DIRECTION('',(1.,0.,0.));
#6514=DIRECTION('',(0.,-1.,0.));
#6515=DIRECTION('',(0.707106781186547,-0.707106781186548,0.));
#6516=DIRECTION('',(0.707106781186548,0.707106781186547,0.));
#6517=DIRECTION('',(0.,1.,0.));
#6518=DIRECTION('',(1.,0.,0.));
#6519=DIRECTION('',(-1.92747052886312E-15,0.,1.));
#6520=DIRECTION('',(1.,0.,1.92747052886312E-15));
#6521=DIRECTION('',(1.,0.,1.92747052886312E-15));
#6522=DIRECTION('',(-1.,0.,-1.92747052886312E-15));
#6523=DIRECTION('',(0.,0.,1.));
#6524=DIRECTION('',(1.,0.,0.));
#6525=DIRECTION('',(1.,0.,0.));
#6526=DIRECTION('',(-1.,0.,0.));
#6527=DIRECTION('',(1.92747052886312E-15,0.,1.));
#6528=DIRECTION('',(1.,0.,-1.92747052886312E-15));
#6529=DIRECTION('',(1.,0.,-1.92747052886312E-15));
#6530=DIRECTION('',(-1.,0.,1.92747052886312E-15));
#6531=DIRECTION('',(0.,0.,1.));
#6532=DIRECTION('',(1.,0.,0.));
#6533=DIRECTION('',(1.,0.,0.));
#6534=DIRECTION('',(-1.,0.,0.));
#6535=DIRECTION('',(0.,0.,-1.));
#6536=DIRECTION('',(-1.,0.,0.));
#6537=DIRECTION('',(0.,1.,0.));
#6538=DIRECTION('',(0.,-1.,0.));
#6539=DIRECTION('',(1.,0.,0.));
#6540=DIRECTION('',(0.,1.,0.));
#6541=DIRECTION('',(1.,0.,0.));
#6542=DIRECTION('',(0.,-1.,0.));
#6543=DIRECTION('',(-0.707106781186547,0.707106781186548,0.));
#6544=DIRECTION('',(0.,1.,0.));
#6545=DIRECTION('',(-1.,0.,0.));
#6546=DIRECTION('',(0.,-1.,0.));
#6547=DIRECTION('',(-0.707106781186548,-0.707106781186547,0.));
#6548=DIRECTION('',(-0.707106781186547,0.707106781186548,0.));
#6549=DIRECTION('',(0.,1.,0.));
#6550=DIRECTION('',(-1.,0.,0.));
#6551=DIRECTION('',(0.,-1.,0.));
#6552=DIRECTION('',(-0.707106781186547,-0.707106781186548,0.));
#6553=DIRECTION('',(0.,-1.,0.));
#6554=DIRECTION('',(1.,0.,0.));
#6555=DIRECTION('',(0.,1.,0.));
#6556=DIRECTION('',(-1.,0.,0.));
#6557=DIRECTION('',(0.,1.,0.));
#6558=DIRECTION('',(-1.,0.,0.));
#6559=DIRECTION('',(0.,-1.,0.));
#6560=DIRECTION('',(1.,0.,0.));
#6561=DIRECTION('',(0.,-1.,0.));
#6562=DIRECTION('',(-1.,0.,0.));
#6563=DIRECTION('',(0.,-1.,0.));
#6564=DIRECTION('',(0.,-1.,9.85638338623186E-17));
#6565=DIRECTION('',(0.,-9.85638338623186E-17,-1.));
#6566=DIRECTION('',(-1.,0.,0.));
#6567=DIRECTION('',(-1.,0.,0.));
#6568=DIRECTION('',(0.,9.85638338623186E-17,1.));
#6569=DIRECTION('',(0.,-1.,9.85638338623186E-17));
#6570=DIRECTION('',(0.,-9.85638338623186E-17,-1.));
#6571=DIRECTION('',(-1.,0.,0.));
#6572=DIRECTION('',(-1.,0.,0.));
#6573=DIRECTION('',(0.,-1.,9.85638338623186E-17));
#6574=DIRECTION('',(0.,-9.85638338623186E-17,-1.));
#6575=DIRECTION('',(-1.,0.,0.));
#6576=DIRECTION('',(0.,9.85638338623186E-17,1.));
#6577=DIRECTION('',(-1.,0.,0.));
#6578=DIRECTION('',(0.,0.,1.));
#6579=DIRECTION('',(1.,0.,0.));
#6580=DIRECTION('',(0.707106781186548,0.707106781186547,0.));
#6581=DIRECTION('',(0.707106781186547,-0.707106781186548,0.));
#6582=DIRECTION('',(0.,0.,1.));
#6583=DIRECTION('',(1.,0.,0.));
#6584=DIRECTION('',(0.707106781186547,0.707106781186548,0.));
#6585=DIRECTION('',(0.,1.,0.));
#6586=DIRECTION('',(0.,0.,1.));
#6587=DIRECTION('',(1.,0.,0.));
#6588=DIRECTION('',(0.707106781186547,-0.707106781186548,0.));
#6589=DIRECTION('',(0.,1.,0.));
#6590=DIRECTION('',(0.,0.,-1.));
#6591=DIRECTION('',(-1.,0.,0.));
#6592=DIRECTION('',(-0.707106781186547,0.707106781186548,0.));
#6593=DIRECTION('',(0.,-1.,0.));
#6594=DIRECTION('',(0.,0.,-1.));
#6595=DIRECTION('',(-1.,0.,0.));
#6596=DIRECTION('',(-0.707106781186548,-0.707106781186547,0.));
#6597=DIRECTION('',(-0.707106781186547,0.707106781186548,0.));
#6598=DIRECTION('',(0.,0.,-1.));
#6599=DIRECTION('',(-1.,0.,0.));
#6600=DIRECTION('',(-0.707106781186547,-0.707106781186548,0.));
#6601=DIRECTION('',(0.,-1.,0.));
#6602=DIRECTION('',(0.,0.,1.));
#6603=DIRECTION('',(1.,0.,0.));
#6604=DIRECTION('',(0.707106781186548,0.707106781186547,0.));
#6605=DIRECTION('',(-1.,0.,0.));
#6606=DIRECTION('',(0.707106781186547,-0.707106781186548,0.));
#6607=DIRECTION('',(0.,0.,1.));
#6608=DIRECTION('',(1.,0.,0.));
#6609=DIRECTION('',(0.707106781186547,0.707106781186548,0.));
#6610=DIRECTION('',(-1.,0.,0.));
#6611=DIRECTION('',(0.,1.,0.));
#6612=DIRECTION('',(0.,0.,1.));
#6613=DIRECTION('',(1.,0.,0.));
#6614=DIRECTION('',(0.707106781186547,-0.707106781186548,0.));
#6615=DIRECTION('',(0.,1.,0.));
#6616=DIRECTION('',(-1.,0.,0.));
#6617=DIRECTION('',(0.,0.,1.));
#6618=DIRECTION('',(1.,0.,0.));
#6619=DIRECTION('',(-1.,0.,0.));
#6620=DIRECTION('',(0.,-1.,0.));
#6621=DIRECTION('',(-1.,0.,0.));
#6622=DIRECTION('',(0.,-1.,0.));
#6623=DIRECTION('',(-1.,0.,0.));
#6624=DIRECTION('',(0.,1.,0.));
#6625=DIRECTION('',(-1.,0.,0.));
#6626=DIRECTION('',(0.,-1.,0.));
#6627=DIRECTION('',(-1.,0.,0.));
#6628=DIRECTION('',(0.,-1.,0.));
#6629=DIRECTION('',(1.,0.,0.));
#6630=DIRECTION('',(0.,1.,0.));
#6631=DIRECTION('',(1.,0.,0.));
#6632=DIRECTION('',(0.,0.,-1.));
#6633=DIRECTION('',(0.,0.,-1.));
#6634=DIRECTION('',(0.,1.,0.));
#6635=DIRECTION('',(0.,0.,-1.));
#6636=DIRECTION('',(0.,0.,-1.));
#6637=DIRECTION('',(0.,-1.,0.));
#6638=DIRECTION('',(0.,0.,-1.));
#6639=DIRECTION('',(0.,1.,0.));
#6640=DIRECTION('',(0.,4.33680868994202E-16,-1.));
#6641=DIRECTION('',(0.,-1.,0.));
#6642=DIRECTION('',(1.,0.,0.));
#6643=DIRECTION('',(0.,0.,-1.));
#6644=DIRECTION('',(0.,0.,-1.));
#6645=DIRECTION('',(0.,1.,0.));
#6646=DIRECTION('',(0.,0.,-1.));
#6647=DIRECTION('',(0.,-1.,0.));
#6648=DIRECTION('',(0.,4.33680868994202E-16,-1.));
#6649=DIRECTION('',(0.,0.,-1.));
#6650=DIRECTION('',(0.,-1.,0.));
#6651=DIRECTION('',(0.,0.,-1.));
#6652=DIRECTION('',(0.,0.,1.));
#6653=DIRECTION('',(1.,0.,0.));
#6654=DIRECTION('',(0.,-1.,0.));
#6655=DIRECTION('',(1.,0.,0.));
#6656=DIRECTION('',(-1.,0.,0.));
#6657=DIRECTION('',(0.,0.,1.));
#6658=DIRECTION('',(1.,0.,0.));
#6659=DIRECTION('',(1.,0.,0.));
#6660=DIRECTION('',(0.,-1.,0.));
#6661=DIRECTION('',(-1.,0.,0.));
#6662=DIRECTION('',(0.,0.,1.));
#6663=DIRECTION('',(1.,0.,0.));
#6664=DIRECTION('',(0.,-1.,0.));
#6665=DIRECTION('',(1.,0.,0.));
#6666=DIRECTION('',(-1.,0.,0.));
#6667=DIRECTION('',(0.,0.,1.));
#6668=DIRECTION('',(1.,0.,0.));
#6669=DIRECTION('',(1.,0.,0.));
#6670=DIRECTION('',(0.,-1.,0.));
#6671=DIRECTION('',(-1.,0.,0.));
#6672=DIRECTION('',(-1.,0.,0.));
#6673=DIRECTION('',(0.,0.,1.));
#6674=DIRECTION('',(0.,0.,1.));
#6675=DIRECTION('',(0.,0.,-1.));
#6676=DIRECTION('',(1.,0.,0.));
#6677=DIRECTION('',(0.,0.,-1.));
#6678=DIRECTION('',(0.,0.,-1.));
#6679=DIRECTION('',(0.,0.,1.));
#6680=DIRECTION('',(-1.,0.,0.));
#6681=DIRECTION('',(0.,0.,1.));
#6682=DIRECTION('',(0.,0.,-1.));
#6683=DIRECTION('',(0.,1.,0.));
#6684=DIRECTION('',(0.,0.,-1.));
#6685=DIRECTION('',(0.,-1.,0.));
#6686=DIRECTION('',(0.,0.,1.));
#6687=DIRECTION('',(0.,-1.,0.));
#6688=DIRECTION('',(0.,4.33680868994202E-16,-1.));
#6689=DIRECTION('',(0.,1.,0.));
#6690=DIRECTION('',(0.,0.,-1.));
#6691=DIRECTION('',(0.,0.,-1.));
#6692=DIRECTION('',(0.,1.,0.));
#6693=DIRECTION('',(0.,1.,0.));
#6694=DIRECTION('',(0.,0.,1.));
#6695=DIRECTION('',(1.,0.,0.));
#6696=DIRECTION('',(0.,0.,1.));
#6697=DIRECTION('',(-1.,0.,0.));
#6698=DIRECTION('',(0.,0.,1.));
#6699=DIRECTION('',(-1.,0.,0.));
#6700=DIRECTION('',(0.,0.,-1.));
#6701=DIRECTION('',(0.,0.,1.));
#6702=DIRECTION('',(1.,0.,0.));
#6703=DIRECTION('',(0.,0.,1.));
#6704=DIRECTION('',(0.,0.,-1.));
#6705=DIRECTION('',(1.,0.,0.));
#6706=DIRECTION('',(0.,0.,1.));
#6707=DIRECTION('',(1.,0.,0.));
#6708=DIRECTION('',(0.,0.,1.));
#6709=DIRECTION('',(-1.,0.,0.));
#6710=DIRECTION('',(0.,0.,1.));
#6711=DIRECTION('',(-1.,0.,0.));
#6712=DIRECTION('',(0.,0.,-1.));
#6713=DIRECTION('',(-1.,0.,0.));
#6714=DIRECTION('',(0.,0.,-1.));
#6715=DIRECTION('',(1.,0.,0.));
#6716=DIRECTION('',(0.,0.,-1.));
#6717=DIRECTION('',(1.,0.,0.));
#6718=DIRECTION('',(0.,0.,-1.));
#6719=DIRECTION('',(0.,-1.,0.));
#6720=DIRECTION('',(0.,-1.,0.));
#6721=DIRECTION('',(0.,0.,-1.));
#6722=DIRECTION('',(0.,4.33680868994202E-16,-1.));
#6723=DIRECTION('',(-1.,0.,2.71050543121376E-16));
#6724=DIRECTION('',(2.71050543121376E-16,0.,1.));
#6725=DIRECTION('',(-2.71050543121376E-16,0.,-1.));
#6726=DIRECTION('',(0.,0.,1.));
#6727=DIRECTION('',(1.,0.,2.71050543121376E-16));
#6728=DIRECTION('',(2.71050543121376E-16,0.,-1.));
#6729=DIRECTION('',(0.,0.,1.));
#6730=DIRECTION('',(-2.71050543121376E-16,0.,1.));
#6731=DIRECTION('',(0.,0.,-1.));
#6732=DIRECTION('',(-1.,0.,0.));
#6733=DIRECTION('',(-1.,0.,0.));
#6734=DIRECTION('',(0.,-1.,0.));
#6735=DIRECTION('',(0.,1.,0.));
#6736=DIRECTION('',(-1.,0.,0.));
#6737=DIRECTION('',(0.,0.,1.));
#6738=DIRECTION('',(0.,0.,-1.));
#6739=DIRECTION('',(0.,1.,0.));
#6740=DIRECTION('',(0.,0.,1.));
#6741=DIRECTION('',(0.,1.,0.));
#6742=DIRECTION('',(0.,-1.,0.));
#6743=DIRECTION('',(1.,0.,0.));
#6744=DIRECTION('',(0.,0.,-1.));
#6745=DIRECTION('',(0.,-1.,0.));
#6746=DIRECTION('',(0.,0.,1.));
#6747=DIRECTION('',(0.,1.,0.));
#6748=DIRECTION('',(0.,1.,0.));
#6749=DIRECTION('',(0.,0.,-1.));
#6750=DIRECTION('',(0.,0.,-1.));
#6751=DIRECTION('',(-1.,0.,0.));
#6752=DIRECTION('',(-1.,0.,0.));
#6753=DIRECTION('',(0.,1.,0.));
#6754=DIRECTION('',(0.,0.,1.));
#6755=DIRECTION('',(0.,1.,0.));
#6756=DIRECTION('',(0.,0.,1.));
#6757=DIRECTION('',(1.,0.,0.));
#6758=DIRECTION('',(0.,0.,-1.));
#6759=DIRECTION('',(-1.,0.,0.));
#6760=DIRECTION('',(0.,0.,-1.));
#6761=DIRECTION('',(-1.,0.,0.));
#6762=DIRECTION('',(0.,1.,0.));
#6763=DIRECTION('',(0.,0.,1.));
#6764=DIRECTION('',(1.,0.,0.));
#6765=DIRECTION('',(0.,1.,0.));
#6766=DIRECTION('',(1.,0.,0.));
#6767=DIRECTION('',(0.,0.,-1.));
#6768=DIRECTION('',(0.,0.,1.));
#6769=DIRECTION('',(1.,0.,0.));
#6770=DIRECTION('',(1.,0.,0.));
#6771=DIRECTION('',(0.,1.,0.));
#6772=DIRECTION('',(0.,0.,-1.));
#6773=DIRECTION('',(-1.,0.,0.));
#6774=DIRECTION('',(0.,1.,0.));
#6775=DIRECTION('',(-1.,0.,0.));
#6776=DIRECTION('',(0.,1.,0.));
#6777=DIRECTION('',(0.,0.,1.));
#6778=DIRECTION('',(0.,0.,1.));
#6779=DIRECTION('',(-1.,0.,0.));
#6780=DIRECTION('',(0.,0.,1.));
#6781=DIRECTION('',(-1.,0.,0.));
#6782=DIRECTION('',(0.,0.,1.));
#6783=DIRECTION('',(0.,0.,1.));
#6784=DIRECTION('',(0.,1.,0.));
#6785=DIRECTION('',(0.,0.,1.));
#6786=DIRECTION('',(0.,0.,1.));
#6787=DIRECTION('',(1.,0.,0.));
#6788=DIRECTION('',(0.,0.,-1.));
#6789=DIRECTION('',(1.,0.,0.));
#6790=DIRECTION('',(0.,0.,-1.));
#6791=DIRECTION('',(0.,-1.,0.));
#6792=DIRECTION('',(0.,-1.,0.));
#6793=DIRECTION('',(0.,0.,-1.));
#6794=DIRECTION('',(0.,-1.,0.));
#6795=DIRECTION('',(0.,0.,1.));
#6796=DIRECTION('',(0.,-1.,0.));
#6797=DIRECTION('',(0.,0.,-1.));
#6798=DIRECTION('',(0.,0.,1.));
#6799=DIRECTION('',(1.,0.,0.));
#6800=DIRECTION('',(-1.,0.,0.));
#6801=DIRECTION('',(0.,1.,4.51750905202293E-17));
#6802=DIRECTION('',(1.,0.,0.));
#6803=DIRECTION('',(0.,1.,0.));
#6804=DIRECTION('',(0.,0.,1.));
#6805=DIRECTION('',(0.,0.,-1.));
#6806=DIRECTION('',(-1.,0.,0.));
#6807=DIRECTION('',(1.,0.,0.));
#6808=DIRECTION('',(0.,0.,1.));
#6809=DIRECTION('',(1.,0.,0.));
#6810=DIRECTION('',(-1.,0.,0.));
#6811=DIRECTION('',(0.,1.,0.));
#6812=DIRECTION('',(0.,-1.,0.));
#6813=DIRECTION('',(0.,0.,-1.));
#6814=DIRECTION('',(1.,0.,0.));
#6815=DIRECTION('',(0.,0.,1.));
#6816=DIRECTION('',(-1.,0.,0.));
#6817=DIRECTION('',(0.,0.,-1.));
#6818=DIRECTION('',(-1.,0.,0.));
#6819=DIRECTION('',(0.,-1.,0.));
#6820=DIRECTION('',(1.,0.,0.));
#6821=DIRECTION('',(-1.,0.,0.));
#6822=DIRECTION('',(0.,-1.,-4.33680868994202E-16));
#6823=DIRECTION('',(0.,4.33680868994202E-16,-1.));
#6824=DIRECTION('',(0.,-6.37765983815001E-17,1.));
#6825=DIRECTION('',(-1.,0.,0.));
#6826=DIRECTION('',(0.,1.,4.33680868994202E-16));
#6827=DIRECTION('',(0.,-4.33680868994202E-16,1.));
#6828=DIRECTION('',(-1.,0.,0.));
#6829=DIRECTION('',(0.,-6.37765983815001E-17,1.));
#6830=DIRECTION('',(0.,1.,0.));
#6831=DIRECTION('',(0.,0.,1.));
#6832=DIRECTION('',(-1.,0.,0.));
#6833=DIRECTION('',(0.,0.,1.));
#6834=DIRECTION('',(0.,0.,-1.));
#6835=DIRECTION('',(-1.,0.,0.));
#6836=DIRECTION('',(0.,1.,0.));
#6837=DIRECTION('',(-1.,0.,0.));
#6838=DIRECTION('',(0.,-1.,0.));
#6839=DIRECTION('',(0.,0.,-1.));
#6840=DIRECTION('',(-1.,0.,0.));
#6841=DIRECTION('',(0.,1.,4.51750905202293E-17));
#6842=DIRECTION('',(-1.,0.,0.));
#6843=DIRECTION('',(0.,-1.,0.));
#6844=DIRECTION('',(1.,0.,0.));
#6845=DIRECTION('',(0.,0.,-1.));
#6846=DIRECTION('',(0.,0.,-1.));
#6847=DIRECTION('',(0.,-1.,0.));
#6848=DIRECTION('',(0.,0.,-1.));
#6849=DIRECTION('',(0.,-1.,0.));
#6850=DIRECTION('',(1.,0.,0.));
#6851=DIRECTION('',(0.,0.,-1.));
#6852=DIRECTION('',(1.,0.,0.));
#6853=DIRECTION('',(0.,0.,-1.));
#6854=DIRECTION('',(0.,-1.,0.));
#6855=DIRECTION('',(0.,0.,-1.));
#6856=DIRECTION('',(0.,-1.,0.));
#6857=DIRECTION('',(0.,0.,-1.));
#6858=DIRECTION('',(0.,-1.,0.));
#6859=DIRECTION('',(0.,0.,-1.));
#6860=DIRECTION('',(0.,-1.,0.));
#6861=DIRECTION('',(0.,0.,-1.));
#6862=DIRECTION('',(-1.,0.,0.));
#6863=DIRECTION('',(0.,0.,-1.));
#6864=DIRECTION('',(-1.,0.,0.));
#6865=DIRECTION('',(0.707106781186547,-0.707106781186548,0.));
#6866=DIRECTION('',(0.707106781186548,0.707106781186547,0.));
#6867=DIRECTION('',(-0.707106781186548,-0.707106781186547,0.));
#6868=DIRECTION('',(0.707106781186547,-0.707106781186548,0.));
#6869=DIRECTION('',(0.,-1.,0.));
#6870=DIRECTION('',(0.,0.,-1.));
#6871=DIRECTION('',(0.707106781186548,-0.707106781186547,0.));
#6872=DIRECTION('',(0.707106781186547,0.707106781186548,0.));
#6873=DIRECTION('',(-0.707106781186548,-0.707106781186547,0.));
#6874=DIRECTION('',(0.707106781186547,-0.707106781186548,0.));
#6875=DIRECTION('',(0.,-1.,0.));
#6876=DIRECTION('',(0.,0.,-1.));
#6877=DIRECTION('',(-0.707106781186548,-0.707106781186547,0.));
#6878=DIRECTION('',(0.707106781186547,-0.707106781186548,0.));
#6879=DIRECTION('',(-0.707106781186547,0.707106781186548,0.));
#6880=DIRECTION('',(0.707106781186547,-0.707106781186548,0.));
#6881=DIRECTION('',(0.707106781186548,0.707106781186547,0.));
#6882=DIRECTION('',(-0.707106781186548,-0.707106781186547,0.));
#6883=DIRECTION('',(0.,-1.,0.));
#6884=DIRECTION('',(0.,0.,-1.));
#6885=DIRECTION('',(-1.,0.,0.));
#6886=DIRECTION('',(0.,0.,-1.));
#6887=DIRECTION('',(-1.,0.,0.));
#6888=DIRECTION('',(-0.707106781186548,-0.707106781186547,0.));
#6889=DIRECTION('',(0.707106781186547,-0.707106781186548,0.));
#6890=DIRECTION('',(-0.707106781186547,0.707106781186548,0.));
#6891=DIRECTION('',(0.707106781186548,-0.707106781186547,0.));
#6892=DIRECTION('',(0.707106781186547,0.707106781186548,0.));
#6893=DIRECTION('',(-0.707106781186547,-0.707106781186548,0.));
#6894=DIRECTION('',(0.,-1.,0.));
#6895=DIRECTION('',(0.,0.,-1.));
#6896=DIRECTION('',(-1.,0.,0.));
#6897=DIRECTION('',(0.,0.,-1.));
#6898=DIRECTION('',(-1.,0.,0.));
#6899=DIRECTION('',(1.,0.,0.));
#6900=DIRECTION('',(0.,0.,-1.));
#6901=DIRECTION('',(0.,0.,-1.));
#6902=DIRECTION('',(0.,0.,-1.));
#6903=DIRECTION('',(0.,-1.,0.));
#6904=DIRECTION('',(0.,0.,-1.));
#6905=DIRECTION('',(0.,0.,-1.));
#6906=DIRECTION('',(-1.,0.,0.));
#6907=DIRECTION('',(0.,0.,1.));
#6908=DIRECTION('',(0.,0.,-1.));
#6909=DIRECTION('',(-0.707106781186548,-0.707106781186547,0.));
#6910=DIRECTION('',(0.707106781186547,-0.707106781186548,0.));
#6911=DIRECTION('',(0.707106781186548,-0.707106781186547,0.));
#6912=DIRECTION('',(0.707106781186547,0.707106781186548,0.));
#6913=DIRECTION('',(1.,0.,0.));
#6914=DIRECTION('',(0.,0.,-1.));
#6915=DIRECTION('',(0.,0.,-1.));
#6916=DIRECTION('',(0.,0.,-1.));
#6917=DIRECTION('',(0.707106781186547,-0.707106781186548,0.));
#6918=DIRECTION('',(0.707106781186548,0.707106781186547,0.));
#6919=DIRECTION('',(-0.707106781186548,-0.707106781186547,0.));
#6920=DIRECTION('',(0.707106781186547,-0.707106781186548,0.));
#6921=DIRECTION('',(0.,0.,-1.));
#6922=DIRECTION('',(-1.,0.,0.));
#6923=DIRECTION('',(0.,0.,1.));
#6924=DIRECTION('',(0.,0.,-1.));
#6925=DIRECTION('',(0.,-1.,0.));
#6926=DIRECTION('',(0.,0.,-1.));
#6927=DIRECTION('',(0.,-0.707106781186547,0.707106781186548));
#6928=DIRECTION('',(0.,-0.707106781186548,-0.707106781186547));
#6929=DIRECTION('',(0.,0.707106781186548,0.707106781186547));
#6930=DIRECTION('',(0.,0.707106781186548,0.707106781186547));
#6931=DIRECTION('',(-1.,0.,0.));
#6932=DIRECTION('',(0.,0.965925826289069,0.258819045102519));
#6933=DIRECTION('',(0.,-0.25881904510252,0.965925826289069));
#6934=DIRECTION('',(0.,0.25881904510252,-0.965925826289069));
#6935=DIRECTION('',(-1.,0.,0.));
#6936=DIRECTION('',(0.,0.25881904510252,-0.965925826289069));
#6937=DIRECTION('',(0.,0.,1.));
#6938=DIRECTION('',(1.,0.,0.));
#6939=DIRECTION('',(0.,1.,0.));
#6940=DIRECTION('',(0.,1.,0.));
#6941=DIRECTION('',(-1.,0.,0.));
#6942=DIRECTION('',(0.,0.,1.));
#6943=DIRECTION('',(-1.,0.,0.));
#6944=DIRECTION('',(0.,0.,1.));
#6945=DIRECTION('',(0.,1.,0.));
#6946=DIRECTION('',(0.,0.,1.));
#6947=DIRECTION('',(0.,0.,-1.));
#6948=DIRECTION('',(-1.,0.,0.));
#6949=DIRECTION('',(1.,0.,0.));
#6950=DIRECTION('',(0.,0.,-1.));
#6951=DIRECTION('',(0.,-1.,0.));
#6952=DIRECTION('',(0.,0.,-1.));
#6953=DIRECTION('',(-1.,0.,0.));
#6954=DIRECTION('',(1.,0.,0.));
#6955=DIRECTION('',(0.,0.,-1.));
#6956=DIRECTION('',(0.,-1.,0.));
#6957=DIRECTION('',(0.,0.,-1.));
#6958=DIRECTION('',(0.,0.,-1.));
#6959=DIRECTION('',(-1.,0.,0.));
#6960=DIRECTION('',(-1.,0.,0.));
#6961=DIRECTION('',(0.,1.,0.));
#6962=DIRECTION('',(0.,0.,1.));
#6963=DIRECTION('',(0.,1.,0.));
#6964=DIRECTION('',(0.,0.,1.));
#6965=DIRECTION('',(-1.,0.,0.));
#6966=DIRECTION('',(0.,0.,-1.));
#6967=DIRECTION('',(1.,0.,0.));
#6968=DIRECTION('',(0.,0.,-1.));
#6969=DIRECTION('',(0.,-1.,0.));
#6970=DIRECTION('',(0.,0.,-1.));
#6971=DIRECTION('',(-1.,0.,0.));
#6972=DIRECTION('',(1.,0.,0.));
#6973=DIRECTION('',(0.,0.,-1.));
#6974=DIRECTION('',(0.,0.,-1.));
#6975=DIRECTION('',(0.,-1.,0.));
#6976=DIRECTION('',(0.,0.,-1.));
#6977=DIRECTION('',(-1.,0.,0.));
#6978=DIRECTION('',(-1.,0.,0.));
#6979=DIRECTION('',(0.,1.,0.));
#6980=DIRECTION('',(0.,0.,1.));
#6981=DIRECTION('',(0.,0.,-1.));
#6982=DIRECTION('',(-1.,0.,0.));
#6983=DIRECTION('',(0.,-1.,0.));
#6984=DIRECTION('',(-1.,0.,0.));
#6985=DIRECTION('',(1.,0.,0.));
#6986=DIRECTION('',(0.,0.,-1.));
#6987=DIRECTION('',(0.,0.,-1.));
#6988=DIRECTION('',(0.,1.,0.));
#6989=DIRECTION('',(0.,0.,1.));
#6990=DIRECTION('',(0.,1.,0.));
#6991=DIRECTION('',(0.,0.,1.));
#6992=DIRECTION('',(0.,0.,-1.));
#6993=DIRECTION('',(-1.,0.,0.));
#6994=DIRECTION('',(1.,0.,0.));
#6995=DIRECTION('',(0.,0.,-1.));
#6996=DIRECTION('',(0.,-1.,0.));
#6997=DIRECTION('',(0.,0.,-1.));
#6998=DIRECTION('',(-1.,0.,0.));
#6999=DIRECTION('',(0.,0.,-1.));
#7000=DIRECTION('',(-1.,0.,0.));
#7001=DIRECTION('',(0.,-1.,0.));
#7002=DIRECTION('',(-1.,0.,0.));
#7003=DIRECTION('',(1.,0.,0.));
#7004=DIRECTION('',(0.,0.,-1.));
#7005=DIRECTION('',(0.,0.,-1.));
#7006=DIRECTION('',(0.,1.,0.));
#7007=DIRECTION('',(0.,0.,1.));
#7008=DIRECTION('',(1.,0.,0.));
#7009=DIRECTION('',(0.,0.,-1.));
#7010=DIRECTION('',(0.,0.,-1.));
#7011=DIRECTION('',(0.,-1.,0.));
#7012=DIRECTION('',(0.,0.,-1.));
#7013=DIRECTION('',(-1.,0.,0.));
#7014=DIRECTION('',(-1.,0.,0.));
#7015=DIRECTION('',(0.,1.,0.));
#7016=DIRECTION('',(0.,0.,1.));
#7017=DIRECTION('',(-1.,0.,0.));
#7018=DIRECTION('',(0.,0.,1.));
#7019=DIRECTION('',(0.,1.,0.));
#7020=DIRECTION('',(0.,0.,1.));
#7021=DIRECTION('',(0.,1.,0.));
#7022=DIRECTION('',(0.,0.,1.));
#7023=DIRECTION('',(1.,0.,0.));
#7024=DIRECTION('',(1.,0.,0.));
#7025=DIRECTION('',(0.,0.,-1.));
#7026=DIRECTION('',(-1.,0.,0.));
#7027=DIRECTION('',(-1.,0.,0.));
#7028=DIRECTION('',(0.,1.,0.));
#7029=DIRECTION('',(0.,0.,1.));
#7030=DIRECTION('',(0.,-0.342020150545488,0.939692618158109));
#7031=DIRECTION('',(0.,-0.939692618158109,-0.342020150545488));
#7032=DIRECTION('',(-1.,0.,0.));
#7033=DIRECTION('',(0.,0.939692618158109,0.342020150545488));
#7034=DIRECTION('',(0.,0.939692618158109,0.342020150545488));
#7035=DIRECTION('',(0.,0.707106781186548,0.707106781186547));
#7036=DIRECTION('',(0.,-0.707106781186547,0.707106781186548));
#7037=DIRECTION('',(0.,0.707106781186547,-0.707106781186548));
#7038=DIRECTION('',(-1.,0.,0.));
#7039=DIRECTION('',(0.,0.707106781186547,-0.707106781186548));
#7040=DIRECTION('',(0.,-9.03501810404586E-16,1.));
#7041=DIRECTION('',(0.,-1.,-9.03501810404586E-16));
#7042=DIRECTION('',(0.,1.,0.));
#7043=DIRECTION('',(-1.,0.,0.));
#7044=DIRECTION('',(0.,1.,9.03501810404586E-16));
#7045=DIRECTION('',(-1.,0.,0.));
#7046=DIRECTION('',(0.,0.,1.));
#7047=DIRECTION('',(1.,0.,0.));
#7048=DIRECTION('',(0.,0.,-1.));
#7049=DIRECTION('',(1.,0.,0.));
#7050=DIRECTION('',(0.,0.,-1.));
#7051=DIRECTION('',(1.,0.,0.));
#7052=DIRECTION('',(0.,0.,-1.));
#7053=DIRECTION('',(1.,0.,0.));
#7054=DIRECTION('',(0.,0.,-1.));
#7055=DIRECTION('',(-1.,0.,0.));
#7056=DIRECTION('',(0.,0.,1.));
#7057=DIRECTION('',(1.,0.,0.));
#7058=DIRECTION('',(0.,0.,-1.));
#7059=DIRECTION('',(0.,0.,1.));
#7060=DIRECTION('',(1.,0.,0.));
#7061=DIRECTION('',(0.,-0.5,-0.866025403784438));
#7062=DIRECTION('',(0.,0.866025403784439,-0.5));
#7063=DIRECTION('',(1.,0.,0.));
#7064=DIRECTION('',(-2.58143374401311E-17,-0.866025403784439,0.5));
#7065=DIRECTION('',(-1.,0.,0.));
#7066=DIRECTION('',(0.,-0.866025403784438,0.5));
#7067=DIRECTION('',(0.,0.,1.));
#7068=DIRECTION('',(1.,0.,0.));
#7069=DIRECTION('',(-1.,0.,0.));
#7070=DIRECTION('',(0.,-1.,0.));
#7071=DIRECTION('',(-1.,0.,0.));
#7072=DIRECTION('',(0.,1.,0.));
#7073=DIRECTION('',(1.,0.,0.));
#7074=DIRECTION('',(0.,0.,-1.));
#7075=DIRECTION('',(0.,-3.79470760369927E-17,1.));
#7076=DIRECTION('',(0.,0.,-1.));
#7077=DIRECTION('',(0.,-0.965925705980031,-0.258819494101542));
#7078=DIRECTION('',(1.,0.,0.));
#7079=DIRECTION('',(0.,0.,-1.));
#7080=DIRECTION('',(0.,0.,-1.));
#7081=DIRECTION('',(1.,0.,0.));
#7082=DIRECTION('',(0.,0.,-1.));
#7083=DIRECTION('',(0.,0.965925705980031,-0.258819494101543));
#7084=DIRECTION('',(0.,0.,-1.));
#7085=DIRECTION('',(0.,-0.965925705980031,-0.258819494101542));
#7086=DIRECTION('',(1.,0.,0.));
#7087=DIRECTION('',(0.,0.,-1.));
#7088=DIRECTION('',(0.,0.,-1.));
#7089=DIRECTION('',(1.,0.,0.));
#7090=DIRECTION('',(0.,0.,-1.));
#7091=DIRECTION('',(0.,0.965925705980031,-0.258819494101541));
#7092=DIRECTION('',(0.,0.866025403784439,-0.499999999999999));
#7093=DIRECTION('',(0.,1.,0.));
#7094=DIRECTION('',(1.,0.,0.));
#7095=DIRECTION('',(0.,0.,-1.));
#7096=DIRECTION('',(0.,-1.,0.));
#7097=DIRECTION('',(0.,-0.866025403784438,0.5));
#7098=DIRECTION('',(0.,-0.5,-0.866025403784438));
#7099=DIRECTION('',(0.,0.866025403784439,-0.5));
#7100=DIRECTION('',(1.,0.,0.));
#7101=DIRECTION('',(-1.,0.,0.));
#7102=DIRECTION('',(0.,0.866025403784439,-0.5));
#7103=DIRECTION('',(0.,0.,1.));
#7104=DIRECTION('',(1.,0.,0.));
#7105=DIRECTION('',(-1.,0.,0.));
#7106=DIRECTION('',(0.,1.,0.));
#7107=DIRECTION('',(-1.,0.,0.));
#7108=DIRECTION('',(0.,1.,0.));
#7109=DIRECTION('',(1.,0.,0.));
#7110=DIRECTION('',(0.,0.,-1.));
#7111=DIRECTION('',(0.,-3.79470760369927E-17,1.));
#7112=DIRECTION('',(0.,-1.,0.));
#7113=DIRECTION('',(1.,0.,0.));
#7114=DIRECTION('',(0.,0.,-1.));
#7115=DIRECTION('',(0.,1.,0.));
#7116=DIRECTION('',(0.,0.866025403784439,-0.499999999999999));
#7117=DIRECTION('',(0.,0.965925705980031,-0.258819494101541));
#7118=DIRECTION('',(1.,0.,0.));
#7119=DIRECTION('',(0.,0.,-1.));
#7120=DIRECTION('',(0.,0.,-1.));
#7121=DIRECTION('',(1.,0.,0.));
#7122=DIRECTION('',(0.,0.,-1.));
#7123=DIRECTION('',(0.,-0.965925705980031,-0.258819494101542));
#7124=DIRECTION('',(0.,0.,-1.));
#7125=DIRECTION('',(0.,0.965925705980031,-0.258819494101543));
#7126=DIRECTION('',(1.,0.,0.));
#7127=DIRECTION('',(0.,0.,-1.));
#7128=DIRECTION('',(0.,0.,-1.));
#7129=DIRECTION('',(1.,0.,0.));
#7130=DIRECTION('',(0.,0.,-1.));
#7131=DIRECTION('',(0.,-0.965925705980031,-0.258819494101542));
#7132=DIRECTION('',(0.,0.,-1.));
#7133=DIRECTION('',(1.,0.,5.16286748802621E-17));
#7134=DIRECTION('',(5.16286748802621E-17,0.,-1.));
#7135=DIRECTION('',(-5.16286748802621E-17,-3.79470760369927E-17,1.));
#7136=DIRECTION('',(0.,-1.,0.));
#7137=DIRECTION('',(5.16286748802621E-17,0.,-1.));
#7138=DIRECTION('',(1.33625075136424E-17,-0.965925705980031,-0.258819494101542));
#7139=DIRECTION('',(1.,0.,5.16286748802621E-17));
#7140=DIRECTION('',(5.16286748802621E-17,0.,-1.));
#7141=DIRECTION('',(5.16286748802621E-17,0.,-1.));
#7142=DIRECTION('',(1.,0.,5.16286748802621E-17));
#7143=DIRECTION('',(5.16286748802621E-17,0.,-1.));
#7144=DIRECTION('',(1.33625075136424E-17,0.965925705980032,-0.258819494101541));
#7145=DIRECTION('',(2.5814337440131E-17,0.866025403784439,-0.499999999999999));
#7146=DIRECTION('',(0.,1.,0.));
#7147=DIRECTION('',(1.,0.,5.16286748802621E-17));
#7148=DIRECTION('',(5.16286748802621E-17,0.,-1.));
#7149=DIRECTION('',(0.,-1.,0.));
#7150=DIRECTION('',(-1.,0.,0.));
#7151=DIRECTION('',(0.,0.,1.));
#7152=DIRECTION('',(0.,3.79470760369927E-17,-1.));
#7153=DIRECTION('',(0.,1.,0.));
#7154=DIRECTION('',(-1.,0.,0.));
#7155=DIRECTION('',(0.,0.,1.));
#7156=DIRECTION('',(0.,-1.,0.));
#7157=DIRECTION('',(0.,-0.866025403784439,0.499999999999999));
#7158=DIRECTION('',(0.,-0.965925705980032,0.258819494101541));
#7159=DIRECTION('',(-1.,0.,0.));
#7160=DIRECTION('',(0.,0.,1.));
#7161=DIRECTION('',(0.,0.,1.));
#7162=DIRECTION('',(-1.,0.,0.));
#7163=DIRECTION('',(0.,0.,1.));
#7164=DIRECTION('',(0.,0.965925705980031,0.258819494101542));
#7165=DIRECTION('',(0.,0.,1.));
#7166=DIRECTION('',(0.,-1.,0.));
#7167=DIRECTION('',(1.6940658945086E-16,0.,-1.));
#7168=DIRECTION('',(-1.,0.,-1.6940658945086E-16));
#7169=DIRECTION('',(1.,-6.42848473105939E-33,1.6940658945086E-16));
#7170=DIRECTION('',(-1.,0.,-1.6940658945086E-16));
#7171=DIRECTION('',(-1.,0.,0.));
#7172=DIRECTION('',(0.,0.,1.));
#7173=DIRECTION('',(0.,3.79470760369927E-17,-1.));
#7174=DIRECTION('',(0.,-1.,0.));
#7175=DIRECTION('',(0.,0.,1.));
#7176=DIRECTION('',(0.,-0.965925705980031,0.258819494101543));
#7177=DIRECTION('',(-1.,0.,0.));
#7178=DIRECTION('',(0.,0.,1.));
#7179=DIRECTION('',(0.,0.,1.));
#7180=DIRECTION('',(-1.,0.,0.));
#7181=DIRECTION('',(0.,0.,1.));
#7182=DIRECTION('',(0.,0.965925705980031,0.258819494101542));
#7183=DIRECTION('',(0.,0.,1.));
#7184=DIRECTION('',(0.,0.,1.));
#7185=DIRECTION('',(1.,0.,0.));
#7186=DIRECTION('',(-1.,0.,0.));
#7187=DIRECTION('',(0.,-1.,0.));
#7188=DIRECTION('',(1.,0.,0.));
#7189=DIRECTION('',(1.,0.,0.));
#7190=DIRECTION('',(0.,0.,-1.));
#7191=DIRECTION('',(0.,-3.79470760369927E-17,1.));
#7192=DIRECTION('',(0.,0.,-1.));
#7193=DIRECTION('',(0.,-0.965925705980031,-0.258819494101542));
#7194=DIRECTION('',(1.,0.,0.));
#7195=DIRECTION('',(0.,0.,-1.));
#7196=DIRECTION('',(0.,0.,-1.));
#7197=DIRECTION('',(1.,0.,0.));
#7198=DIRECTION('',(0.,0.,-1.));
#7199=DIRECTION('',(0.,0.965925705980031,-0.258819494101543));
#7200=DIRECTION('',(0.,0.,-1.));
#7201=DIRECTION('',(-1.,0.,0.));
#7202=DIRECTION('',(0.,0.,1.));
#7203=DIRECTION('',(-1.,0.,0.));
#7204=DIRECTION('',(-1.,0.,0.));
#7205=DIRECTION('',(0.,0.,-1.));
#7206=DIRECTION('',(-1.,0.,0.));
#7207=DIRECTION('',(0.,1.,0.));
#7208=DIRECTION('',(0.,0.,1.));
#7209=DIRECTION('',(-1.,0.,0.));
#7210=DIRECTION('',(0.,0.258819494101542,-0.965925705980031));
#7211=DIRECTION('',(0.,0.965925705980031,0.258819494101542));
#7212=DIRECTION('',(-1.,0.,0.));
#7213=DIRECTION('',(-1.,0.,0.));
#7214=DIRECTION('',(0.,0.,1.));
#7215=DIRECTION('',(-1.,0.,0.));
#7216=DIRECTION('',(0.,1.,0.));
#7217=DIRECTION('',(0.,0.,1.));
#7218=DIRECTION('',(-1.,0.,0.));
#7219=DIRECTION('',(-1.,0.,0.));
#7220=DIRECTION('',(0.,0.,1.));
#7221=DIRECTION('',(-1.,0.,0.));
#7222=DIRECTION('',(0.,0.258819494101543,0.965925705980031));
#7223=DIRECTION('',(0.,-0.965925705980031,0.258819494101543));
#7224=DIRECTION('',(-1.,0.,0.));
#7225=DIRECTION('',(0.,0.258819494101542,-0.965925705980031));
#7226=DIRECTION('',(0.,0.965925705980031,0.258819494101542));
#7227=DIRECTION('',(-1.,0.,0.));
#7228=DIRECTION('',(-1.,0.,0.));
#7229=DIRECTION('',(-1.,0.,0.));
#7230=DIRECTION('',(0.,0.,1.));
#7231=DIRECTION('',(-1.,0.,0.));
#7232=DIRECTION('',(0.,1.,0.));
#7233=DIRECTION('',(0.,0.,1.));
#7234=DIRECTION('',(-1.,0.,0.));
#7235=DIRECTION('',(-1.,0.,0.));
#7236=DIRECTION('',(0.,0.,1.));
#7237=DIRECTION('',(-1.,0.,0.));
#7238=DIRECTION('',(0.,0.258819494101541,0.965925705980031));
#7239=DIRECTION('',(0.,-0.965925705980032,0.258819494101541));
#7240=DIRECTION('',(-1.,0.,0.));
#7241=DIRECTION('',(0.,0.499999999999999,0.866025403784439));
#7242=DIRECTION('',(0.,-0.866025403784439,0.499999999999999));
#7243=DIRECTION('',(-1.,0.,0.));
#7244=DIRECTION('',(0.,0.,1.));
#7245=DIRECTION('',(1.,0.,0.));
#7246=DIRECTION('',(-1.,0.,0.));
#7247=DIRECTION('',(0.,0.,1.));
#7248=DIRECTION('',(-1.,0.,0.));
#7249=DIRECTION('',(-1.,0.,0.));
#7250=DIRECTION('',(0.,0.,-1.));
#7251=DIRECTION('',(-1.,0.,0.));
#7252=DIRECTION('',(0.,1.,0.));
#7253=DIRECTION('',(0.,0.,1.));
#7254=DIRECTION('',(-1.,0.,0.));
#7255=DIRECTION('',(0.,0.258819494101542,-0.965925705980031));
#7256=DIRECTION('',(0.,0.965925705980031,0.258819494101542));
#7257=DIRECTION('',(-1.,0.,0.));
#7258=DIRECTION('',(-1.,0.,0.));
#7259=DIRECTION('',(0.,0.,1.));
#7260=DIRECTION('',(-1.,0.,0.));
#7261=DIRECTION('',(0.,1.,0.));
#7262=DIRECTION('',(0.,0.,1.));
#7263=DIRECTION('',(-1.,0.,0.));
#7264=DIRECTION('',(-1.,0.,0.));
#7265=DIRECTION('',(0.,0.,1.));
#7266=DIRECTION('',(-1.,0.,0.));
#7267=DIRECTION('',(0.,0.258819494101543,0.965925705980031));
#7268=DIRECTION('',(0.,-0.965925705980031,0.258819494101543));
#7269=DIRECTION('',(-1.,0.,0.));
#7270=DIRECTION('',(0.,1.,0.));
#7271=DIRECTION('',(0.,0.,1.));
#7272=DIRECTION('',(-1.,0.,0.));
#7273=DIRECTION('',(0.,0.258819494101542,-0.965925705980031));
#7274=DIRECTION('',(0.,0.965925705980031,0.258819494101542));
#7275=DIRECTION('',(-1.,0.,0.));
#7276=DIRECTION('',(-1.,0.,0.));
#7277=DIRECTION('',(0.,0.,1.));
#7278=DIRECTION('',(-1.,0.,0.));
#7279=DIRECTION('',(0.,1.,0.));
#7280=DIRECTION('',(0.,0.,1.));
#7281=DIRECTION('',(-1.,0.,0.));
#7282=DIRECTION('',(-1.,0.,0.));
#7283=DIRECTION('',(0.,0.,1.));
#7284=DIRECTION('',(-1.,0.,0.));
#7285=DIRECTION('',(0.,0.258819494101541,0.965925705980031));
#7286=DIRECTION('',(0.,-0.965925705980032,0.258819494101541));
#7287=DIRECTION('',(-1.,0.,0.));
#7288=DIRECTION('',(0.,0.499999999999999,0.866025403784439));
#7289=DIRECTION('',(0.,-0.866025403784439,0.499999999999999));
#7290=DIRECTION('',(-1.,0.,0.));
#7291=DIRECTION('',(0.,0.,1.));
#7292=DIRECTION('',(1.,0.,0.));
#7293=DIRECTION('',(0.,1.,3.79470760369927E-17));
#7294=DIRECTION('',(0.,-3.79470760369927E-17,1.));
#7295=DIRECTION('',(0.,0.,1.));
#7296=DIRECTION('',(1.,0.,0.));
#7297=DIRECTION('',(0.,-0.5,-0.866025403784438));
#7298=DIRECTION('',(0.,0.866025403784439,-0.5));
#7299=DIRECTION('',(-1.,0.,0.));
#7300=DIRECTION('',(0.,-0.866025403784438,0.5));
#7301=DIRECTION('',(-1.,0.,0.));
#7302=DIRECTION('',(-2.58143374401311E-17,-0.866025403784439,0.5));
#7303=DIRECTION('',(0.,0.,1.));
#7304=DIRECTION('',(1.,0.,0.));
#7305=DIRECTION('',(1.,0.,0.));
#7306=DIRECTION('',(0.,1.,0.));
#7307=DIRECTION('',(-1.,0.,0.));
#7308=DIRECTION('',(0.,-1.,0.));
#7309=DIRECTION('',(1.,0.,0.));
#7310=DIRECTION('',(0.,0.,-1.));
#7311=DIRECTION('',(0.,-3.79470760369927E-17,-1.));
#7312=DIRECTION('',(0.,-0.866025403784438,0.5));
#7313=DIRECTION('',(0.,0.,1.));
#7314=DIRECTION('',(1.,0.,0.));
#7315=DIRECTION('',(0.,0.,-1.));
#7316=DIRECTION('',(0.,-1.,0.));
#7317=DIRECTION('',(0.,-0.866025403784439,0.5));
#7318=DIRECTION('',(0.,0.,1.));
#7319=DIRECTION('',(0.,0.866025403784439,0.5));
#7320=DIRECTION('',(1.,0.,0.));
#7321=DIRECTION('',(0.,0.,-1.));
#7322=DIRECTION('',(1.,0.,0.));
#7323=DIRECTION('',(0.,0.,-1.));
#7324=DIRECTION('',(0.,1.,0.));
#7325=DIRECTION('',(1.,0.,0.));
#7326=DIRECTION('',(0.,0.,-1.));
#7327=DIRECTION('',(0.,0.,1.));
#7328=DIRECTION('',(1.,0.,0.));
#7329=DIRECTION('',(0.,0.,-1.));
#7330=DIRECTION('',(0.,-1.,0.));
#7331=DIRECTION('',(1.,0.,0.));
#7332=DIRECTION('',(0.,0.,-1.));
#7333=DIRECTION('',(1.,0.,0.));
#7334=DIRECTION('',(0.,0.,-1.));
#7335=DIRECTION('',(0.,-0.866025403784439,0.5));
#7336=DIRECTION('',(0.,-1.,0.));
#7337=DIRECTION('',(0.,-0.997917013697325,0.0645107260338346));
#7338=DIRECTION('',(1.,0.,0.));
#7339=DIRECTION('',(0.,0.,-1.));
#7340=DIRECTION('',(0.,0.,1.));
#7341=DIRECTION('',(1.,0.,0.));
#7342=DIRECTION('',(0.,0.,-1.));
#7343=DIRECTION('',(0.,0.997917013697325,0.0645107260338348));
#7344=DIRECTION('',(0.,1.,0.));
#7345=DIRECTION('',(0.,0.,1.));
#7346=DIRECTION('',(0.,-0.5,-0.866025403784438));
#7347=DIRECTION('',(0.,0.866025403784439,-0.5));
#7348=DIRECTION('',(-1.,0.,0.));
#7349=DIRECTION('',(0.,0.866025403784439,-0.5));
#7350=DIRECTION('',(-1.,0.,0.));
#7351=DIRECTION('',(0.,0.,1.));
#7352=DIRECTION('',(1.,0.,0.));
#7353=DIRECTION('',(1.,0.,0.));
#7354=DIRECTION('',(0.,1.,0.));
#7355=DIRECTION('',(-1.,0.,0.));
#7356=DIRECTION('',(0.,1.,0.));
#7357=DIRECTION('',(1.,0.,0.));
#7358=DIRECTION('',(0.,0.,-1.));
#7359=DIRECTION('',(0.,-3.79470760369927E-17,-1.));
#7360=DIRECTION('',(0.,0.,1.));
#7361=DIRECTION('',(0.,1.,0.));
#7362=DIRECTION('',(0.,0.997917013697325,0.0645107260338348));
#7363=DIRECTION('',(1.,0.,0.));
#7364=DIRECTION('',(0.,0.,-1.));
#7365=DIRECTION('',(0.,0.,1.));
#7366=DIRECTION('',(1.,0.,0.));
#7367=DIRECTION('',(0.,0.,-1.));
#7368=DIRECTION('',(0.,-0.997917013697325,0.0645107260338346));
#7369=DIRECTION('',(0.,-1.,0.));
#7370=DIRECTION('',(0.,-0.866025403784439,0.5));
#7371=DIRECTION('',(1.,0.,0.));
#7372=DIRECTION('',(0.,0.,-1.));
#7373=DIRECTION('',(1.,0.,0.));
#7374=DIRECTION('',(0.,0.,-1.));
#7375=DIRECTION('',(0.,-1.,0.));
#7376=DIRECTION('',(1.,0.,0.));
#7377=DIRECTION('',(0.,0.,-1.));
#7378=DIRECTION('',(0.,0.,1.));
#7379=DIRECTION('',(1.,0.,0.));
#7380=DIRECTION('',(0.,0.,-1.));
#7381=DIRECTION('',(0.,1.,0.));
#7382=DIRECTION('',(1.,0.,0.));
#7383=DIRECTION('',(0.,0.,-1.));
#7384=DIRECTION('',(1.,0.,0.));
#7385=DIRECTION('',(0.,0.,-1.));
#7386=DIRECTION('',(0.,0.866025403784439,0.5));
#7387=DIRECTION('',(0.,0.,1.));
#7388=DIRECTION('',(0.,-0.866025403784439,0.5));
#7389=DIRECTION('',(0.,-1.,0.));
#7390=DIRECTION('',(1.,0.,0.));
#7391=DIRECTION('',(0.,0.,-1.));
#7392=DIRECTION('',(0.,0.,1.));
#7393=DIRECTION('',(1.,0.,5.16286748802621E-17));
#7394=DIRECTION('',(5.16286748802621E-17,0.,-1.));
#7395=DIRECTION('',(5.16286748802621E-17,-3.79470760369927E-17,-1.));
#7396=DIRECTION('',(-5.16286748802621E-17,0.,1.));
#7397=DIRECTION('',(1.,0.,5.16286748802621E-17));
#7398=DIRECTION('',(5.16286748802621E-17,0.,-1.));
#7399=DIRECTION('',(0.,-1.,0.));
#7400=DIRECTION('',(-2.5814337440131E-17,-0.866025403784439,0.5));
#7401=DIRECTION('',(-5.16286748802621E-17,0.,1.));
#7402=DIRECTION('',(-2.58143374401311E-17,0.866025403784439,0.5));
#7403=DIRECTION('',(1.,0.,5.16286748802621E-17));
#7404=DIRECTION('',(5.16286748802621E-17,0.,-1.));
#7405=DIRECTION('',(1.,0.,5.16286748802621E-17));
#7406=DIRECTION('',(5.16286748802621E-17,0.,-1.));
#7407=DIRECTION('',(0.,1.,0.));
#7408=DIRECTION('',(1.,0.,5.16286748802621E-17));
#7409=DIRECTION('',(5.16286748802621E-17,0.,-1.));
#7410=DIRECTION('',(-5.16286748802621E-17,0.,1.));
#7411=DIRECTION('',(0.,-1.,0.));
#7412=DIRECTION('',(-1.,0.,0.));
#7413=DIRECTION('',(0.,0.,1.));
#7414=DIRECTION('',(0.,3.79470760369927E-17,1.));
#7415=DIRECTION('',(0.,-1.,0.));
#7416=DIRECTION('',(0.,0.,-1.));
#7417=DIRECTION('',(-1.,0.,0.));
#7418=DIRECTION('',(0.,0.,1.));
#7419=DIRECTION('',(0.,-1.,0.));
#7420=DIRECTION('',(-1.,0.,0.));
#7421=DIRECTION('',(0.,0.,1.));
#7422=DIRECTION('',(-1.,0.,0.));
#7423=DIRECTION('',(0.,0.,1.));
#7424=DIRECTION('',(0.,-0.866025403784439,-0.5));
#7425=DIRECTION('',(0.,0.,-1.));
#7426=DIRECTION('',(0.,0.866025403784439,-0.5));
#7427=DIRECTION('',(0.,1.,0.));
#7428=DIRECTION('',(-1.,0.,0.));
#7429=DIRECTION('',(0.,0.,1.));
#7430=DIRECTION('',(0.,0.,-1.));
#7431=DIRECTION('',(1.6940658945086E-16,0.,-1.));
#7432=DIRECTION('',(-1.,0.,-1.6940658945086E-16));
#7433=DIRECTION('',(-1.,-6.42848473105939E-33,-1.6940658945086E-16));
#7434=DIRECTION('',(1.,0.,1.6940658945086E-16));
#7435=DIRECTION('',(-1.,0.,0.));
#7436=DIRECTION('',(0.,0.,1.));
#7437=DIRECTION('',(0.,3.79470760369927E-17,1.));
#7438=DIRECTION('',(0.,0.,-1.));
#7439=DIRECTION('',(0.,-1.,0.));
#7440=DIRECTION('',(0.,-0.997917013697325,-0.0645107260338348));
#7441=DIRECTION('',(-1.,0.,0.));
#7442=DIRECTION('',(0.,0.,1.));
#7443=DIRECTION('',(0.,0.,-1.));
#7444=DIRECTION('',(-1.,0.,0.));
#7445=DIRECTION('',(0.,0.,1.));
#7446=DIRECTION('',(0.,0.997917013697325,-0.0645107260338346));
#7447=DIRECTION('',(0.,1.,0.));
#7448=DIRECTION('',(0.,0.866025403784439,-0.5));
#7449=DIRECTION('',(-1.,0.,0.));
#7450=DIRECTION('',(0.,0.,1.));
#7451=DIRECTION('',(-1.,0.,0.));
#7452=DIRECTION('',(0.,0.,1.));
#7453=DIRECTION('',(0.,1.,0.));
#7454=DIRECTION('',(-1.,0.,0.));
#7455=DIRECTION('',(0.,0.,1.));
#7456=DIRECTION('',(0.,0.,-1.));
#7457=DIRECTION('',(0.,-1.,0.));
#7458=DIRECTION('',(0.,0.,1.));
#7459=DIRECTION('',(1.,0.,0.));
#7460=DIRECTION('',(1.,0.,0.));
#7461=DIRECTION('',(-1.,0.,0.));
#7462=DIRECTION('',(0.,-1.,0.));
#7463=DIRECTION('',(1.,0.,0.));
#7464=DIRECTION('',(0.,0.,-1.));
#7465=DIRECTION('',(0.,-3.79470760369927E-17,-1.));
#7466=DIRECTION('',(0.,0.,1.));
#7467=DIRECTION('',(1.,0.,0.));
#7468=DIRECTION('',(0.,0.,-1.));
#7469=DIRECTION('',(0.,-1.,0.));
#7470=DIRECTION('',(1.,0.,0.));
#7471=DIRECTION('',(0.,0.,-1.));
#7472=DIRECTION('',(1.,0.,0.));
#7473=DIRECTION('',(0.,0.,-1.));
#7474=DIRECTION('',(0.,-0.866025403784439,0.5));
#7475=DIRECTION('',(0.,-1.,0.));
#7476=DIRECTION('',(0.,-0.997917013697325,0.0645107260338346));
#7477=DIRECTION('',(1.,0.,0.));
#7478=DIRECTION('',(0.,0.,-1.));
#7479=DIRECTION('',(0.,0.,1.));
#7480=DIRECTION('',(1.,0.,0.));
#7481=DIRECTION('',(0.,0.,-1.));
#7482=DIRECTION('',(0.,0.997917013697325,0.0645107260338348));
#7483=DIRECTION('',(0.,1.,0.));
#7484=DIRECTION('',(0.,0.,1.));
#7485=DIRECTION('',(0.,-1.,0.));
#7486=DIRECTION('',(0.,0.,-1.));
#7487=DIRECTION('',(-1.,0.,0.));
#7488=DIRECTION('',(-1.,0.,0.));
#7489=DIRECTION('',(0.,0.,1.));
#7490=DIRECTION('',(-1.,0.,0.));
#7491=DIRECTION('',(0.,0.,-1.));
#7492=DIRECTION('',(-1.,0.,0.));
#7493=DIRECTION('',(-1.,0.,0.));
#7494=DIRECTION('',(0.,-0.5,-0.866025403784439));
#7495=DIRECTION('',(0.,0.866025403784439,-0.5));
#7496=DIRECTION('',(-1.,0.,0.));
#7497=DIRECTION('',(0.,-1.,0.));
#7498=DIRECTION('',(0.,0.,-1.));
#7499=DIRECTION('',(-1.,0.,0.));
#7500=DIRECTION('',(0.,-0.5,0.866025403784439));
#7501=DIRECTION('',(0.,-0.866025403784439,-0.5));
#7502=DIRECTION('',(-1.,0.,0.));
#7503=DIRECTION('',(-1.,0.,0.));
#7504=DIRECTION('',(0.,0.,1.));
#7505=DIRECTION('',(-1.,0.,0.));
#7506=DIRECTION('',(-1.,0.,0.));
#7507=DIRECTION('',(0.,0.,1.));
#7508=DIRECTION('',(-1.,0.,0.));
#7509=DIRECTION('',(0.,0.,1.));
#7510=DIRECTION('',(1.,0.,0.));
#7511=DIRECTION('',(-1.,0.,0.));
#7512=DIRECTION('',(-1.,0.,0.));
#7513=DIRECTION('',(0.,0.,1.));
#7514=DIRECTION('',(-1.,0.,0.));
#7515=DIRECTION('',(-1.,0.,0.));
#7516=DIRECTION('',(0.,0.,1.));
#7517=DIRECTION('',(-1.,0.,0.));
#7518=DIRECTION('',(-1.,0.,0.));
#7519=DIRECTION('',(0.,0.,-1.));
#7520=DIRECTION('',(-1.,0.,0.));
#7521=DIRECTION('',(-1.,0.,0.));
#7522=DIRECTION('',(-1.,0.,0.));
#7523=DIRECTION('',(0.,0.,1.));
#7524=DIRECTION('',(-1.,0.,0.));
#7525=DIRECTION('',(-1.,0.,0.));
#7526=DIRECTION('',(0.,0.,1.));
#7527=DIRECTION('',(-1.,0.,0.));
#7528=DIRECTION('',(0.,-0.5,-0.866025403784439));
#7529=DIRECTION('',(0.,0.866025403784439,-0.5));
#7530=DIRECTION('',(-1.,0.,0.));
#7531=DIRECTION('',(0.,0.,-1.));
#7532=DIRECTION('',(-1.,0.,0.));
#7533=DIRECTION('',(-1.,0.,0.));
#7534=DIRECTION('',(0.,-0.0645107260338346,-0.997917013697325));
#7535=DIRECTION('',(0.,0.997917013697325,-0.0645107260338346));
#7536=DIRECTION('',(-1.,0.,0.));
#7537=DIRECTION('',(-1.,0.,0.));
#7538=DIRECTION('',(0.,0.,1.));
#7539=DIRECTION('',(-1.,0.,0.));
#7540=DIRECTION('',(0.,-1.,0.));
#7541=DIRECTION('',(0.,0.,-1.));
#7542=DIRECTION('',(-1.,0.,0.));
#7543=DIRECTION('',(-1.,0.,0.));
#7544=DIRECTION('',(0.,0.,1.));
#7545=DIRECTION('',(-1.,0.,0.));
#7546=DIRECTION('',(0.,-0.0645107260338348,0.997917013697325));
#7547=DIRECTION('',(0.,-0.997917013697325,-0.0645107260338348));
#7548=DIRECTION('',(-1.,0.,0.));
#7549=DIRECTION('',(0.,0.,1.));
#7550=DIRECTION('',(1.,0.,0.));
#7551=DIRECTION('',(-1.,0.,0.));
#7552=DIRECTION('',(0.,-1.,0.));
#7553=DIRECTION('',(0.,0.,-1.));
#7554=DIRECTION('',(0.,-1.,0.));
#7555=DIRECTION('',(0.,0.,-1.));
#7556=DIRECTION('',(-1.,0.,0.));
#7557=DIRECTION('',(-1.,0.,0.));
#7558=DIRECTION('',(0.,0.,1.));
#7559=DIRECTION('',(-1.,0.,0.));
#7560=DIRECTION('',(0.,0.,-1.));
#7561=DIRECTION('',(-1.,0.,0.));
#7562=DIRECTION('',(-1.,0.,0.));
#7563=DIRECTION('',(0.,-0.5,-0.866025403784439));
#7564=DIRECTION('',(0.,0.866025403784439,-0.5));
#7565=DIRECTION('',(-1.,0.,0.));
#7566=DIRECTION('',(0.,-1.,0.));
#7567=DIRECTION('',(0.,0.,-1.));
#7568=DIRECTION('',(-1.,0.,0.));
#7569=DIRECTION('',(0.,-0.5,0.866025403784439));
#7570=DIRECTION('',(0.,-0.866025403784439,-0.5));
#7571=DIRECTION('',(-1.,0.,0.));
#7572=DIRECTION('',(-1.,0.,0.));
#7573=DIRECTION('',(0.,0.,1.));
#7574=DIRECTION('',(-1.,0.,0.));
#7575=DIRECTION('',(-1.,0.,0.));
#7576=DIRECTION('',(0.,0.,1.));
#7577=DIRECTION('',(-1.,0.,0.));
#7578=DIRECTION('',(0.,0.,1.));
#7579=DIRECTION('',(1.,0.,0.));
#7580=DIRECTION('',(-1.,0.,0.));
#7581=DIRECTION('',(-1.,0.,0.));
#7582=DIRECTION('',(0.,0.,1.));
#7583=DIRECTION('',(-1.,0.,0.));
#7584=DIRECTION('',(0.,-1.,0.));
#7585=DIRECTION('',(0.,0.,-1.));
#7586=DIRECTION('',(-1.,0.,0.));
#7587=DIRECTION('',(-1.,0.,0.));
#7588=DIRECTION('',(0.,0.,1.));
#7589=DIRECTION('',(-1.,0.,0.));
#7590=DIRECTION('',(0.,0.,-1.));
#7591=DIRECTION('',(-1.,0.,0.));
#7592=DIRECTION('',(-1.,0.,0.));
#7593=DIRECTION('',(-1.,0.,0.));
#7594=DIRECTION('',(0.,0.,1.));
#7595=DIRECTION('',(-1.,0.,0.));
#7596=DIRECTION('',(-1.,0.,0.));
#7597=DIRECTION('',(0.,0.,1.));
#7598=DIRECTION('',(-1.,0.,0.));
#7599=DIRECTION('',(0.,-0.5,-0.866025403784439));
#7600=DIRECTION('',(0.,0.866025403784439,-0.5));
#7601=DIRECTION('',(-1.,0.,0.));
#7602=DIRECTION('',(0.,0.,-1.));
#7603=DIRECTION('',(-1.,0.,0.));
#7604=DIRECTION('',(-1.,0.,0.));
#7605=DIRECTION('',(0.,-0.0645107260338346,-0.997917013697325));
#7606=DIRECTION('',(0.,0.997917013697325,-0.0645107260338346));
#7607=DIRECTION('',(-1.,0.,0.));
#7608=DIRECTION('',(-1.,0.,0.));
#7609=DIRECTION('',(0.,0.,1.));
#7610=DIRECTION('',(-1.,0.,0.));
#7611=DIRECTION('',(0.,-1.,0.));
#7612=DIRECTION('',(0.,0.,-1.));
#7613=DIRECTION('',(-1.,0.,0.));
#7614=DIRECTION('',(-1.,0.,0.));
#7615=DIRECTION('',(0.,0.,1.));
#7616=DIRECTION('',(-1.,0.,0.));
#7617=DIRECTION('',(0.,-0.0645107260338348,0.997917013697325));
#7618=DIRECTION('',(0.,-0.997917013697325,-0.0645107260338348));
#7619=DIRECTION('',(-1.,0.,0.));
#7620=DIRECTION('',(0.,0.,1.));
#7621=DIRECTION('',(1.,0.,0.));
#7622=DIRECTION('',(-1.,0.,0.));
#7623=DIRECTION('',(0.,-1.,0.));
#7624=DIRECTION('',(0.,0.,-1.));
#7625=DIRECTION('',(0.,-1.,3.79470760369927E-17));
#7626=DIRECTION('',(0.,-3.79470760369927E-17,-1.));
#7627=DIRECTION('',(0.,0.,1.));
#7628=DIRECTION('',(1.,0.,0.));
#7629=DIRECTION('',(0.,-0.707106781186548,-0.707106781186547));
#7630=DIRECTION('',(0.,0.707106781186547,-0.707106781186548));
#7631=DIRECTION('',(0.,-0.707106781186547,0.707106781186548));
#7632=DIRECTION('',(-1.,0.,0.));
#7633=DIRECTION('',(0.,-0.707106781186547,0.707106781186548));
#7634=DIRECTION('',(-1.,0.,0.));
#7635=DIRECTION('',(0.,0.,-1.));
#7636=DIRECTION('',(-1.,0.,0.));
#7637=DIRECTION('',(0.,-1.,0.));
#7638=DIRECTION('',(-1.,0.,0.));
#7639=DIRECTION('',(0.,-1.,0.));
#7640=DIRECTION('',(0.,0.707106781186548,-0.707106781186547));
#7641=DIRECTION('',(0.,0.707106781186547,0.707106781186548));
#7642=DIRECTION('',(0.,-0.707106781186547,-0.707106781186548));
#7643=DIRECTION('',(-1.,0.,0.));
#7644=DIRECTION('',(0.,-0.707106781186547,-0.707106781186548));
#7645=DIRECTION('',(0.,1.,0.));
#7646=DIRECTION('',(0.,0.,1.));
#7647=DIRECTION('',(0.,0.,-1.));
#7648=DIRECTION('',(-1.,0.,0.));
#7649=DIRECTION('',(0.,0.,-1.));
#7650=DIRECTION('',(-1.,0.,0.));
#7651=DIRECTION('',(0.,0.,1.));
#7652=DIRECTION('',(1.,0.,0.));
#7653=DIRECTION('',(0.,0.,-1.));
#7654=DIRECTION('',(-1.,0.,0.));
#7655=DIRECTION('',(1.,0.,0.));
#7656=DIRECTION('',(0.,0.,-1.));
#7657=DIRECTION('',(0.,0.,-1.));
#7658=DIRECTION('',(-1.,0.,0.));
#7659=DIRECTION('',(0.,-1.,0.));
#7660=DIRECTION('',(-1.,0.,0.));
#7661=DIRECTION('',(0.,-1.,0.));
#7662=DIRECTION('',(-1.,0.,0.));
#7663=DIRECTION('',(0.,0.,1.));
#7664=DIRECTION('',(1.,0.,0.));
#7665=DIRECTION('',(0.,0.,-1.));
#7666=DIRECTION('',(-1.,0.,0.));
#7667=DIRECTION('',(1.,0.,0.));
#7668=DIRECTION('',(0.,0.,-1.));
#7669=DIRECTION('',(0.,-0.554700196225229,-0.832050294337844));
#7670=DIRECTION('',(0.,0.832050294337844,-0.554700196225229));
#7671=DIRECTION('',(0.,-0.832050294337844,0.554700196225229));
#7672=DIRECTION('',(-1.,0.,0.));
#7673=DIRECTION('',(0.,-0.832050294337844,0.554700196225229));
#7674=DIRECTION('',(-1.,0.,0.));
#7675=DIRECTION('',(0.,0.,1.));
#7676=DIRECTION('',(1.,0.,0.));
#7677=DIRECTION('',(0.,0.,-1.));
#7678=DIRECTION('',(-1.,0.,0.));
#7679=DIRECTION('',(1.,0.,0.));
#7680=DIRECTION('',(0.,0.,-1.));
#7681=DIRECTION('',(0.,0.5,-0.866025403784439));
#7682=DIRECTION('',(0.,0.866025403784439,0.5));
#7683=DIRECTION('',(0.,-0.866025403784439,-0.5));
#7684=DIRECTION('',(-1.,0.,0.));
#7685=DIRECTION('',(0.,-0.866025403784439,-0.5));
#7686=DIRECTION('',(0.,1.,0.));
#7687=DIRECTION('',(0.,0.,1.));
#7688=DIRECTION('',(0.,0.,-1.));
#7689=DIRECTION('',(-1.,0.,0.));
#7690=DIRECTION('',(0.,0.,-1.));
#7691=DIRECTION('',(0.,0.,1.));
#7692=DIRECTION('',(1.,0.,0.));
#7693=DIRECTION('',(0.,1.,0.));
#7694=DIRECTION('',(-1.,0.,0.));
#7695=DIRECTION('',(0.,1.,0.));
#7696=DIRECTION('',(-1.,0.,0.));
#7697=DIRECTION('',(0.,0.,1.));
#7698=DIRECTION('',(1.,0.,0.));
#7699=DIRECTION('',(0.,0.,-1.));
#7700=DIRECTION('',(-1.,0.,0.));
#7701=DIRECTION('',(1.,0.,0.));
#7702=DIRECTION('',(0.,0.,-1.));
#7703=DIRECTION('',(0.,1.,0.));
#7704=DIRECTION('',(0.,0.,1.));
#7705=DIRECTION('',(0.,0.,-1.));
#7706=DIRECTION('',(-1.,0.,0.));
#7707=DIRECTION('',(0.,0.,-1.));
#7708=DIRECTION('',(-1.,0.,0.));
#7709=DIRECTION('',(0.,0.,1.));
#7710=DIRECTION('',(1.,0.,0.));
#7711=DIRECTION('',(0.,0.,-1.));
#7712=DIRECTION('',(-1.,0.,0.));
#7713=DIRECTION('',(1.,0.,0.));
#7714=DIRECTION('',(0.,0.,-1.));
#7715=DIRECTION('',(0.,0.,-1.));
#7716=DIRECTION('',(-1.,0.,0.));
#7717=DIRECTION('',(0.,-1.,0.));
#7718=DIRECTION('',(-1.,0.,0.));
#7719=DIRECTION('',(0.,-1.,0.));
#7720=DIRECTION('',(-1.,0.,0.));
#7721=DIRECTION('',(0.,0.,1.));
#7722=DIRECTION('',(1.,0.,0.));
#7723=DIRECTION('',(0.,0.,-1.));
#7724=DIRECTION('',(-1.,0.,0.));
#7725=DIRECTION('',(1.,0.,0.));
#7726=DIRECTION('',(0.,0.,-1.));
#7727=DIRECTION('',(0.,-0.361722576901493,-0.93228578094903));
#7728=DIRECTION('',(0.,0.932285780949031,-0.361722576901493));
#7729=DIRECTION('',(0.,-0.93228578094903,0.361722576901493));
#7730=DIRECTION('',(-1.,0.,0.));
#7731=DIRECTION('',(0.,-0.93228578094903,0.361722576901493));
#7732=DIRECTION('',(-1.,0.,0.));
#7733=DIRECTION('',(0.,0.,1.));
#7734=DIRECTION('',(1.,0.,0.));
#7735=DIRECTION('',(0.,0.,-1.));
#7736=DIRECTION('',(-1.,0.,0.));
#7737=DIRECTION('',(1.,0.,0.));
#7738=DIRECTION('',(0.,0.,-1.));
#7739=DIRECTION('',(0.,0.5,-0.866025403784439));
#7740=DIRECTION('',(0.,0.866025403784439,0.5));
#7741=DIRECTION('',(0.,-0.866025403784439,-0.5));
#7742=DIRECTION('',(-1.,0.,0.));
#7743=DIRECTION('',(0.,-0.866025403784439,-0.5));
#7744=DIRECTION('',(0.,1.,0.));
#7745=DIRECTION('',(0.,0.,1.));
#7746=DIRECTION('',(0.,0.,-1.));
#7747=DIRECTION('',(-1.,0.,0.));
#7748=DIRECTION('',(0.,0.,-1.));
#7749=DIRECTION('',(0.,0.500000000000001,0.866025403784438));
#7750=DIRECTION('',(0.,-0.866025403784438,0.500000000000001));
#7751=DIRECTION('',(0.,0.866025403784438,-0.500000000000001));
#7752=DIRECTION('',(-1.,0.,0.));
#7753=DIRECTION('',(0.,0.866025403784438,-0.500000000000001));
#7754=DIRECTION('',(0.,0.,1.));
#7755=DIRECTION('',(1.,0.,0.));
#7756=DIRECTION('',(0.,1.,0.));
#7757=DIRECTION('',(-1.,0.,0.));
#7758=DIRECTION('',(0.,1.,0.));
#7759=DIRECTION('',(0.,-1.,0.));
#7760=DIRECTION('',(0.,0.,-1.));
#7761=DIRECTION('',(0.,0.,1.));
#7762=DIRECTION('',(-1.,0.,0.));
#7763=DIRECTION('',(0.,0.,1.));
#7764=DIRECTION('',(0.,-0.5,-0.866025403784439));
#7765=DIRECTION('',(0.,0.866025403784439,-0.5));
#7766=DIRECTION('',(0.,-0.866025403784439,0.5));
#7767=DIRECTION('',(-1.,0.,0.));
#7768=DIRECTION('',(0.,-0.866025403784439,0.5));
#7769=DIRECTION('',(-1.,0.,0.));
#7770=DIRECTION('',(0.,0.,1.));
#7771=DIRECTION('',(1.,0.,0.));
#7772=DIRECTION('',(0.,0.,-1.));
#7773=DIRECTION('',(-1.,0.,0.));
#7774=DIRECTION('',(1.,0.,0.));
#7775=DIRECTION('',(0.,0.,-1.));
#7776=DIRECTION('',(0.,-1.,0.));
#7777=DIRECTION('',(0.,0.,-1.));
#7778=DIRECTION('',(0.,0.,1.));
#7779=DIRECTION('',(-1.,0.,0.));
#7780=DIRECTION('',(0.,0.,1.));
#7781=DIRECTION('',(-1.,0.,0.));
#7782=DIRECTION('',(0.,0.,1.));
#7783=DIRECTION('',(1.,0.,0.));
#7784=DIRECTION('',(0.,0.,-1.));
#7785=DIRECTION('',(-1.,0.,0.));
#7786=DIRECTION('',(1.,0.,0.));
#7787=DIRECTION('',(0.,0.,-1.));
#7788=DIRECTION('',(0.,-0.5,0.866025403784439));
#7789=DIRECTION('',(0.,-0.866025403784439,-0.5));
#7790=DIRECTION('',(0.,0.866025403784439,0.5));
#7791=DIRECTION('',(-1.,0.,0.));
#7792=DIRECTION('',(0.,0.866025403784439,0.5));
#7793=DIRECTION('',(0.,-1.,0.));
#7794=DIRECTION('',(0.,0.,-1.));
#7795=DIRECTION('',(0.,0.,1.));
#7796=DIRECTION('',(0.,0.,1.));
#7797=DIRECTION('',(1.,0.,0.));
#7798=DIRECTION('',(0.,0.,-1.));
#7799=DIRECTION('',(1.,0.,0.));
#7800=DIRECTION('',(0.,0.,-1.));
#7801=DIRECTION('',(0.,0.,1.));
#7802=DIRECTION('',(1.,0.,0.));
#7803=DIRECTION('',(0.,0.,1.));
#7804=DIRECTION('',(1.,0.,0.));
#7805=CARTESIAN_POINT('',(0.,0.,0.));
#7806=CARTESIAN_POINT('',(0.675,2.0884040301091,0.962061476368378));
#7807=CARTESIAN_POINT('',(0.675,2.467387,1.1));
#7808=CARTESIAN_POINT('',(-0.325,2.467387,1.1));
#7809=CARTESIAN_POINT('',(-0.675,2.467387,1.1));
#7810=CARTESIAN_POINT('',(-0.325,2.0884040301091,0.962061476368378));
#7811=CARTESIAN_POINT('',(-0.325,2.0884040301091,0.962061476368379));
#7812=CARTESIAN_POINT('',(0.675,2.0884040301091,0.962061476368379));
#7813=CARTESIAN_POINT('',(-0.675,2.0884040301091,0.962061476368379));
#7814=CARTESIAN_POINT('',(-0.675,2.0884040301091,0.962061476368378));
#7815=CARTESIAN_POINT('',(0.675,1.75,1.1));
#7816=CARTESIAN_POINT('',(0.675,1.9,0.95));
#7817=CARTESIAN_POINT('',(-0.325,1.9,0.95));
#7818=CARTESIAN_POINT('',(-0.675,1.9,0.95));
#7819=CARTESIAN_POINT('',(-0.325,1.75,1.1));
#7820=CARTESIAN_POINT('',(-0.325,1.75,1.1));
#7821=CARTESIAN_POINT('',(0.675,1.75,1.1));
#7822=CARTESIAN_POINT('',(-0.675,1.75,1.1));
#7823=CARTESIAN_POINT('',(-0.675,1.75,1.1));
#7824=CARTESIAN_POINT('',(0.675,1.9,0.95));
#7825=CARTESIAN_POINT('',(0.675,2.02,0.95));
#7826=CARTESIAN_POINT('',(-0.325,2.02,0.95));
#7827=CARTESIAN_POINT('',(-0.675,2.02,0.95));
#7828=CARTESIAN_POINT('',(-0.325,1.25,0.95));
#7829=CARTESIAN_POINT('',(-0.675,1.9,0.95));
#7830=CARTESIAN_POINT('',(0.675,2.02,1.15));
#7831=CARTESIAN_POINT('',(-0.325,2.02,1.15));
#7832=CARTESIAN_POINT('',(-0.675,2.02,1.15));
#7833=CARTESIAN_POINT('',(1.5,0.,0.05));
#7834=CARTESIAN_POINT('',(1.5,0.,0.05));
#7835=CARTESIAN_POINT('',(1.5,0.,0.0500000000000001));
#7836=CARTESIAN_POINT('',(1.5,0.3,0.05));
#7837=CARTESIAN_POINT('',(1.5,0.3,0.05));
#7838=CARTESIAN_POINT('',(1.7,0.3,0.05));
#7839=CARTESIAN_POINT('',(1.7,0.,0.05));
#7840=CARTESIAN_POINT('',(1.7,0.5,0.05));
#7841=CARTESIAN_POINT('',(1.5,0.5,0.05));
#7842=CARTESIAN_POINT('',(2.,0.5,0.05));
#7843=CARTESIAN_POINT('',(2.,0.,0.05));
#7844=CARTESIAN_POINT('',(2.,0.,0.0500000000000001));
#7845=CARTESIAN_POINT('',(1.5,0.,0.0500000000000001));
#7846=CARTESIAN_POINT('',(-1.5,0.,0.05));
#7847=CARTESIAN_POINT('',(-1.5,0.3,0.05));
#7848=CARTESIAN_POINT('',(-1.5,0.3,0.05));
#7849=CARTESIAN_POINT('',(-1.7,0.3,0.05));
#7850=CARTESIAN_POINT('',(-1.5,0.,0.05));
#7851=CARTESIAN_POINT('',(-1.5,0.,0.0500000000000001));
#7852=CARTESIAN_POINT('',(-1.5,0.,0.0500000000000001));
#7853=CARTESIAN_POINT('',(-2.,0.,0.0500000000000001));
#7854=CARTESIAN_POINT('',(-2.,0.,0.05));
#7855=CARTESIAN_POINT('',(-2.,0.5,0.05));
#7856=CARTESIAN_POINT('',(-1.5,0.5,0.05));
#7857=CARTESIAN_POINT('',(-1.7,0.5,0.05));
#7858=CARTESIAN_POINT('',(-1.7,0.,0.05));
#7859=CARTESIAN_POINT('',(-1.5,0.5,-0.95));
#7860=CARTESIAN_POINT('',(-1.7,0.5,-0.95));
#7861=CARTESIAN_POINT('',(-1.7,0.75,-0.95));
#7862=CARTESIAN_POINT('',(-1.7,1.,-0.95));
#7863=CARTESIAN_POINT('',(-1.5,0.75,-0.95));
#7864=CARTESIAN_POINT('',(-1.5,0.75,-0.95));
#7865=CARTESIAN_POINT('',(-1.5,0.5,-0.95));
#7866=CARTESIAN_POINT('',(-1.5,0.5,-0.95));
#7867=CARTESIAN_POINT('',(-1.5,0.5,-0.95));
#7868=CARTESIAN_POINT('',(-2.,0.5,-0.95));
#7869=CARTESIAN_POINT('',(-2.,0.5,-0.95));
#7870=CARTESIAN_POINT('',(-2.,1.,-0.95));
#7871=CARTESIAN_POINT('',(-1.5,1.,-0.95));
#7872=CARTESIAN_POINT('',(1.5,2.75,0.95));
#7873=CARTESIAN_POINT('',(1.7,2.75,0.95));
#7874=CARTESIAN_POINT('',(1.7,2.75,1.15));
#7875=CARTESIAN_POINT('',(1.7,2.75,0.95));
#7876=CARTESIAN_POINT('',(1.5,2.75,1.15));
#7877=CARTESIAN_POINT('',(1.5,2.75,1.15));
#7878=CARTESIAN_POINT('',(1.5,2.75,0.95));
#7879=CARTESIAN_POINT('',(1.5,2.75,1.35));
#7880=CARTESIAN_POINT('',(0.,2.75,1.35));
#7881=CARTESIAN_POINT('',(2.,2.75,1.35));
#7882=CARTESIAN_POINT('',(2.,2.75,0.95));
#7883=CARTESIAN_POINT('',(2.,2.75,0.95));
#7884=CARTESIAN_POINT('',(1.5,2.75,0.95));
#7885=CARTESIAN_POINT('',(-1.5,2.75,0.95));
#7886=CARTESIAN_POINT('',(-1.5,2.75,1.15));
#7887=CARTESIAN_POINT('',(-1.7,2.75,1.15));
#7888=CARTESIAN_POINT('',(-1.5,2.75,1.15));
#7889=CARTESIAN_POINT('',(-1.7,2.75,0.95));
#7890=CARTESIAN_POINT('',(-1.7,2.75,0.95));
#7891=CARTESIAN_POINT('',(-1.5,2.75,0.95));
#7892=CARTESIAN_POINT('',(-2.,2.75,0.95));
#7893=CARTESIAN_POINT('',(-2.,2.75,0.95));
#7894=CARTESIAN_POINT('',(-2.,2.75,1.35));
#7895=CARTESIAN_POINT('',(0.,2.75,1.35));
#7896=CARTESIAN_POINT('',(-1.5,2.75,1.35));
#7897=CARTESIAN_POINT('',(-1.5,2.75,0.95));
#7898=CARTESIAN_POINT('',(-1.5,3.75,0.45));
#7899=CARTESIAN_POINT('',(-1.7,3.75,0.45));
#7900=CARTESIAN_POINT('',(-1.7,3.75,0.45));
#7901=CARTESIAN_POINT('',(-1.7,3.75,0.7));
#7902=CARTESIAN_POINT('',(-1.5,3.75,0.45));
#7903=CARTESIAN_POINT('',(-2.,3.75,0.45));
#7904=CARTESIAN_POINT('',(-2.,3.75,0.45));
#7905=CARTESIAN_POINT('',(-2.,3.75,0.95));
#7906=CARTESIAN_POINT('',(-1.5,3.75,0.95));
#7907=CARTESIAN_POINT('',(-1.5,3.75,0.95));
#7908=CARTESIAN_POINT('',(-1.5,3.75,0.45));
#7909=CARTESIAN_POINT('',(-1.5,3.75,0.7));
#7910=CARTESIAN_POINT('',(-1.5,3.75,0.7));
#7911=CARTESIAN_POINT('',(0.,0.,0.));
#7912=CARTESIAN_POINT('',(0.2875,0.,1.45));
#7913=CARTESIAN_POINT('',(0.2875,0.,1.35));
#7914=CARTESIAN_POINT('',(0.2875,0.,1.1));
#7915=CARTESIAN_POINT('',(-2.,0.,1.35));
#7916=CARTESIAN_POINT('',(-0.2875,0.,1.35));
#7917=CARTESIAN_POINT('',(-0.2875,0.,1.45));
#7918=CARTESIAN_POINT('',(-0.2875,0.,1.1));
#7919=CARTESIAN_POINT('',(-0.9,0.,1.1));
#7920=CARTESIAN_POINT('',(0.,0.,0.));
#7921=CARTESIAN_POINT('',(0.2875,0.,1.45));
#7922=CARTESIAN_POINT('',(0.2875,0.,0.6));
#7923=CARTESIAN_POINT('',(0.2875,0.,0.));
#7924=CARTESIAN_POINT('',(0.9,0.,0.6));
#7925=CARTESIAN_POINT('',(-0.2875,0.,0.6));
#7926=CARTESIAN_POINT('',(-0.2875,0.,1.45));
#7927=CARTESIAN_POINT('',(-0.2875,0.,0.));
#7928=CARTESIAN_POINT('',(0.9,0.,0.));
#7929=CARTESIAN_POINT('',(0.,0.,0.));
#7930=CARTESIAN_POINT('',(0.2875,0.,1.45));
#7931=CARTESIAN_POINT('',(0.2875,0.,-0.55));
#7932=CARTESIAN_POINT('',(0.2875,0.,-0.75));
#7933=CARTESIAN_POINT('',(0.9,0.,-0.55));
#7934=CARTESIAN_POINT('',(-0.2875,0.,-0.55));
#7935=CARTESIAN_POINT('',(-0.2875,0.,1.45));
#7936=CARTESIAN_POINT('',(-0.2875,0.,-0.75));
#7937=CARTESIAN_POINT('',(0.,0.,-0.75));
#7938=CARTESIAN_POINT('',(-0.7125,1.11022302462516E-16,-0.75));
#7939=CARTESIAN_POINT('',(-0.7125,1.11022302462516E-16,1.45));
#7940=CARTESIAN_POINT('',(-0.7125,1.11022302462516E-16,-0.55));
#7941=CARTESIAN_POINT('',(0.9,0.,-0.55));
#7942=CARTESIAN_POINT('',(-0.9,0.,-0.55));
#7943=CARTESIAN_POINT('',(-0.9,0.,0.));
#7944=CARTESIAN_POINT('',(-0.9,0.,0.));
#7945=CARTESIAN_POINT('',(0.9,0.,0.));
#7946=CARTESIAN_POINT('',(-0.7125,1.11022302462516E-16,0.));
#7947=CARTESIAN_POINT('',(-0.7125,1.11022302462516E-16,1.45));
#7948=CARTESIAN_POINT('',(-0.7125,1.11022302462516E-16,0.6));
#7949=CARTESIAN_POINT('',(0.9,0.,0.6));
#7950=CARTESIAN_POINT('',(-0.9,0.,0.6));
#7951=CARTESIAN_POINT('',(-0.9,0.,0.7));
#7952=CARTESIAN_POINT('',(-0.9,0.,1.1));
#7953=CARTESIAN_POINT('',(-0.9,0.,1.1));
#7954=CARTESIAN_POINT('',(-0.7125,1.11022302462516E-16,1.1));
#7955=CARTESIAN_POINT('',(-0.7125,1.11022302462516E-16,1.45));
#7956=CARTESIAN_POINT('',(-0.7125,1.11022302462516E-16,1.35));
#7957=CARTESIAN_POINT('',(-2.,0.,1.35));
#7958=CARTESIAN_POINT('',(-2.,0.,1.35));
#7959=CARTESIAN_POINT('',(-2.,0.,-1.45));
#7960=CARTESIAN_POINT('',(-1.5,0.,0.));
#7961=CARTESIAN_POINT('',(-1.5,0.,-1.1));
#7962=CARTESIAN_POINT('',(0.9,0.,-1.1));
#7963=CARTESIAN_POINT('',(1.5,0.,-1.1));
#7964=CARTESIAN_POINT('',(1.5,0.,0.));
#7965=CARTESIAN_POINT('',(2.,0.,1.45));
#7966=CARTESIAN_POINT('',(2.,0.,1.35));
#7967=CARTESIAN_POINT('',(-2.,0.,1.35));
#7968=CARTESIAN_POINT('',(0.7125,-1.0842021724855E-16,1.35));
#7969=CARTESIAN_POINT('',(0.7125,-1.0842021724855E-16,1.45));
#7970=CARTESIAN_POINT('',(0.7125,-1.0842021724855E-16,1.1));
#7971=CARTESIAN_POINT('',(-0.9,0.,1.1));
#7972=CARTESIAN_POINT('',(0.9,0.,1.1));
#7973=CARTESIAN_POINT('',(0.9,0.,1.1));
#7974=CARTESIAN_POINT('',(0.9,0.,0.6));
#7975=CARTESIAN_POINT('',(0.9,0.,0.6));
#7976=CARTESIAN_POINT('',(0.7125,-1.35525271560688E-17,0.6));
#7977=CARTESIAN_POINT('',(0.7125,-1.0842021724855E-16,1.45));
#7978=CARTESIAN_POINT('',(0.7125,-1.0842021724855E-16,0.));
#7979=CARTESIAN_POINT('',(0.9,0.,0.));
#7980=CARTESIAN_POINT('',(0.9,0.,0.));
#7981=CARTESIAN_POINT('',(0.9,0.,0.));
#7982=CARTESIAN_POINT('',(0.9,0.,-0.55));
#7983=CARTESIAN_POINT('',(0.9,0.,-0.55));
#7984=CARTESIAN_POINT('',(0.7125,-1.35525271560688E-17,-0.55));
#7985=CARTESIAN_POINT('',(0.7125,-1.0842021724855E-16,1.45));
#7986=CARTESIAN_POINT('',(0.7125,-1.0842021724855E-16,-0.75));
#7987=CARTESIAN_POINT('',(0.,0.,-0.75));
#7988=CARTESIAN_POINT('',(0.3875,4.25,-0.16));
#7989=CARTESIAN_POINT('',(0.6125,4.25,-0.16));
#7990=CARTESIAN_POINT('',(0.6125,1.25,-0.16));
#7991=CARTESIAN_POINT('',(0.6125,0.5,-0.16));
#7992=CARTESIAN_POINT('',(0.3875,0.5,-0.16));
#7993=CARTESIAN_POINT('',(0.3875,0.5,-0.16));
#7994=CARTESIAN_POINT('',(0.3875,4.25,-0.16));
#7995=CARTESIAN_POINT('',(0.3875,1.25,-0.16));
#7996=CARTESIAN_POINT('',(0.3875,1.25,-0.16));
#7997=CARTESIAN_POINT('',(0.6125,4.25,0.7));
#7998=CARTESIAN_POINT('',(0.6125,4.25,0.56));
#7999=CARTESIAN_POINT('',(0.6125,1.25,0.56));
#8000=CARTESIAN_POINT('',(0.6125,0.5,0.56));
#8001=CARTESIAN_POINT('',(0.6125,0.5,1.45));
#8002=CARTESIAN_POINT('',(0.6125,1.25,-0.16));
#8003=CARTESIAN_POINT('',(0.6125,1.25,-0.599999999999999));
#8004=CARTESIAN_POINT('',(0.6125,4.25,-0.599999999999999));
#8005=CARTESIAN_POINT('',(0.6125,0.5,-0.6));
#8006=CARTESIAN_POINT('',(0.6125,0.5,1.45));
#8007=CARTESIAN_POINT('',(0.6125,0.5,-0.75));
#8008=CARTESIAN_POINT('',(0.6125,0.1,-0.75));
#8009=CARTESIAN_POINT('',(0.6125,0.1,-0.75));
#8010=CARTESIAN_POINT('',(0.6125,0.1,1.45));
#8011=CARTESIAN_POINT('',(0.6125,0.1,-0.55));
#8012=CARTESIAN_POINT('',(0.6125,4.25,-0.55));
#8013=CARTESIAN_POINT('',(0.6125,0.2,-0.55));
#8014=CARTESIAN_POINT('',(0.6125,0.2,-0.16));
#8015=CARTESIAN_POINT('',(0.6125,0.2,0.));
#8016=CARTESIAN_POINT('',(0.6125,0.2,0.));
#8017=CARTESIAN_POINT('',(0.6125,0.1,0.));
#8018=CARTESIAN_POINT('',(0.6125,0.1,1.45));
#8019=CARTESIAN_POINT('',(0.6125,0.1,0.6));
#8020=CARTESIAN_POINT('',(0.6125,4.25,0.6));
#8021=CARTESIAN_POINT('',(0.6125,0.2,0.6));
#8022=CARTESIAN_POINT('',(0.6125,0.2,0.7));
#8023=CARTESIAN_POINT('',(0.6125,0.2,0.7));
#8024=CARTESIAN_POINT('',(0.6125,4.25,0.7));
#8025=CARTESIAN_POINT('',(0.6125,1.25,0.7));
#8026=CARTESIAN_POINT('',(0.6125,1.25,0.7));
#8027=CARTESIAN_POINT('',(-0.6125,4.25,0.56));
#8028=CARTESIAN_POINT('',(-0.6125,4.25,0.7));
#8029=CARTESIAN_POINT('',(-0.6125,1.25,0.7));
#8030=CARTESIAN_POINT('',(-0.6125,0.2,0.7));
#8031=CARTESIAN_POINT('',(-0.6125,0.2,0.56));
#8032=CARTESIAN_POINT('',(-0.6125,0.2,0.6));
#8033=CARTESIAN_POINT('',(-0.6125,4.25,0.6));
#8034=CARTESIAN_POINT('',(-0.6125,0.1,0.6));
#8035=CARTESIAN_POINT('',(-0.6125,0.1,1.45));
#8036=CARTESIAN_POINT('',(-0.6125,0.1,0.));
#8037=CARTESIAN_POINT('',(-0.6125,0.2,0.));
#8038=CARTESIAN_POINT('',(-0.6125,0.2,0.));
#8039=CARTESIAN_POINT('',(-0.6125,0.2,-0.599999999999999));
#8040=CARTESIAN_POINT('',(-0.6125,0.2,-0.55));
#8041=CARTESIAN_POINT('',(-0.6125,4.25,-0.55));
#8042=CARTESIAN_POINT('',(-0.6125,0.1,-0.55));
#8043=CARTESIAN_POINT('',(-0.6125,0.1,1.45));
#8044=CARTESIAN_POINT('',(-0.6125,0.1,-0.75));
#8045=CARTESIAN_POINT('',(-0.6125,0.5,-0.75));
#8046=CARTESIAN_POINT('',(-0.6125,0.5,-0.75));
#8047=CARTESIAN_POINT('',(-0.6125,0.5,1.45));
#8048=CARTESIAN_POINT('',(-0.6125,0.5,-0.6));
#8049=CARTESIAN_POINT('',(-0.6125,4.25,-0.599999999999999));
#8050=CARTESIAN_POINT('',(-0.6125,1.25,-0.599999999999999));
#8051=CARTESIAN_POINT('',(-0.6125,1.25,-0.599999999999999));
#8052=CARTESIAN_POINT('',(-0.6125,1.25,-0.16));
#8053=CARTESIAN_POINT('',(-0.6125,4.25,-0.16));
#8054=CARTESIAN_POINT('',(-0.6125,0.5,-0.16));
#8055=CARTESIAN_POINT('',(-0.6125,0.5,1.45));
#8056=CARTESIAN_POINT('',(-0.6125,0.5,0.56));
#8057=CARTESIAN_POINT('',(-0.6125,4.25,0.56));
#8058=CARTESIAN_POINT('',(-0.6125,1.25,0.56));
#8059=CARTESIAN_POINT('',(-0.6125,1.25,0.56));
#8060=CARTESIAN_POINT('',(-0.3875,4.25,0.7));
#8061=CARTESIAN_POINT('',(-0.3875,4.25,0.56));
#8062=CARTESIAN_POINT('',(-0.3875,1.25,0.56));
#8063=CARTESIAN_POINT('',(-0.3875,0.5,0.56));
#8064=CARTESIAN_POINT('',(-0.3875,0.5,1.45));
#8065=CARTESIAN_POINT('',(-0.3875,0.5,-0.16));
#8066=CARTESIAN_POINT('',(-0.3875,4.25,-0.16));
#8067=CARTESIAN_POINT('',(-0.3875,1.25,-0.16));
#8068=CARTESIAN_POINT('',(-0.3875,1.25,-0.16));
#8069=CARTESIAN_POINT('',(-0.3875,1.25,-0.6));
#8070=CARTESIAN_POINT('',(-0.3875,4.25,-0.6));
#8071=CARTESIAN_POINT('',(-0.3875,0.5,-0.6));
#8072=CARTESIAN_POINT('',(-0.3875,0.5,1.45));
#8073=CARTESIAN_POINT('',(-0.3875,0.5,-0.75));
#8074=CARTESIAN_POINT('',(-0.3875,0.1,-0.75));
#8075=CARTESIAN_POINT('',(-0.3875,0.1,-0.75));
#8076=CARTESIAN_POINT('',(-0.3875,0.1,1.45));
#8077=CARTESIAN_POINT('',(-0.3875,0.1,-0.55));
#8078=CARTESIAN_POINT('',(-0.3875,4.25,-0.55));
#8079=CARTESIAN_POINT('',(-0.3875,0.2,-0.55));
#8080=CARTESIAN_POINT('',(-0.3875,0.2,-0.16));
#8081=CARTESIAN_POINT('',(-0.3875,0.2,0.));
#8082=CARTESIAN_POINT('',(-0.3875,0.2,0.));
#8083=CARTESIAN_POINT('',(-0.3875,0.1,0.));
#8084=CARTESIAN_POINT('',(-0.3875,0.1,1.45));
#8085=CARTESIAN_POINT('',(-0.3875,0.1,0.6));
#8086=CARTESIAN_POINT('',(-0.3875,4.25,0.6));
#8087=CARTESIAN_POINT('',(-0.3875,0.2,0.6));
#8088=CARTESIAN_POINT('',(-0.3875,0.2,0.7));
#8089=CARTESIAN_POINT('',(-0.3875,0.2,0.7));
#8090=CARTESIAN_POINT('',(-0.3875,4.25,0.7));
#8091=CARTESIAN_POINT('',(-0.3875,1.25,0.7));
#8092=CARTESIAN_POINT('',(-0.3875,1.25,0.7));
#8093=CARTESIAN_POINT('',(0.3875,4.25,-0.6));
#8094=CARTESIAN_POINT('',(0.3875,0.5,1.45));
#8095=CARTESIAN_POINT('',(0.3875,0.5,-0.6));
#8096=CARTESIAN_POINT('',(0.3875,0.5,-0.75));
#8097=CARTESIAN_POINT('',(0.3875,4.25,-0.6));
#8098=CARTESIAN_POINT('',(0.3875,1.25,-0.6));
#8099=CARTESIAN_POINT('',(0.3875,1.25,-0.6));
#8100=CARTESIAN_POINT('',(0.3875,0.5,1.45));
#8101=CARTESIAN_POINT('',(0.3875,0.5,0.56));
#8102=CARTESIAN_POINT('',(0.3875,4.25,0.56));
#8103=CARTESIAN_POINT('',(0.3875,1.25,0.56));
#8104=CARTESIAN_POINT('',(0.3875,1.25,0.56));
#8105=CARTESIAN_POINT('',(0.3875,1.25,0.7));
#8106=CARTESIAN_POINT('',(0.3875,4.25,0.7));
#8107=CARTESIAN_POINT('',(0.3875,0.2,0.7));
#8108=CARTESIAN_POINT('',(0.3875,0.2,0.56));
#8109=CARTESIAN_POINT('',(0.3875,0.2,0.6));
#8110=CARTESIAN_POINT('',(0.3875,4.25,0.6));
#8111=CARTESIAN_POINT('',(0.3875,0.1,0.6));
#8112=CARTESIAN_POINT('',(0.3875,0.1,1.45));
#8113=CARTESIAN_POINT('',(0.3875,0.1,0.));
#8114=CARTESIAN_POINT('',(0.3875,0.2,0.));
#8115=CARTESIAN_POINT('',(0.3875,0.2,0.));
#8116=CARTESIAN_POINT('',(0.3875,0.2,-0.599999999999999));
#8117=CARTESIAN_POINT('',(0.3875,0.2,-0.55));
#8118=CARTESIAN_POINT('',(0.3875,4.25,-0.55));
#8119=CARTESIAN_POINT('',(0.3875,0.1,-0.55));
#8120=CARTESIAN_POINT('',(0.3875,0.1,1.45));
#8121=CARTESIAN_POINT('',(0.3875,0.1,-0.75));
#8122=CARTESIAN_POINT('',(0.3875,0.5,-0.75));
#8123=CARTESIAN_POINT('',(-0.6125,4.25,-0.16));
#8124=CARTESIAN_POINT('',(-0.6125,0.5,-0.16));
#8125=CARTESIAN_POINT('',(-0.6125,1.25,-0.16));
#8126=CARTESIAN_POINT('',(0.,0.,1.35));
#8127=CARTESIAN_POINT('',(0.6125,0.,1.35));
#8128=CARTESIAN_POINT('',(0.6125,0.5,1.35));
#8129=CARTESIAN_POINT('',(0.6125,0.1,1.35));
#8130=CARTESIAN_POINT('',(0.356250000000001,0.35625,1.35));
#8131=CARTESIAN_POINT('',(2.,0.,1.35));
#8132=CARTESIAN_POINT('',(1.5,0.,1.35));
#8133=CARTESIAN_POINT('',(1.5,4.25,1.35));
#8134=CARTESIAN_POINT('',(2.,4.25,1.35));
#8135=CARTESIAN_POINT('',(1.25,4.25,1.35));
#8136=CARTESIAN_POINT('',(1.25,4.25,1.35));
#8137=CARTESIAN_POINT('',(1.25,1.25,1.35));
#8138=CARTESIAN_POINT('',(1.25,1.25,1.35));
#8139=CARTESIAN_POINT('',(-1.25,1.25,1.35));
#8140=CARTESIAN_POINT('',(-1.25,1.25,1.35));
#8141=CARTESIAN_POINT('',(-1.25,4.25,1.35));
#8142=CARTESIAN_POINT('',(-1.25,4.25,1.35));
#8143=CARTESIAN_POINT('',(-1.5,4.25,1.35));
#8144=CARTESIAN_POINT('',(-1.5,0.,1.35));
#8145=CARTESIAN_POINT('',(-2.,4.25,1.35));
#8146=CARTESIAN_POINT('',(-0.356250000000001,0.35625,1.35));
#8147=CARTESIAN_POINT('',(-0.6125,0.1,1.35));
#8148=CARTESIAN_POINT('',(-0.6125,0.,1.35));
#8149=CARTESIAN_POINT('',(-0.6125,0.5,1.35));
#8150=CARTESIAN_POINT('',(0.,0.5,1.35));
#8151=CARTESIAN_POINT('',(-0.3875,0.5,1.35));
#8152=CARTESIAN_POINT('',(-0.3875,0.,1.35));
#8153=CARTESIAN_POINT('',(-0.3875,0.1,1.35));
#8154=CARTESIAN_POINT('',(-0.14375,-0.14375,1.35));
#8155=CARTESIAN_POINT('',(0.14375,-0.14375,1.35));
#8156=CARTESIAN_POINT('',(0.3875,0.1,1.35));
#8157=CARTESIAN_POINT('',(0.3875,0.,1.35));
#8158=CARTESIAN_POINT('',(0.3875,0.5,1.35));
#8159=CARTESIAN_POINT('',(0.,0.5,1.35));
#8160=CARTESIAN_POINT('',(0.6125,4.25,-0.599999999999999));
#8161=CARTESIAN_POINT('',(0.6125,0.5,-0.599999999999999));
#8162=CARTESIAN_POINT('',(0.6125,1.25,-0.599999999999999));
#8163=CARTESIAN_POINT('',(0.6125,4.25,0.56));
#8164=CARTESIAN_POINT('',(0.6125,0.5,0.56));
#8165=CARTESIAN_POINT('',(0.6125,1.25,0.56));
#8166=CARTESIAN_POINT('',(-0.3875,4.25,-0.6));
#8167=CARTESIAN_POINT('',(-0.3875,0.5,-0.6));
#8168=CARTESIAN_POINT('',(-0.3875,1.25,-0.6));
#8169=CARTESIAN_POINT('',(-0.3875,4.25,0.56));
#8170=CARTESIAN_POINT('',(-0.3875,0.5,0.56));
#8171=CARTESIAN_POINT('',(-0.3875,1.25,0.56));
#8172=CARTESIAN_POINT('',(-0.9,4.25,1.1));
#8173=CARTESIAN_POINT('',(-0.325,1.25,1.1));
#8174=CARTESIAN_POINT('',(-0.675,2.467387,1.1));
#8175=CARTESIAN_POINT('',(0.1,4.25,1.1));
#8176=CARTESIAN_POINT('',(-1.25,4.25,1.1));
#8177=CARTESIAN_POINT('',(1.25,4.25,1.1));
#8178=CARTESIAN_POINT('',(1.25,1.25,1.1));
#8179=CARTESIAN_POINT('',(1.25,1.25,1.1));
#8180=CARTESIAN_POINT('',(-1.25,1.25,1.1));
#8181=CARTESIAN_POINT('',(0.9,1.25,1.1));
#8182=CARTESIAN_POINT('',(0.9,4.25,1.1));
#8183=CARTESIAN_POINT('',(-2.21875,2.93125,1.1));
#8184=CARTESIAN_POINT('',(0.6125,0.1,1.1));
#8185=CARTESIAN_POINT('',(0.6125,4.25,1.1));
#8186=CARTESIAN_POINT('',(0.6125,0.5,1.1));
#8187=CARTESIAN_POINT('',(-0.9,0.5,1.1));
#8188=CARTESIAN_POINT('',(0.3875,0.5,1.1));
#8189=CARTESIAN_POINT('',(0.3875,4.25,1.1));
#8190=CARTESIAN_POINT('',(0.3875,0.1,1.1));
#8191=CARTESIAN_POINT('',(1.81875,1.53125,1.1));
#8192=CARTESIAN_POINT('',(-2.71875,2.43125,1.1));
#8193=CARTESIAN_POINT('',(-0.3875,0.1,1.1));
#8194=CARTESIAN_POINT('',(-0.3875,4.25,1.1));
#8195=CARTESIAN_POINT('',(-0.3875,0.5,1.1));
#8196=CARTESIAN_POINT('',(-0.9,0.5,1.1));
#8197=CARTESIAN_POINT('',(-0.6125,0.5,1.1));
#8198=CARTESIAN_POINT('',(-0.6125,4.25,1.1));
#8199=CARTESIAN_POINT('',(-0.6125,0.1,1.1));
#8200=CARTESIAN_POINT('',(1.31875,2.03125,1.1));
#8201=CARTESIAN_POINT('',(-0.9,4.25,1.1));
#8202=CARTESIAN_POINT('',(-0.9,1.25,1.1));
#8203=CARTESIAN_POINT('',(-1.25,1.25,1.1));
#8204=CARTESIAN_POINT('',(-1.25,1.25,1.1));
#8205=CARTESIAN_POINT('',(-1.25,1.25,1.1));
#8206=CARTESIAN_POINT('',(0.675,2.467387,1.1));
#8207=CARTESIAN_POINT('',(0.675,2.467387,1.1));
#8208=CARTESIAN_POINT('',(0.325,2.467387,1.1));
#8209=CARTESIAN_POINT('',(0.325,1.25,1.1));
#8210=CARTESIAN_POINT('',(0.325,1.75,1.1));
#8211=CARTESIAN_POINT('',(0.675,1.75,1.1));
#8212=CARTESIAN_POINT('',(0.675,1.75,1.1));
#8213=CARTESIAN_POINT('',(0.675,2.467387,1.1));
#8214=CARTESIAN_POINT('',(-1.25,1.25,1.1));
#8215=CARTESIAN_POINT('',(-0.1,1.25,1.1));
#8216=CARTESIAN_POINT('',(0.1,1.25,1.1));
#8217=CARTESIAN_POINT('',(-0.1,4.25,1.1));
#8218=CARTESIAN_POINT('',(-0.0999999999999999,0.2,1.1));
#8219=CARTESIAN_POINT('',(0.9,0.2,1.1));
#8220=CARTESIAN_POINT('',(0.1,0.2,1.1));
#8221=CARTESIAN_POINT('',(0.1,4.25,1.1));
#8222=CARTESIAN_POINT('',(0.9,0.2,-0.55));
#8223=CARTESIAN_POINT('',(0.9,0.2,0.));
#8224=CARTESIAN_POINT('',(0.9,0.2,0.));
#8225=CARTESIAN_POINT('',(0.9,0.2,-0.55));
#8226=CARTESIAN_POINT('',(0.9,0.2,-0.55));
#8227=CARTESIAN_POINT('',(0.9,0.2,-0.55));
#8228=CARTESIAN_POINT('',(0.9,0.2,-0.55));
#8229=CARTESIAN_POINT('',(0.9,0.2,0.));
#8230=CARTESIAN_POINT('',(0.9,0.2,-0.55));
#8231=CARTESIAN_POINT('',(0.9,0.2,-0.55));
#8232=CARTESIAN_POINT('',(0.9,0.2,0.));
#8233=CARTESIAN_POINT('',(-0.9,0.2,0.));
#8234=CARTESIAN_POINT('',(-0.9,0.2,-0.55));
#8235=CARTESIAN_POINT('',(-0.9,0.2,-0.55));
#8236=CARTESIAN_POINT('',(0.9,0.2,-0.55));
#8237=CARTESIAN_POINT('',(0.9,0.,-0.55));
#8238=CARTESIAN_POINT('',(0.59375,0.30625,-0.55));
#8239=CARTESIAN_POINT('',(0.306249999999999,-0.59375,-0.55));
#8240=CARTESIAN_POINT('',(0.9,0.,-0.55));
#8241=CARTESIAN_POINT('',(0.0937499999999988,0.80625,-0.55));
#8242=CARTESIAN_POINT('',(-0.9,0.,-0.55));
#8243=CARTESIAN_POINT('',(0.9,0.,-0.55));
#8244=CARTESIAN_POINT('',(0.80625,-0.0937500000000001,-0.55));
#8245=CARTESIAN_POINT('',(0.9,0.,-0.55));
#8246=CARTESIAN_POINT('',(0.9,0.2,0.));
#8247=CARTESIAN_POINT('',(0.70625,0.00625000000000013,0.));
#8248=CARTESIAN_POINT('',(0.9,0.2,0.));
#8249=CARTESIAN_POINT('',(0.9,0.2,0.));
#8250=CARTESIAN_POINT('',(0.69375,0.40625,0.));
#8251=CARTESIAN_POINT('',(0.206249999999999,-0.49375,0.));
#8252=CARTESIAN_POINT('',(0.9,0.2,0.));
#8253=CARTESIAN_POINT('',(0.193749999999999,0.90625,0.));
#8254=CARTESIAN_POINT('',(-0.9,0.2,0.));
#8255=CARTESIAN_POINT('',(0.9,0.,0.6));
#8256=CARTESIAN_POINT('',(0.59375,0.30625,0.6));
#8257=CARTESIAN_POINT('',(0.9,0.2,0.6));
#8258=CARTESIAN_POINT('',(0.306249999999999,-0.59375,0.6));
#8259=CARTESIAN_POINT('',(0.9,0.,0.6));
#8260=CARTESIAN_POINT('',(0.0937499999999988,0.80625,0.6));
#8261=CARTESIAN_POINT('',(0.9,0.2,0.6));
#8262=CARTESIAN_POINT('',(-0.9,0.2,0.6));
#8263=CARTESIAN_POINT('',(-0.9,0.,0.6));
#8264=CARTESIAN_POINT('',(0.9,0.,0.6));
#8265=CARTESIAN_POINT('',(0.80625,-0.0937500000000001,0.6));
#8266=CARTESIAN_POINT('',(0.9,0.,0.6));
#8267=CARTESIAN_POINT('',(0.9,0.2,0.6));
#8268=CARTESIAN_POINT('',(0.9,0.2,0.6));
#8269=CARTESIAN_POINT('',(2.,4.25,-1.45));
#8270=CARTESIAN_POINT('',(0.4,3.25,-1.45));
#8271=CARTESIAN_POINT('',(0.4,3.25,-1.45));
#8272=CARTESIAN_POINT('',(-0.4,3.25,-1.45));
#8273=CARTESIAN_POINT('',(-0.4,3.25,-1.45));
#8274=CARTESIAN_POINT('',(-0.4,2.45,-1.45));
#8275=CARTESIAN_POINT('',(0.4,2.45,-1.45));
#8276=CARTESIAN_POINT('',(0.4,2.45,-1.45));
#8277=CARTESIAN_POINT('',(0.4,3.25,-1.45));
#8278=CARTESIAN_POINT('',(0.9,0.7,-1.45));
#8279=CARTESIAN_POINT('',(1.5,0.7,-1.45));
#8280=CARTESIAN_POINT('',(-1.5,0.7,-1.45));
#8281=CARTESIAN_POINT('',(-1.5,4.25,-1.45));
#8282=CARTESIAN_POINT('',(-1.5,1.,-1.45));
#8283=CARTESIAN_POINT('',(-1.5,1.,-1.45));
#8284=CARTESIAN_POINT('',(-2.,1.,-1.45));
#8285=CARTESIAN_POINT('',(-2.,4.25,-1.45));
#8286=CARTESIAN_POINT('',(-2.,4.25,-1.45));
#8287=CARTESIAN_POINT('',(2.,4.25,-1.45));
#8288=CARTESIAN_POINT('',(2.,4.25,-1.45));
#8289=CARTESIAN_POINT('',(2.,4.25,-1.45));
#8290=CARTESIAN_POINT('',(2.,1.,-1.45));
#8291=CARTESIAN_POINT('',(1.5,1.,-1.45));
#8292=CARTESIAN_POINT('',(1.5,1.,-1.45));
#8293=CARTESIAN_POINT('',(1.5,4.25,-1.45));
#8294=CARTESIAN_POINT('',(1.5,0.,0.));
#8295=CARTESIAN_POINT('',(1.5,0.3,0.750000000000005));
#8296=CARTESIAN_POINT('',(1.5,0.3,0.750000000000005));
#8297=CARTESIAN_POINT('',(1.5,0.,-1.1));
#8298=CARTESIAN_POINT('',(1.5,0.7,-1.1));
#8299=CARTESIAN_POINT('',(1.5,0.7,0.));
#8300=CARTESIAN_POINT('',(1.5,1.,-0.95));
#8301=CARTESIAN_POINT('',(1.5,1.,-0.249999999999995));
#8302=CARTESIAN_POINT('',(1.5,1.,-0.249999999999995));
#8303=CARTESIAN_POINT('',(1.5,0.75,-0.249999999999995));
#8304=CARTESIAN_POINT('',(1.5,0.75,-0.249999999999995));
#8305=CARTESIAN_POINT('',(1.5,0.75,-0.95));
#8306=CARTESIAN_POINT('',(1.5,0.5,-0.95));
#8307=CARTESIAN_POINT('',(1.5,0.5,-0.95));
#8308=CARTESIAN_POINT('',(1.5,0.5,0.05));
#8309=CARTESIAN_POINT('',(1.5,0.5,0.750000000000005));
#8310=CARTESIAN_POINT('',(1.5,0.5,0.750000000000005));
#8311=CARTESIAN_POINT('',(-1.5,0.,0.));
#8312=CARTESIAN_POINT('',(-1.5,0.7,0.));
#8313=CARTESIAN_POINT('',(-1.5,0.7,-1.1));
#8314=CARTESIAN_POINT('',(-1.5,0.,-1.1));
#8315=CARTESIAN_POINT('',(-1.5,0.3,0.750000000000005));
#8316=CARTESIAN_POINT('',(-1.5,0.3,0.750000000000005));
#8317=CARTESIAN_POINT('',(-1.5,0.5,0.750000000000005));
#8318=CARTESIAN_POINT('',(-1.5,0.5,0.750000000000005));
#8319=CARTESIAN_POINT('',(-1.5,0.5,0.05));
#8320=CARTESIAN_POINT('',(-1.5,0.75,-0.249999999999995));
#8321=CARTESIAN_POINT('',(-1.5,0.75,-0.249999999999995));
#8322=CARTESIAN_POINT('',(-1.5,1.,-0.249999999999995));
#8323=CARTESIAN_POINT('',(-1.5,1.,-0.249999999999995));
#8324=CARTESIAN_POINT('',(-1.5,1.,-0.95));
#8325=CARTESIAN_POINT('',(0.3875,4.25,0.7));
#8326=CARTESIAN_POINT('',(0.1,4.25,0.7));
#8327=CARTESIAN_POINT('',(0.1,1.25,0.7));
#8328=CARTESIAN_POINT('',(0.1,0.2,0.7));
#8329=CARTESIAN_POINT('',(0.3875,0.2,0.7));
#8330=CARTESIAN_POINT('',(0.3875,1.25,0.7));
#8331=CARTESIAN_POINT('',(0.9,4.25,0.7));
#8332=CARTESIAN_POINT('',(0.9,0.2,0.7));
#8333=CARTESIAN_POINT('',(0.9,0.2,0.7));
#8334=CARTESIAN_POINT('',(0.9,4.25,0.7));
#8335=CARTESIAN_POINT('',(0.9,1.25,0.7));
#8336=CARTESIAN_POINT('',(0.9,1.25,0.7));
#8337=CARTESIAN_POINT('',(-0.6125,4.25,0.7));
#8338=CARTESIAN_POINT('',(-0.9,4.25,0.7));
#8339=CARTESIAN_POINT('',(-0.9,1.25,0.7));
#8340=CARTESIAN_POINT('',(-0.9,0.2,0.7));
#8341=CARTESIAN_POINT('',(-0.6125,0.2,0.7));
#8342=CARTESIAN_POINT('',(-0.6125,1.25,0.7));
#8343=CARTESIAN_POINT('',(-0.1,4.25,0.7));
#8344=CARTESIAN_POINT('',(-0.1,0.2,0.7));
#8345=CARTESIAN_POINT('',(-0.1,0.2,0.7));
#8346=CARTESIAN_POINT('',(-0.1,4.25,0.7));
#8347=CARTESIAN_POINT('',(-0.1,1.25,0.7));
#8348=CARTESIAN_POINT('',(-0.1,1.25,0.7));
#8349=CARTESIAN_POINT('',(-0.1,4.25,1.1));
#8350=CARTESIAN_POINT('',(-0.1,0.2,1.1));
#8351=CARTESIAN_POINT('',(-0.1,1.25,1.1));
#8352=CARTESIAN_POINT('',(0.1,4.25,0.7));
#8353=CARTESIAN_POINT('',(0.1,0.2,0.7));
#8354=CARTESIAN_POINT('',(0.1,1.25,0.7));
#8355=CARTESIAN_POINT('',(2.,4.25,1.45));
#8356=CARTESIAN_POINT('',(2.,1.75,0.1));
#8357=CARTESIAN_POINT('',(2.,1.75,0.1));
#8358=CARTESIAN_POINT('',(2.,1.75,-0.6));
#8359=CARTESIAN_POINT('',(2.,1.75,0.1));
#8360=CARTESIAN_POINT('',(2.,4.25,0.1));
#8361=CARTESIAN_POINT('',(2.,4.25,1.45));
#8362=CARTESIAN_POINT('',(2.,4.25,0.45));
#8363=CARTESIAN_POINT('',(2.,4.25,0.45));
#8364=CARTESIAN_POINT('',(2.,3.75,0.45));
#8365=CARTESIAN_POINT('',(2.,3.75,0.45));
#8366=CARTESIAN_POINT('',(2.,3.75,0.95));
#8367=CARTESIAN_POINT('',(2.,3.75,0.95));
#8368=CARTESIAN_POINT('',(2.,0.5,0.05));
#8369=CARTESIAN_POINT('',(2.,0.5,-0.95));
#8370=CARTESIAN_POINT('',(2.,0.5,-0.95));
#8371=CARTESIAN_POINT('',(2.,1.,-0.95));
#8372=CARTESIAN_POINT('',(2.,1.,-0.95));
#8373=CARTESIAN_POINT('',(2.,4.25,1.45));
#8374=CARTESIAN_POINT('',(2.,4.25,-0.6));
#8375=CARTESIAN_POINT('',(2.,1.75,-0.6));
#8376=CARTESIAN_POINT('',(0.,4.25,0.));
#8377=CARTESIAN_POINT('',(1.9,4.25,0.1));
#8378=CARTESIAN_POINT('',(1.9,4.25,0.1));
#8379=CARTESIAN_POINT('',(1.9,4.25,-0.6));
#8380=CARTESIAN_POINT('',(1.9,4.25,-0.6));
#8381=CARTESIAN_POINT('',(2.,4.25,-0.6));
#8382=CARTESIAN_POINT('',(-2.,4.25,-1.45));
#8383=CARTESIAN_POINT('',(-2.,4.25,0.45));
#8384=CARTESIAN_POINT('',(-1.5,4.25,0.45));
#8385=CARTESIAN_POINT('',(-1.5,4.25,0.45));
#8386=CARTESIAN_POINT('',(-1.5,4.25,0.));
#8387=CARTESIAN_POINT('',(-1.25,4.25,1.35));
#8388=CARTESIAN_POINT('',(-1.25,4.25,1.45));
#8389=CARTESIAN_POINT('',(-2.,4.25,1.45));
#8390=CARTESIAN_POINT('',(1.25,4.25,1.45));
#8391=CARTESIAN_POINT('',(1.25,4.25,1.35));
#8392=CARTESIAN_POINT('',(1.5,4.25,0.));
#8393=CARTESIAN_POINT('',(1.5,4.25,0.45));
#8394=CARTESIAN_POINT('',(1.5,4.25,0.45));
#8395=CARTESIAN_POINT('',(-1.25,4.25,-1.1));
#8396=CARTESIAN_POINT('',(-1.25,4.25,0.1));
#8397=CARTESIAN_POINT('',(-1.65,4.25,0.1));
#8398=CARTESIAN_POINT('',(-1.65,4.25,0.1));
#8399=CARTESIAN_POINT('',(-1.65,4.25,-0.6));
#8400=CARTESIAN_POINT('',(-1.65,4.25,-0.6));
#8401=CARTESIAN_POINT('',(1.65,4.25,-0.6));
#8402=CARTESIAN_POINT('',(-1.25,4.25,-0.6));
#8403=CARTESIAN_POINT('',(-1.25,4.25,-1.1));
#8404=CARTESIAN_POINT('',(-1.25,4.25,-1.1));
#8405=CARTESIAN_POINT('',(1.25,4.25,-1.1));
#8406=CARTESIAN_POINT('',(1.25,4.25,-1.1));
#8407=CARTESIAN_POINT('',(1.25,4.25,1.1));
#8408=CARTESIAN_POINT('',(1.25,4.25,-0.6));
#8409=CARTESIAN_POINT('',(1.65,4.25,-0.6));
#8410=CARTESIAN_POINT('',(1.65,4.25,-0.6));
#8411=CARTESIAN_POINT('',(1.65,4.25,0.1));
#8412=CARTESIAN_POINT('',(1.65,4.25,0.1));
#8413=CARTESIAN_POINT('',(-1.65,4.25,0.1));
#8414=CARTESIAN_POINT('',(1.25,4.25,0.1));
#8415=CARTESIAN_POINT('',(1.25,4.25,1.1));
#8416=CARTESIAN_POINT('',(-2.,4.25,-1.45));
#8417=CARTESIAN_POINT('',(-2.,3.75,0.95));
#8418=CARTESIAN_POINT('',(-2.,4.25,0.45));
#8419=CARTESIAN_POINT('',(-2.,1.,-0.95));
#8420=CARTESIAN_POINT('',(-2.,0.5,0.05));
#8421=CARTESIAN_POINT('',(0.9,4.25,1.1));
#8422=CARTESIAN_POINT('',(0.9,1.25,1.1));
#8423=CARTESIAN_POINT('',(0.9,0.2,0.6));
#8424=CARTESIAN_POINT('',(-0.9,4.25,0.7));
#8425=CARTESIAN_POINT('',(-0.9,0.2,0.6));
#8426=CARTESIAN_POINT('',(-0.9,1.25,0.7));
#8427=CARTESIAN_POINT('',(-2.,4.25,1.45));
#8428=CARTESIAN_POINT('',(1.25,1.25,1.45));
#8429=CARTESIAN_POINT('',(1.25,1.25,1.45));
#8430=CARTESIAN_POINT('',(-1.25,1.25,1.45));
#8431=CARTESIAN_POINT('',(1.25,4.25,1.45));
#8432=CARTESIAN_POINT('',(-1.25,1.25,1.45));
#8433=CARTESIAN_POINT('',(-1.25,1.25,-1.1));
#8434=CARTESIAN_POINT('',(-1.25,1.6,-1.1));
#8435=CARTESIAN_POINT('',(-1.25,1.6,0.1));
#8436=CARTESIAN_POINT('',(-1.25,1.6,-0.6));
#8437=CARTESIAN_POINT('',(-1.25,1.25,0.1));
#8438=CARTESIAN_POINT('',(-1.25,1.25,-1.1));
#8439=CARTESIAN_POINT('',(-1.25,1.25,-1.1));
#8440=CARTESIAN_POINT('',(-1.25,1.25,-1.1));
#8441=CARTESIAN_POINT('',(-1.25,1.25,-0.6));
#8442=CARTESIAN_POINT('',(1.25,1.25,1.1));
#8443=CARTESIAN_POINT('',(1.25,1.25,0.1));
#8444=CARTESIAN_POINT('',(1.25,1.6,0.1));
#8445=CARTESIAN_POINT('',(1.25,1.6,1.1));
#8446=CARTESIAN_POINT('',(1.25,1.6,-0.6));
#8447=CARTESIAN_POINT('',(1.25,1.25,-0.6));
#8448=CARTESIAN_POINT('',(1.25,1.25,-1.1));
#8449=CARTESIAN_POINT('',(1.25,1.25,-1.1));
#8450=CARTESIAN_POINT('',(1.25,1.25,1.1));
#8451=CARTESIAN_POINT('',(1.25,1.25,-1.1));
#8452=CARTESIAN_POINT('',(1.25,1.25,-1.1));
#8453=CARTESIAN_POINT('',(0.,1.25,0.));
#8454=CARTESIAN_POINT('',(0.,1.6,0.));
#8455=CARTESIAN_POINT('',(-1.65,1.6,0.1));
#8456=CARTESIAN_POINT('',(1.65,1.6,0.1));
#8457=CARTESIAN_POINT('',(1.65,1.6,0.1));
#8458=CARTESIAN_POINT('',(1.65,1.6,-0.6));
#8459=CARTESIAN_POINT('',(1.65,1.6,-0.6));
#8460=CARTESIAN_POINT('',(1.65,1.6,-0.6));
#8461=CARTESIAN_POINT('',(1.65,1.6,-0.6));
#8462=CARTESIAN_POINT('',(-1.65,1.6,0.1));
#8463=CARTESIAN_POINT('',(1.65,1.6,0.1));
#8464=CARTESIAN_POINT('',(1.65,1.6,0.1));
#8465=CARTESIAN_POINT('',(-1.65,1.6,0.1));
#8466=CARTESIAN_POINT('',(-1.65,1.6,0.1));
#8467=CARTESIAN_POINT('',(-1.65,1.6,0.1));
#8468=CARTESIAN_POINT('',(-1.65,1.6,0.1));
#8469=CARTESIAN_POINT('',(1.65,1.6,-0.6));
#8470=CARTESIAN_POINT('',(-1.65,1.6,-0.6));
#8471=CARTESIAN_POINT('',(-1.65,1.6,-0.6));
#8472=CARTESIAN_POINT('',(1.65,1.6,-0.6));
#8473=CARTESIAN_POINT('',(0.,1.6,0.));
#8474=CARTESIAN_POINT('',(-1.65,1.6,-0.6));
#8475=CARTESIAN_POINT('',(-1.65,1.6,-0.6));
#8476=CARTESIAN_POINT('',(1.25,4.25,1.35));
#8477=CARTESIAN_POINT('',(1.25,1.25,1.35));
#8478=CARTESIAN_POINT('',(1.25,1.25,1.35));
#8479=CARTESIAN_POINT('',(-1.25,1.25,1.35));
#8480=CARTESIAN_POINT('',(-1.25,1.25,1.35));
#8481=CARTESIAN_POINT('',(1.5,0.,0.));
#8482=CARTESIAN_POINT('',(1.5,4.25,0.45));
#8483=CARTESIAN_POINT('',(1.5,3.05,0.45));
#8484=CARTESIAN_POINT('',(1.5,4.25,1.15));
#8485=CARTESIAN_POINT('',(1.5,2.05,1.15));
#8486=CARTESIAN_POINT('',(1.5,2.05,1.15));
#8487=CARTESIAN_POINT('',(1.5,2.05,0.95));
#8488=CARTESIAN_POINT('',(1.5,3.75,0.95));
#8489=CARTESIAN_POINT('',(1.5,3.75,0.95));
#8490=CARTESIAN_POINT('',(1.5,3.75,0.45));
#8491=CARTESIAN_POINT('',(1.5,3.75,0.7));
#8492=CARTESIAN_POINT('',(1.5,3.75,0.7));
#8493=CARTESIAN_POINT('',(1.5,3.05,0.7));
#8494=CARTESIAN_POINT('',(1.5,3.05,0.7));
#8495=CARTESIAN_POINT('',(1.5,4.25,0.45));
#8496=CARTESIAN_POINT('',(1.7,3.05,0.45));
#8497=CARTESIAN_POINT('',(1.7,3.05,0.45));
#8498=CARTESIAN_POINT('',(1.7,3.05,0.45));
#8499=CARTESIAN_POINT('',(1.7,3.75,0.45));
#8500=CARTESIAN_POINT('',(1.5,3.75,0.45));
#8501=CARTESIAN_POINT('',(1.5,3.75,0.45));
#8502=CARTESIAN_POINT('',(1.7,3.75,0.45));
#8503=CARTESIAN_POINT('',(1.7,3.75,0.7));
#8504=CARTESIAN_POINT('',(1.7,3.75,0.7));
#8505=CARTESIAN_POINT('',(1.5,3.75,0.95));
#8506=CARTESIAN_POINT('',(1.5,3.75,0.95));
#8507=CARTESIAN_POINT('',(1.7,2.05,0.95));
#8508=CARTESIAN_POINT('',(1.7,2.05,0.95));
#8509=CARTESIAN_POINT('',(1.7,2.05,0.95));
#8510=CARTESIAN_POINT('',(1.5,1.,-0.95));
#8511=CARTESIAN_POINT('',(1.5,1.,-0.95));
#8512=CARTESIAN_POINT('',(1.7,1.,-0.95));
#8513=CARTESIAN_POINT('',(1.7,1.,-1.45));
#8514=CARTESIAN_POINT('',(1.7,1.,-0.249999999999995));
#8515=CARTESIAN_POINT('',(1.7,1.,-0.249999999999995));
#8516=CARTESIAN_POINT('',(1.5,0.5,-0.95));
#8517=CARTESIAN_POINT('',(1.7,0.5,-0.95));
#8518=CARTESIAN_POINT('',(1.7,0.75,-0.95));
#8519=CARTESIAN_POINT('',(1.5,0.5,-0.95));
#8520=CARTESIAN_POINT('',(1.7,0.75,-0.95));
#8521=CARTESIAN_POINT('',(1.5,0.5,0.05));
#8522=CARTESIAN_POINT('',(1.7,0.5,-0.95));
#8523=CARTESIAN_POINT('',(1.7,0.5,0.750000000000005));
#8524=CARTESIAN_POINT('',(1.7,0.5,0.750000000000005));
#8525=CARTESIAN_POINT('',(-1.5,0.5,0.05));
#8526=CARTESIAN_POINT('',(-1.5,0.5,0.750000000000005));
#8527=CARTESIAN_POINT('',(-1.7,0.5,0.750000000000005));
#8528=CARTESIAN_POINT('',(-1.7,0.5,-0.95));
#8529=CARTESIAN_POINT('',(-1.5,1.,-0.95));
#8530=CARTESIAN_POINT('',(-1.5,1.,-0.249999999999995));
#8531=CARTESIAN_POINT('',(-1.7,1.,-0.249999999999995));
#8532=CARTESIAN_POINT('',(-1.7,1.,-1.45));
#8533=CARTESIAN_POINT('',(-1.5,3.75,0.95));
#8534=CARTESIAN_POINT('',(-1.7,2.05,0.95));
#8535=CARTESIAN_POINT('',(-1.7,2.05,0.95));
#8536=CARTESIAN_POINT('',(-1.5,2.05,0.95));
#8537=CARTESIAN_POINT('',(-1.5,2.05,0.95));
#8538=CARTESIAN_POINT('',(-1.5,3.75,0.95));
#8539=CARTESIAN_POINT('',(-1.5,4.25,0.45));
#8540=CARTESIAN_POINT('',(-1.7,3.05,0.45));
#8541=CARTESIAN_POINT('',(-1.7,3.05,0.45));
#8542=CARTESIAN_POINT('',(-1.5,3.05,0.45));
#8543=CARTESIAN_POINT('',(-1.5,3.05,0.45));
#8544=CARTESIAN_POINT('',(-1.5,4.25,0.45));
#8545=CARTESIAN_POINT('',(-1.5,0.,0.));
#8546=CARTESIAN_POINT('',(-1.5,2.05,1.15));
#8547=CARTESIAN_POINT('',(-1.5,2.05,1.15));
#8548=CARTESIAN_POINT('',(-1.5,4.25,1.15));
#8549=CARTESIAN_POINT('',(-1.5,3.05,0.7));
#8550=CARTESIAN_POINT('',(-1.5,3.05,0.7));
#8551=CARTESIAN_POINT('',(-1.5,3.75,0.7));
#8552=CARTESIAN_POINT('',(-0.9,0.,0.));
#8553=CARTESIAN_POINT('',(0.9,0.,0.));
#8554=CARTESIAN_POINT('',(0.9,0.2,0.6));
#8555=CARTESIAN_POINT('',(0.9,0.2,0.6));
#8556=CARTESIAN_POINT('',(0.9,0.2,0.6));
#8557=CARTESIAN_POINT('',(0.9,0.7,-1.45));
#8558=CARTESIAN_POINT('',(0.9,0.7,-1.1));
#8559=CARTESIAN_POINT('',(0.9,0.7,-1.1));
#8560=CARTESIAN_POINT('',(0.3875,0.1,1.45));
#8561=CARTESIAN_POINT('',(0.7125,-1.11022302462516E-16,1.45));
#8562=CARTESIAN_POINT('',(0.6125,0.5,1.45));
#8563=CARTESIAN_POINT('',(-0.6125,0.1,1.45));
#8564=CARTESIAN_POINT('',(-0.2875,0.,1.45));
#8565=CARTESIAN_POINT('',(-0.3875,0.5,1.45));
#8566=CARTESIAN_POINT('',(0.7125,-1.11022302462516E-16,1.45));
#8567=CARTESIAN_POINT('',(0.7125,-1.11022302462516E-16,-0.75));
#8568=CARTESIAN_POINT('',(0.3875,0.1,1.45));
#8569=CARTESIAN_POINT('',(0.3875,0.1,-0.75));
#8570=CARTESIAN_POINT('',(0.6125,0.5,1.45));
#8571=CARTESIAN_POINT('',(0.6125,0.5,-0.75));
#8572=CARTESIAN_POINT('',(0.,0.,-0.75));
#8573=CARTESIAN_POINT('',(-0.2875,0.,1.45));
#8574=CARTESIAN_POINT('',(-0.2875,0.,-0.75));
#8575=CARTESIAN_POINT('',(-0.6125,0.1,1.45));
#8576=CARTESIAN_POINT('',(-0.6125,0.1,-0.75));
#8577=CARTESIAN_POINT('',(-0.3875,0.5,1.45));
#8578=CARTESIAN_POINT('',(-0.3875,0.5,-0.75));
#8579=CARTESIAN_POINT('',(0.,0.,-0.75));
#8580=CARTESIAN_POINT('',(-0.6125,0.5,1.45));
#8581=CARTESIAN_POINT('',(-0.6125,0.1,1.45));
#8582=CARTESIAN_POINT('',(-0.6125,0.5,1.45));
#8583=CARTESIAN_POINT('',(-0.3875,0.5,1.45));
#8584=CARTESIAN_POINT('',(-0.3875,0.5,1.45));
#8585=CARTESIAN_POINT('',(-0.3875,0.1,1.45));
#8586=CARTESIAN_POINT('',(-0.3875,0.1,1.45));
#8587=CARTESIAN_POINT('',(-0.2875,0.,1.45));
#8588=CARTESIAN_POINT('',(-0.6125,0.1,1.45));
#8589=CARTESIAN_POINT('',(0.3875,0.5,1.45));
#8590=CARTESIAN_POINT('',(0.3875,0.1,1.45));
#8591=CARTESIAN_POINT('',(0.3875,0.5,1.45));
#8592=CARTESIAN_POINT('',(0.3875,0.1,1.45));
#8593=CARTESIAN_POINT('',(0.7125,-1.11022302462516E-16,1.45));
#8594=CARTESIAN_POINT('',(0.6125,0.1,1.45));
#8595=CARTESIAN_POINT('',(0.6125,0.1,1.45));
#8596=CARTESIAN_POINT('',(0.6125,0.5,1.45));
#8597=CARTESIAN_POINT('',(0.6125,0.5,1.45));
#8598=CARTESIAN_POINT('',(0.4,3.,-1.7));
#8599=CARTESIAN_POINT('',(-0.4,3.,-1.7));
#8600=CARTESIAN_POINT('',(-0.4,3.,-1.7));
#8601=CARTESIAN_POINT('',(0.4,3.,-1.7));
#8602=CARTESIAN_POINT('',(0.4,3.,-1.7));
#8603=CARTESIAN_POINT('',(0.4,3.,-1.7));
#8604=CARTESIAN_POINT('',(0.4,2.45,-1.45));
#8605=CARTESIAN_POINT('',(-0.4,2.45,-1.45));
#8606=CARTESIAN_POINT('',(-0.4,2.51698729810778,-1.7));
#8607=CARTESIAN_POINT('',(0.4,2.51698729810778,-1.7));
#8608=CARTESIAN_POINT('',(0.4,2.51698729810778,-1.7));
#8609=CARTESIAN_POINT('',(0.4,2.45,-1.45));
#8610=CARTESIAN_POINT('',(0.4,2.51698729810778,-1.7));
#8611=CARTESIAN_POINT('',(-0.4,2.51698729810778,-1.7));
#8612=CARTESIAN_POINT('',(0.4,2.51698729810778,-1.7));
#8613=CARTESIAN_POINT('',(0.4,0.,0.));
#8614=CARTESIAN_POINT('',(-0.4,0.,0.));
#8615=CARTESIAN_POINT('',(-1.5,3.05,0.7));
#8616=CARTESIAN_POINT('',(-1.7,3.05,0.7));
#8617=CARTESIAN_POINT('',(-1.7,3.05,0.7));
#8618=CARTESIAN_POINT('',(-1.5,3.05,0.7));
#8619=CARTESIAN_POINT('',(-1.7,0.,0.));
#8620=CARTESIAN_POINT('',(-1.7,3.75,0.7));
#8621=CARTESIAN_POINT('',(-1.5,3.75,0.7));
#8622=CARTESIAN_POINT('',(-1.7,0.,0.));
#8623=CARTESIAN_POINT('',(-1.7,4.25,1.15));
#8624=CARTESIAN_POINT('',(-1.7,2.05,1.15));
#8625=CARTESIAN_POINT('',(-1.7,2.05,1.15));
#8626=CARTESIAN_POINT('',(-1.5,4.25,1.15));
#8627=CARTESIAN_POINT('',(-1.5,2.05,1.15));
#8628=CARTESIAN_POINT('',(-1.5,2.05,1.15));
#8629=CARTESIAN_POINT('',(1.7,3.05,0.7));
#8630=CARTESIAN_POINT('',(1.7,3.05,0.7));
#8631=CARTESIAN_POINT('',(1.7,3.05,0.7));
#8632=CARTESIAN_POINT('',(1.7,3.05,0.7));
#8633=CARTESIAN_POINT('',(1.7,0.,0.));
#8634=CARTESIAN_POINT('',(1.7,3.75,0.7));
#8635=CARTESIAN_POINT('',(1.7,3.75,0.7));
#8636=CARTESIAN_POINT('',(1.7,0.,0.));
#8637=CARTESIAN_POINT('',(1.7,2.05,1.15));
#8638=CARTESIAN_POINT('',(1.7,2.05,1.15));
#8639=CARTESIAN_POINT('',(1.7,4.25,1.15));
#8640=CARTESIAN_POINT('',(1.7,4.25,1.15));
#8641=CARTESIAN_POINT('',(1.7,2.05,1.15));
#8642=CARTESIAN_POINT('',(1.7,2.05,1.15));
#8643=CARTESIAN_POINT('',(-1.5,1.,-0.249999999999995));
#8644=CARTESIAN_POINT('',(-1.7,1.,-0.249999999999995));
#8645=CARTESIAN_POINT('',(-1.7,0.75,-0.249999999999995));
#8646=CARTESIAN_POINT('',(-1.5,0.75,-0.249999999999995));
#8647=CARTESIAN_POINT('',(-1.7,0.,0.));
#8648=CARTESIAN_POINT('',(-1.7,0.75,-0.249999999999995));
#8649=CARTESIAN_POINT('',(-1.5,0.75,-0.249999999999995));
#8650=CARTESIAN_POINT('',(-1.5,0.3,0.750000000000005));
#8651=CARTESIAN_POINT('',(-1.7,0.3,0.750000000000005));
#8652=CARTESIAN_POINT('',(-1.7,0.3,0.750000000000005));
#8653=CARTESIAN_POINT('',(-1.5,0.3,0.750000000000005));
#8654=CARTESIAN_POINT('',(-1.7,0.,0.));
#8655=CARTESIAN_POINT('',(-1.7,0.5,0.750000000000005));
#8656=CARTESIAN_POINT('',(-1.5,0.5,0.750000000000005));
#8657=CARTESIAN_POINT('',(1.7,0.5,0.750000000000005));
#8658=CARTESIAN_POINT('',(1.7,0.5,0.750000000000005));
#8659=CARTESIAN_POINT('',(1.7,0.3,0.750000000000005));
#8660=CARTESIAN_POINT('',(1.7,0.3,0.750000000000005));
#8661=CARTESIAN_POINT('',(1.7,0.,0.));
#8662=CARTESIAN_POINT('',(1.7,0.3,0.750000000000005));
#8663=CARTESIAN_POINT('',(1.7,0.3,0.750000000000005));
#8664=CARTESIAN_POINT('',(1.7,0.,0.));
#8665=CARTESIAN_POINT('',(1.7,0.75,-0.249999999999995));
#8666=CARTESIAN_POINT('',(1.7,0.75,-0.249999999999995));
#8667=CARTESIAN_POINT('',(1.7,1.,-0.249999999999995));
#8668=CARTESIAN_POINT('',(1.7,1.,-0.249999999999995));
#8669=CARTESIAN_POINT('',(1.7,0.75,-0.249999999999995));
#8670=CARTESIAN_POINT('',(1.7,0.75,-0.249999999999995));
#8671=CARTESIAN_POINT('',(1.9,1.75,-0.6));
#8672=CARTESIAN_POINT('',(1.9,1.75,0.1));
#8673=CARTESIAN_POINT('',(1.9,1.75,0.1));
#8674=CARTESIAN_POINT('',(1.9,1.75,-0.6));
#8675=CARTESIAN_POINT('',(1.9,1.75,-0.6));
#8676=CARTESIAN_POINT('',(1.9,1.75,-0.6));
#8677=CARTESIAN_POINT('',(1.9,1.75,0.1));
#8678=CARTESIAN_POINT('',(1.9,1.75,0.1));
#8679=CARTESIAN_POINT('',(2.,1.75,-0.6));
#8680=CARTESIAN_POINT('',(2.,1.75,-0.6));
#8681=CARTESIAN_POINT('',(0.,1.75,0.));
#8682=CARTESIAN_POINT('',(0.675,2.0884040301091,0.962061476368378));
#8683=CARTESIAN_POINT('',(0.675,2.0884040301091,0.962061476368379));
#8684=CARTESIAN_POINT('',(0.675,2.0884040301091,0.962061476368379));
#8685=CARTESIAN_POINT('',(0.325,2.0884040301091,0.962061476368379));
#8686=CARTESIAN_POINT('',(0.325,2.0884040301091,0.962061476368378));
#8687=CARTESIAN_POINT('',(0.675,2.0884040301091,0.962061476368378));
#8688=CARTESIAN_POINT('',(0.675,1.75,1.1));
#8689=CARTESIAN_POINT('',(0.325,1.75,1.1));
#8690=CARTESIAN_POINT('',(0.325,1.9,0.95));
#8691=CARTESIAN_POINT('',(0.675,1.9,0.95));
#8692=CARTESIAN_POINT('',(0.675,1.9,0.95));
#8693=CARTESIAN_POINT('',(0.675,1.75,1.1));
#8694=CARTESIAN_POINT('',(0.675,1.9,0.95));
#8695=CARTESIAN_POINT('',(0.325,1.25,0.95));
#8696=CARTESIAN_POINT('',(0.325,2.02,0.95));
#8697=CARTESIAN_POINT('',(0.675,2.02,0.95));
#8698=CARTESIAN_POINT('',(0.675,2.02,0.95));
#8699=CARTESIAN_POINT('',(0.675,1.9,0.95));
#8700=CARTESIAN_POINT('',(0.675,2.02,1.15));
#8701=CARTESIAN_POINT('',(0.325,2.02,1.15));
#8702=CARTESIAN_POINT('',(0.675,2.02,1.15));
#8703=CARTESIAN_POINT('',(0.675,2.02,1.15));
#8704=CARTESIAN_POINT('',(-0.675,2.02,1.15));
#8705=CARTESIAN_POINT('',(-0.325,1.25,0.95));
#8706=CARTESIAN_POINT('',(0.325,1.25,1.1));
#8707=CARTESIAN_POINT('',(0.,0.,0.));
#8708=CARTESIAN_POINT('',(0.6,0.5,1.26905989232415));
#8709=CARTESIAN_POINT('',(0.6,0.489999999999999,1.27483339501605));
#8710=CARTESIAN_POINT('',(0.4,0.489999999999999,1.27483339501605));
#8711=CARTESIAN_POINT('',(0.6,0.489999999999999,1.27483339501605));
#8712=CARTESIAN_POINT('',(0.4,0.5,1.26905989232415));
#8713=CARTESIAN_POINT('',(0.4,0.1,1.5));
#8714=CARTESIAN_POINT('',(0.6,0.1,1.5));
#8715=CARTESIAN_POINT('',(0.6,0.1,1.5));
#8716=CARTESIAN_POINT('',(0.6,0.5,1.26905989232415));
#8717=CARTESIAN_POINT('',(0.6,0.1,-0.8));
#8718=CARTESIAN_POINT('',(0.6,0.489999999999999,-0.8));
#8719=CARTESIAN_POINT('',(-0.4,0.489999999999999,-0.8));
#8720=CARTESIAN_POINT('',(-0.6,0.489999999999999,-0.8));
#8721=CARTESIAN_POINT('',(-0.4,0.1,-0.8));
#8722=CARTESIAN_POINT('',(-0.4,0.1,-0.8));
#8723=CARTESIAN_POINT('',(0.6,0.1,-0.8));
#8724=CARTESIAN_POINT('',(-0.6,0.1,-0.8));
#8725=CARTESIAN_POINT('',(-0.6,0.1,-0.8));
#8726=CARTESIAN_POINT('',(-0.6,0.,0.));
#8727=CARTESIAN_POINT('',(-0.6,0.489999999999999,1.85940672581264E-17));
#8728=CARTESIAN_POINT('',(-0.6,0.489999999999999,1.27483339501605));
#8729=CARTESIAN_POINT('',(-0.6,0.1,-0.565161300000001));
#8730=CARTESIAN_POINT('',(-0.6,0.1,-0.565161300000001));
#8731=CARTESIAN_POINT('',(-0.6,0.162940974705077,-0.548296285299002));
#8732=CARTESIAN_POINT('',(-0.6,0.162940974705077,-0.548296285299002));
#8733=CARTESIAN_POINT('',(-0.6,0.15,-0.5));
#8734=CARTESIAN_POINT('',(-0.6,0.2,-0.5));
#8735=CARTESIAN_POINT('',(-0.6,0.2,-0.0997996587091243));
#8736=CARTESIAN_POINT('',(-0.6,0.2,-0.0997996587091243));
#8737=CARTESIAN_POINT('',(-0.6,0.15,-0.0997996587091245));
#8738=CARTESIAN_POINT('',(-0.6,0.162940974705077,-0.0515033734101228));
#8739=CARTESIAN_POINT('',(-0.6,0.1,-0.0346383587091238));
#8740=CARTESIAN_POINT('',(-0.6,0.1,-0.0346383587091237));
#8741=CARTESIAN_POINT('',(-0.6,0.1,0.534838699999999));
#8742=CARTESIAN_POINT('',(-0.6,0.1,0.534838699999999));
#8743=CARTESIAN_POINT('',(-0.6,0.162940974705077,0.551703714700998));
#8744=CARTESIAN_POINT('',(-0.6,0.162940974705077,0.551703714700998));
#8745=CARTESIAN_POINT('',(-0.6,0.15,0.6));
#8746=CARTESIAN_POINT('',(-0.6,0.2,0.6));
#8747=CARTESIAN_POINT('',(-0.6,0.2,1.00020034129088));
#8748=CARTESIAN_POINT('',(-0.6,0.2,1.00020034129088));
#8749=CARTESIAN_POINT('',(-0.6,0.15,1.00020034129088));
#8750=CARTESIAN_POINT('',(-0.6,0.162940974705077,1.04849662658988));
#8751=CARTESIAN_POINT('',(-0.6,0.0119527145827343,1.08895388418039));
#8752=CARTESIAN_POINT('',(-0.6,0.0119527145827343,1.08895388418039));
#8753=CARTESIAN_POINT('',(-0.6,-0.180384799999999,1.2));
#8754=CARTESIAN_POINT('',(-0.6,-0.180384799999999,1.2));
#8755=CARTESIAN_POINT('',(-0.6,-0.55,1.2));
#8756=CARTESIAN_POINT('',(-0.6,-0.55,1.2));
#8757=CARTESIAN_POINT('',(-0.6,-0.55,1.35));
#8758=CARTESIAN_POINT('',(-0.6,-0.55,1.5));
#8759=CARTESIAN_POINT('',(-0.6,0.1,1.5));
#8760=CARTESIAN_POINT('',(-0.6,0.1,1.5));
#8761=CARTESIAN_POINT('',(-0.6,0.5,1.26905989232415));
#8762=CARTESIAN_POINT('',(0.6,0.5,1.26905989232415));
#8763=CARTESIAN_POINT('',(0.6,0.489999999999999,1.27483339501605));
#8764=CARTESIAN_POINT('',(-0.4,0.489999999999999,1.27483339501605));
#8765=CARTESIAN_POINT('',(0.6,0.1,1.5));
#8766=CARTESIAN_POINT('',(-0.4,0.1,1.5));
#8767=CARTESIAN_POINT('',(-0.4,0.5,1.26905989232415));
#8768=CARTESIAN_POINT('',(0.6,0.1,-0.8));
#8769=CARTESIAN_POINT('',(0.6,0.489999999999999,-0.8));
#8770=CARTESIAN_POINT('',(0.6,0.489999999999999,-0.8));
#8771=CARTESIAN_POINT('',(0.4,0.489999999999999,-0.8));
#8772=CARTESIAN_POINT('',(0.6,0.1,-0.8));
#8773=CARTESIAN_POINT('',(0.6,0.1,-0.8));
#8774=CARTESIAN_POINT('',(0.6,0.1,-0.8));
#8775=CARTESIAN_POINT('',(0.4,0.1,-0.8));
#8776=CARTESIAN_POINT('',(0.4,0.1,-0.8));
#8777=CARTESIAN_POINT('',(0.6,0.,0.));
#8778=CARTESIAN_POINT('',(0.6,0.489999999999999,1.85940672581264E-17));
#8779=CARTESIAN_POINT('',(0.6,0.1,1.5));
#8780=CARTESIAN_POINT('',(0.6,-0.55,1.5));
#8781=CARTESIAN_POINT('',(0.6,-0.55,1.35));
#8782=CARTESIAN_POINT('',(0.6,-0.55,1.2));
#8783=CARTESIAN_POINT('',(0.6,-0.55,1.2));
#8784=CARTESIAN_POINT('',(0.6,-0.180384799999999,1.2));
#8785=CARTESIAN_POINT('',(0.6,-0.180384799999999,1.2));
#8786=CARTESIAN_POINT('',(0.6,0.0119527145827343,1.08895388418039));
#8787=CARTESIAN_POINT('',(0.6,0.0119527145827343,1.08895388418039));
#8788=CARTESIAN_POINT('',(0.6,0.162940974705077,1.04849662658988));
#8789=CARTESIAN_POINT('',(0.6,0.15,1.00020034129088));
#8790=CARTESIAN_POINT('',(0.6,0.2,1.00020034129088));
#8791=CARTESIAN_POINT('',(0.6,0.2,1.00020034129088));
#8792=CARTESIAN_POINT('',(0.6,0.2,0.6));
#8793=CARTESIAN_POINT('',(0.6,0.15,0.6));
#8794=CARTESIAN_POINT('',(0.6,0.162940974705077,0.551703714700998));
#8795=CARTESIAN_POINT('',(0.6,0.162940974705077,0.551703714700998));
#8796=CARTESIAN_POINT('',(0.6,0.1,0.534838699999999));
#8797=CARTESIAN_POINT('',(0.6,0.1,0.534838699999999));
#8798=CARTESIAN_POINT('',(0.6,0.1,-0.0346383587091237));
#8799=CARTESIAN_POINT('',(0.6,0.1,-0.0346383587091238));
#8800=CARTESIAN_POINT('',(0.6,0.162940974705077,-0.0515033734101228));
#8801=CARTESIAN_POINT('',(0.6,0.15,-0.0997996587091245));
#8802=CARTESIAN_POINT('',(0.6,0.2,-0.0997996587091243));
#8803=CARTESIAN_POINT('',(0.6,0.2,-0.0997996587091243));
#8804=CARTESIAN_POINT('',(0.6,0.2,-0.5));
#8805=CARTESIAN_POINT('',(0.6,0.15,-0.5));
#8806=CARTESIAN_POINT('',(0.6,0.162940974705077,-0.548296285299002));
#8807=CARTESIAN_POINT('',(0.6,0.162940974705077,-0.548296285299002));
#8808=CARTESIAN_POINT('',(0.6,0.1,-0.565161300000001));
#8809=CARTESIAN_POINT('',(0.6,0.1,-0.565161300000001));
#8810=CARTESIAN_POINT('',(0.4,4.25,0.15));
#8811=CARTESIAN_POINT('',(0.4,0.489999999999999,0.15));
#8812=CARTESIAN_POINT('',(0.4,0.489999999999999,0.15));
#8813=CARTESIAN_POINT('',(0.4,4.25,0.15));
#8814=CARTESIAN_POINT('',(0.4,0.1,0.15));
#8815=CARTESIAN_POINT('',(0.4,0.1,0.534838699999999));
#8816=CARTESIAN_POINT('',(0.4,0.1,0.534838699999999));
#8817=CARTESIAN_POINT('',(0.4,0.162940974705077,0.551703714700998));
#8818=CARTESIAN_POINT('',(0.4,0.162940974705077,0.551703714700998));
#8819=CARTESIAN_POINT('',(0.4,0.15,0.6));
#8820=CARTESIAN_POINT('',(0.4,0.2,0.6));
#8821=CARTESIAN_POINT('',(0.4,0.2,1.00020034129088));
#8822=CARTESIAN_POINT('',(0.4,0.2,1.00020034129088));
#8823=CARTESIAN_POINT('',(0.4,0.15,1.00020034129088));
#8824=CARTESIAN_POINT('',(0.4,0.162940974705077,1.04849662658988));
#8825=CARTESIAN_POINT('',(0.4,0.0119527145827343,1.08895388418039));
#8826=CARTESIAN_POINT('',(0.4,0.0119527145827343,1.08895388418039));
#8827=CARTESIAN_POINT('',(0.4,-0.180384799999999,1.2));
#8828=CARTESIAN_POINT('',(0.4,-0.180384799999999,1.2));
#8829=CARTESIAN_POINT('',(0.4,-0.55,1.2));
#8830=CARTESIAN_POINT('',(0.4,-0.55,1.2));
#8831=CARTESIAN_POINT('',(0.4,-0.55,1.35));
#8832=CARTESIAN_POINT('',(0.4,-0.55,1.5));
#8833=CARTESIAN_POINT('',(0.4,0.1,1.5));
#8834=CARTESIAN_POINT('',(-0.4,4.25,2.25));
#8835=CARTESIAN_POINT('',(-0.4,0.489999999999999,2.25));
#8836=CARTESIAN_POINT('',(-0.4,0.489999999999999,0.15));
#8837=CARTESIAN_POINT('',(-0.4,0.1,1.5));
#8838=CARTESIAN_POINT('',(-0.4,-0.55,1.5));
#8839=CARTESIAN_POINT('',(-0.4,-0.55,1.35));
#8840=CARTESIAN_POINT('',(-0.4,-0.55,1.2));
#8841=CARTESIAN_POINT('',(-0.4,-0.55,1.2));
#8842=CARTESIAN_POINT('',(-0.4,-0.180384799999999,1.2));
#8843=CARTESIAN_POINT('',(-0.4,-0.180384799999999,1.2));
#8844=CARTESIAN_POINT('',(-0.4,0.0119527145827343,1.08895388418039));
#8845=CARTESIAN_POINT('',(-0.4,0.0119527145827343,1.08895388418039));
#8846=CARTESIAN_POINT('',(-0.4,0.162940974705077,1.04849662658988));
#8847=CARTESIAN_POINT('',(-0.4,0.15,1.00020034129088));
#8848=CARTESIAN_POINT('',(-0.4,0.2,1.00020034129088));
#8849=CARTESIAN_POINT('',(-0.4,0.2,1.00020034129088));
#8850=CARTESIAN_POINT('',(-0.4,0.2,0.6));
#8851=CARTESIAN_POINT('',(-0.4,0.15,0.6));
#8852=CARTESIAN_POINT('',(-0.4,0.162940974705077,0.551703714700998));
#8853=CARTESIAN_POINT('',(-0.4,0.162940974705077,0.551703714700998));
#8854=CARTESIAN_POINT('',(-0.4,0.1,0.534838699999999));
#8855=CARTESIAN_POINT('',(-0.4,0.1,0.534838699999999));
#8856=CARTESIAN_POINT('',(-0.4,0.1,0.15));
#8857=CARTESIAN_POINT('',(-0.4,4.25,0.15));
#8858=CARTESIAN_POINT('',(-0.4,4.25,0.15));
#8859=CARTESIAN_POINT('',(-0.4,0.489999999999999,0.15));
#8860=CARTESIAN_POINT('',(0.6,0.1,0.15));
#8861=CARTESIAN_POINT('',(-0.4,4.25,0.05));
#8862=CARTESIAN_POINT('',(-0.4,0.489999999999999,0.0499999999999999));
#8863=CARTESIAN_POINT('',(-0.4,0.489999999999999,0.05));
#8864=CARTESIAN_POINT('',(-0.4,4.25,0.05));
#8865=CARTESIAN_POINT('',(-0.4,0.1,0.05));
#8866=CARTESIAN_POINT('',(-0.4,0.1,0.534838699999999));
#8867=CARTESIAN_POINT('',(-0.4,0.1,-0.0346383587091237));
#8868=CARTESIAN_POINT('',(-0.4,0.1,-0.0346383587091238));
#8869=CARTESIAN_POINT('',(-0.4,0.162940974705077,-0.0515033734101228));
#8870=CARTESIAN_POINT('',(-0.4,0.15,-0.0997996587091245));
#8871=CARTESIAN_POINT('',(-0.4,0.2,-0.0997996587091243));
#8872=CARTESIAN_POINT('',(-0.4,0.2,-0.0997996587091243));
#8873=CARTESIAN_POINT('',(-0.4,0.2,-0.5));
#8874=CARTESIAN_POINT('',(-0.4,0.15,-0.5));
#8875=CARTESIAN_POINT('',(-0.4,0.162940974705077,-0.548296285299002));
#8876=CARTESIAN_POINT('',(-0.4,0.162940974705077,-0.548296285299002));
#8877=CARTESIAN_POINT('',(-0.4,0.1,-0.565161300000001));
#8878=CARTESIAN_POINT('',(-0.4,0.1,-0.565161300000001));
#8879=CARTESIAN_POINT('',(0.4,4.25,0.05));
#8880=CARTESIAN_POINT('',(0.4,0.489999999999999,0.05));
#8881=CARTESIAN_POINT('',(0.4,0.489999999999999,0.0500000000000001));
#8882=CARTESIAN_POINT('',(0.4,4.25,0.0500000000000001));
#8883=CARTESIAN_POINT('',(0.4,0.1,0.0500000000000001));
#8884=CARTESIAN_POINT('',(0.6,0.1,0.05));
#8885=CARTESIAN_POINT('',(0.4,4.25,-1.45));
#8886=CARTESIAN_POINT('',(0.4,0.489999999999999,-1.45));
#8887=CARTESIAN_POINT('',(0.4,0.1,-0.565161300000001));
#8888=CARTESIAN_POINT('',(0.4,0.1,-0.565161300000001));
#8889=CARTESIAN_POINT('',(0.4,0.162940974705077,-0.548296285299002));
#8890=CARTESIAN_POINT('',(0.4,0.162940974705077,-0.548296285299002));
#8891=CARTESIAN_POINT('',(0.4,0.15,-0.5));
#8892=CARTESIAN_POINT('',(0.4,0.2,-0.5));
#8893=CARTESIAN_POINT('',(0.4,0.2,-0.0997996587091243));
#8894=CARTESIAN_POINT('',(0.4,0.2,-0.0997996587091243));
#8895=CARTESIAN_POINT('',(0.4,0.15,-0.0997996587091245));
#8896=CARTESIAN_POINT('',(0.4,0.162940974705077,-0.0515033734101228));
#8897=CARTESIAN_POINT('',(0.4,0.1,-0.0346383587091238));
#8898=CARTESIAN_POINT('',(0.4,0.1,-0.0346383587091237));
#8899=CARTESIAN_POINT('',(0.4,0.1,0.534838699999999));
#8900=CARTESIAN_POINT('',(0.6,-0.55,1.35));
#8901=CARTESIAN_POINT('',(0.6,-0.55,1.5));
#8902=CARTESIAN_POINT('',(0.6,-0.55,1.2));
#8903=CARTESIAN_POINT('',(0.6,0.1,1.5));
#8904=CARTESIAN_POINT('',(0.6,0.1,-0.565161300000001));
#8905=CARTESIAN_POINT('',(0.6,0.1,-0.565161300000001));
#8906=CARTESIAN_POINT('',(0.6,0.162940974705077,-0.548296285299002));
#8907=CARTESIAN_POINT('',(0.6,0.162940974705077,-0.548296285299002));
#8908=CARTESIAN_POINT('',(0.6,0.15,-0.5));
#8909=CARTESIAN_POINT('',(0.6,0.2,-0.5));
#8910=CARTESIAN_POINT('',(0.6,0.2,-0.0997996587091243));
#8911=CARTESIAN_POINT('',(0.6,0.2,-0.0997996587091243));
#8912=CARTESIAN_POINT('',(0.6,0.15,-0.0997996587091245));
#8913=CARTESIAN_POINT('',(0.6,0.162940974705077,-0.0515033734101228));
#8914=CARTESIAN_POINT('',(0.6,0.1,-0.0346383587091238));
#8915=CARTESIAN_POINT('',(0.6,0.1,-0.0346383587091237));
#8916=CARTESIAN_POINT('',(0.6,0.162940974705077,0.551703714700998));
#8917=CARTESIAN_POINT('',(0.6,0.162940974705077,0.551703714700998));
#8918=CARTESIAN_POINT('',(0.6,0.1,0.534838699999999));
#8919=CARTESIAN_POINT('',(0.6,0.15,0.6));
#8920=CARTESIAN_POINT('',(0.6,0.2,0.6));
#8921=CARTESIAN_POINT('',(0.6,0.2,1.00020034129088));
#8922=CARTESIAN_POINT('',(0.6,0.2,1.00020034129088));
#8923=CARTESIAN_POINT('',(0.6,0.15,1.00020034129088));
#8924=CARTESIAN_POINT('',(0.6,0.162940974705077,1.04849662658988));
#8925=CARTESIAN_POINT('',(0.6,0.0119527145827343,1.08895388418039));
#8926=CARTESIAN_POINT('',(0.6,0.0119527145827343,1.08895388418039));
#8927=CARTESIAN_POINT('',(0.6,-0.180384799999999,1.2));
#8928=CARTESIAN_POINT('',(0.6,-0.180384799999999,1.2));
#8929=CARTESIAN_POINT('',(0.6,-0.55,1.2));
#8930=CARTESIAN_POINT('',(0.6,-0.55,1.35));
#8931=CARTESIAN_POINT('',(0.6,-0.55,1.2));
#8932=CARTESIAN_POINT('',(0.6,-0.55,1.5));
#8933=CARTESIAN_POINT('',(0.6,0.1,1.5));
#8934=CARTESIAN_POINT('',(0.6,0.1,-0.565161300000001));
#8935=CARTESIAN_POINT('',(0.6,0.1,-0.565161300000001));
#8936=CARTESIAN_POINT('',(0.6,0.162940974705077,-0.548296285299002));
#8937=CARTESIAN_POINT('',(0.6,0.162940974705077,-0.548296285299002));
#8938=CARTESIAN_POINT('',(0.6,0.15,-0.5));
#8939=CARTESIAN_POINT('',(0.6,0.2,-0.5));
#8940=CARTESIAN_POINT('',(0.6,0.2,-0.0997996587091243));
#8941=CARTESIAN_POINT('',(0.6,0.2,-0.0997996587091243));
#8942=CARTESIAN_POINT('',(0.6,0.15,-0.0997996587091245));
#8943=CARTESIAN_POINT('',(0.6,0.162940974705077,-0.0515033734101228));
#8944=CARTESIAN_POINT('',(0.6,0.1,-0.0346383587091238));
#8945=CARTESIAN_POINT('',(0.6,0.1,-0.0346383587091237));
#8946=CARTESIAN_POINT('',(0.6,0.1,0.534838699999999));
#8947=CARTESIAN_POINT('',(0.6,0.1,0.534838699999999));
#8948=CARTESIAN_POINT('',(0.6,0.162940974705077,0.551703714700998));
#8949=CARTESIAN_POINT('',(0.6,0.162940974705077,0.551703714700998));
#8950=CARTESIAN_POINT('',(0.6,0.15,0.6));
#8951=CARTESIAN_POINT('',(0.6,0.2,0.6));
#8952=CARTESIAN_POINT('',(0.6,0.2,1.00020034129088));
#8953=CARTESIAN_POINT('',(0.6,0.2,1.00020034129088));
#8954=CARTESIAN_POINT('',(0.6,0.15,1.00020034129088));
#8955=CARTESIAN_POINT('',(0.6,0.162940974705077,1.04849662658988));
#8956=CARTESIAN_POINT('',(0.6,0.0119527145827343,1.08895388418039));
#8957=CARTESIAN_POINT('',(0.6,0.0119527145827343,1.08895388418039));
#8958=CARTESIAN_POINT('',(0.6,-0.180384799999999,1.2));
#8959=CARTESIAN_POINT('',(0.6,-0.180384799999999,1.2));
#8960=CARTESIAN_POINT('',(0.6,-0.55,1.2));
#8961=CARTESIAN_POINT('',(50.,0.489999999999998,20.));
#8962=CARTESIAN_POINT('',(0.,0.,0.));
#8963=CARTESIAN_POINT('',(0.6,0.5,1.26905989232415));
#8964=CARTESIAN_POINT('',(0.6,0.489999999999999,1.27483339501605));
#8965=CARTESIAN_POINT('',(0.6,0.489999999999999,1.27483339501605));
#8966=CARTESIAN_POINT('',(0.4,0.489999999999999,1.27483339501605));
#8967=CARTESIAN_POINT('',(0.6,0.5,1.26905989232415));
#8968=CARTESIAN_POINT('',(0.6,0.5,1.26905989232415));
#8969=CARTESIAN_POINT('',(0.6,0.5,1.26905989232415));
#8970=CARTESIAN_POINT('',(0.4,0.5,1.26905989232415));
#8971=CARTESIAN_POINT('',(0.4,0.5,1.26905989232415));
#8972=CARTESIAN_POINT('',(0.6,0.1,-0.8));
#8973=CARTESIAN_POINT('',(0.6,0.489999999999999,-0.8));
#8974=CARTESIAN_POINT('',(-0.6,0.489999999999999,-0.8));
#8975=CARTESIAN_POINT('',(-0.4,0.489999999999999,-0.8));
#8976=CARTESIAN_POINT('',(-0.6,0.1,-0.8));
#8977=CARTESIAN_POINT('',(-0.6,0.5,-0.8));
#8978=CARTESIAN_POINT('',(0.6,0.5,-0.8));
#8979=CARTESIAN_POINT('',(-0.4,0.5,-0.8));
#8980=CARTESIAN_POINT('',(-0.4,0.1,-0.8));
#8981=CARTESIAN_POINT('',(-0.6,0.,0.));
#8982=CARTESIAN_POINT('',(-0.6,0.489999999999999,-1.85940672581264E-17));
#8983=CARTESIAN_POINT('',(-0.6,0.489999999999999,1.27483339501605));
#8984=CARTESIAN_POINT('',(-0.6,0.5,1.26905989232415));
#8985=CARTESIAN_POINT('',(-0.6,0.5,1.26905989232415));
#8986=CARTESIAN_POINT('',(-0.6,0.5,1.2));
#8987=CARTESIAN_POINT('',(-0.6,0.5,1.2));
#8988=CARTESIAN_POINT('',(-0.6,0.6,1.2));
#8989=CARTESIAN_POINT('',(-0.6,0.6,1.1));
#8990=CARTESIAN_POINT('',(-0.6,1.1,1.1));
#8991=CARTESIAN_POINT('',(-0.6,1.1,1.1));
#8992=CARTESIAN_POINT('',(-0.6,1.2,1.04226497308104));
#8993=CARTESIAN_POINT('',(-0.6,1.2,1.04226497308104));
#8994=CARTESIAN_POINT('',(-0.6,1.2,0.694337567297406));
#8995=CARTESIAN_POINT('',(-0.6,1.2,0.694337567297406));
#8996=CARTESIAN_POINT('',(-0.6,0.875,0.506698729810778));
#8997=CARTESIAN_POINT('',(-0.6,0.875,0.506698729810778));
#8998=CARTESIAN_POINT('',(-0.6,0.85,0.55));
#8999=CARTESIAN_POINT('',(-0.6,0.8,0.550000001317089));
#9000=CARTESIAN_POINT('',(-0.6,0.75,0.55));
#9001=CARTESIAN_POINT('',(-0.6,0.75,0.6));
#9002=CARTESIAN_POINT('',(-0.6,0.55,0.6));
#9003=CARTESIAN_POINT('',(-0.6,0.55,0.6));
#9004=CARTESIAN_POINT('',(-0.6,0.55,0.55));
#9005=CARTESIAN_POINT('',(-0.6,0.5,0.55));
#9006=CARTESIAN_POINT('',(-0.6,0.5,-0.15));
#9007=CARTESIAN_POINT('',(-0.6,0.5,-0.15));
#9008=CARTESIAN_POINT('',(-0.6,0.55,-0.15));
#9009=CARTESIAN_POINT('',(-0.6,0.55,-0.2));
#9010=CARTESIAN_POINT('',(-0.6,0.75,-0.2));
#9011=CARTESIAN_POINT('',(-0.6,0.75,-0.2));
#9012=CARTESIAN_POINT('',(-0.6,0.75,-0.15));
#9013=CARTESIAN_POINT('',(-0.6,0.8,-0.150000001317089));
#9014=CARTESIAN_POINT('',(-0.6,0.85,-0.15));
#9015=CARTESIAN_POINT('',(-0.6,0.875,-0.106698729810778));
#9016=CARTESIAN_POINT('',(-0.6,1.03660254037844,-0.2));
#9017=CARTESIAN_POINT('',(-0.6,1.03660254037844,-0.2));
#9018=CARTESIAN_POINT('',(-0.6,1.7,-0.2));
#9019=CARTESIAN_POINT('',(-0.6,1.7,-0.2));
#9020=CARTESIAN_POINT('',(-0.6,2.94500442584713,-0.280483786050667));
#9021=CARTESIAN_POINT('',(-0.6,2.94500442584713,-0.280483786050667));
#9022=CARTESIAN_POINT('',(-0.6,2.937764,-0.392486));
#9023=CARTESIAN_POINT('',(-0.6,3.05,-0.392486));
#9024=CARTESIAN_POINT('',(-0.6,3.05,-0.407514));
#9025=CARTESIAN_POINT('',(-0.6,3.05,-0.407514));
#9026=CARTESIAN_POINT('',(-0.6,2.937764,-0.407514));
#9027=CARTESIAN_POINT('',(-0.6,2.94500442584713,-0.519516213949333));
#9028=CARTESIAN_POINT('',(-0.6,1.7,-0.6));
#9029=CARTESIAN_POINT('',(-0.6,1.7,-0.6));
#9030=CARTESIAN_POINT('',(-0.6,0.5,-0.6));
#9031=CARTESIAN_POINT('',(-0.6,0.5,-0.6));
#9032=CARTESIAN_POINT('',(-0.6,0.5,-0.8));
#9033=CARTESIAN_POINT('',(0.6,0.5,1.26905989232415));
#9034=CARTESIAN_POINT('',(0.6,0.489999999999999,1.27483339501605));
#9035=CARTESIAN_POINT('',(-0.4,0.489999999999999,1.27483339501605));
#9036=CARTESIAN_POINT('',(-0.4,0.5,1.26905989232415));
#9037=CARTESIAN_POINT('',(-0.4,0.5,1.26905989232415));
#9038=CARTESIAN_POINT('',(0.6,0.5,1.26905989232415));
#9039=CARTESIAN_POINT('',(0.6,0.1,-0.8));
#9040=CARTESIAN_POINT('',(0.6,0.489999999999999,-0.8));
#9041=CARTESIAN_POINT('',(0.4,0.489999999999999,-0.8));
#9042=CARTESIAN_POINT('',(0.6,0.489999999999999,-0.8));
#9043=CARTESIAN_POINT('',(0.4,0.1,-0.8));
#9044=CARTESIAN_POINT('',(0.4,0.5,-0.8));
#9045=CARTESIAN_POINT('',(0.6,0.5,-0.8));
#9046=CARTESIAN_POINT('',(0.6,0.5,-0.8));
#9047=CARTESIAN_POINT('',(0.6,0.1,-0.8));
#9048=CARTESIAN_POINT('',(0.6,0.,0.));
#9049=CARTESIAN_POINT('',(0.6,0.489999999999999,-1.85940672581264E-17));
#9050=CARTESIAN_POINT('',(0.6,0.5,-0.8));
#9051=CARTESIAN_POINT('',(0.6,0.5,-0.6));
#9052=CARTESIAN_POINT('',(0.6,0.5,-0.6));
#9053=CARTESIAN_POINT('',(0.6,1.7,-0.6));
#9054=CARTESIAN_POINT('',(0.6,1.7,-0.6));
#9055=CARTESIAN_POINT('',(0.6,2.94500442584713,-0.519516213949333));
#9056=CARTESIAN_POINT('',(0.6,2.937764,-0.407514));
#9057=CARTESIAN_POINT('',(0.6,3.05,-0.407514));
#9058=CARTESIAN_POINT('',(0.6,3.05,-0.407514));
#9059=CARTESIAN_POINT('',(0.6,3.05,-0.392486));
#9060=CARTESIAN_POINT('',(0.6,2.937764,-0.392486));
#9061=CARTESIAN_POINT('',(0.6,2.94500442584713,-0.280483786050667));
#9062=CARTESIAN_POINT('',(0.6,2.94500442584713,-0.280483786050667));
#9063=CARTESIAN_POINT('',(0.6,1.7,-0.2));
#9064=CARTESIAN_POINT('',(0.6,1.7,-0.2));
#9065=CARTESIAN_POINT('',(0.6,1.03660254037844,-0.2));
#9066=CARTESIAN_POINT('',(0.6,1.03660254037844,-0.2));
#9067=CARTESIAN_POINT('',(0.6,0.875,-0.106698729810778));
#9068=CARTESIAN_POINT('',(0.6,0.85,-0.15));
#9069=CARTESIAN_POINT('',(0.6,0.8,-0.150000001317089));
#9070=CARTESIAN_POINT('',(0.6,0.75,-0.15));
#9071=CARTESIAN_POINT('',(0.6,0.75,-0.2));
#9072=CARTESIAN_POINT('',(0.6,0.75,-0.2));
#9073=CARTESIAN_POINT('',(0.6,0.55,-0.2));
#9074=CARTESIAN_POINT('',(0.6,0.55,-0.15));
#9075=CARTESIAN_POINT('',(0.6,0.5,-0.15));
#9076=CARTESIAN_POINT('',(0.6,0.5,-0.15));
#9077=CARTESIAN_POINT('',(0.6,0.5,0.55));
#9078=CARTESIAN_POINT('',(0.6,0.55,0.55));
#9079=CARTESIAN_POINT('',(0.6,0.55,0.6));
#9080=CARTESIAN_POINT('',(0.6,0.55,0.6));
#9081=CARTESIAN_POINT('',(0.6,0.75,0.6));
#9082=CARTESIAN_POINT('',(0.6,0.75,0.55));
#9083=CARTESIAN_POINT('',(0.6,0.8,0.550000001317089));
#9084=CARTESIAN_POINT('',(0.6,0.85,0.55));
#9085=CARTESIAN_POINT('',(0.6,0.875,0.506698729810778));
#9086=CARTESIAN_POINT('',(0.6,0.875,0.506698729810778));
#9087=CARTESIAN_POINT('',(0.6,1.2,0.694337567297406));
#9088=CARTESIAN_POINT('',(0.6,1.2,0.694337567297406));
#9089=CARTESIAN_POINT('',(0.6,1.2,1.04226497308104));
#9090=CARTESIAN_POINT('',(0.6,1.2,1.04226497308104));
#9091=CARTESIAN_POINT('',(0.6,1.1,1.1));
#9092=CARTESIAN_POINT('',(0.6,1.1,1.1));
#9093=CARTESIAN_POINT('',(0.6,0.6,1.1));
#9094=CARTESIAN_POINT('',(0.6,0.6,1.2));
#9095=CARTESIAN_POINT('',(0.6,0.5,1.2));
#9096=CARTESIAN_POINT('',(0.6,0.5,1.2));
#9097=CARTESIAN_POINT('',(0.4,4.25,0.15));
#9098=CARTESIAN_POINT('',(0.4,0.489999999999999,0.15));
#9099=CARTESIAN_POINT('',(0.4,0.489999999999999,0.15));
#9100=CARTESIAN_POINT('',(0.4,0.5,1.2));
#9101=CARTESIAN_POINT('',(0.4,0.5,1.2));
#9102=CARTESIAN_POINT('',(0.4,0.6,1.2));
#9103=CARTESIAN_POINT('',(0.4,0.6,1.1));
#9104=CARTESIAN_POINT('',(0.4,1.1,1.1));
#9105=CARTESIAN_POINT('',(0.4,1.1,1.1));
#9106=CARTESIAN_POINT('',(0.4,1.2,1.04226497308104));
#9107=CARTESIAN_POINT('',(0.4,1.2,1.04226497308104));
#9108=CARTESIAN_POINT('',(0.4,1.2,0.694337567297406));
#9109=CARTESIAN_POINT('',(0.4,1.2,0.694337567297406));
#9110=CARTESIAN_POINT('',(0.4,0.875,0.506698729810778));
#9111=CARTESIAN_POINT('',(0.4,0.875,0.506698729810778));
#9112=CARTESIAN_POINT('',(0.4,0.85,0.55));
#9113=CARTESIAN_POINT('',(0.4,0.8,0.550000001317089));
#9114=CARTESIAN_POINT('',(0.4,0.75,0.55));
#9115=CARTESIAN_POINT('',(0.4,0.75,0.6));
#9116=CARTESIAN_POINT('',(0.4,0.55,0.6));
#9117=CARTESIAN_POINT('',(0.4,0.55,0.6));
#9118=CARTESIAN_POINT('',(0.4,0.55,0.55));
#9119=CARTESIAN_POINT('',(0.4,0.5,0.55));
#9120=CARTESIAN_POINT('',(0.4,0.5,-0.15));
#9121=CARTESIAN_POINT('',(0.4,0.5,0.15));
#9122=CARTESIAN_POINT('',(0.4,4.25,0.15));
#9123=CARTESIAN_POINT('',(-0.4,4.25,2.25));
#9124=CARTESIAN_POINT('',(-0.4,0.489999999999999,2.25));
#9125=CARTESIAN_POINT('',(-0.4,0.489999999999999,0.15));
#9126=CARTESIAN_POINT('',(-0.4,4.25,0.15));
#9127=CARTESIAN_POINT('',(-0.4,0.5,0.15));
#9128=CARTESIAN_POINT('',(-0.4,0.5,-0.15));
#9129=CARTESIAN_POINT('',(-0.4,0.5,0.55));
#9130=CARTESIAN_POINT('',(-0.4,0.55,0.55));
#9131=CARTESIAN_POINT('',(-0.4,0.55,0.6));
#9132=CARTESIAN_POINT('',(-0.4,0.55,0.6));
#9133=CARTESIAN_POINT('',(-0.4,0.75,0.6));
#9134=CARTESIAN_POINT('',(-0.4,0.75,0.55));
#9135=CARTESIAN_POINT('',(-0.4,0.8,0.550000001317089));
#9136=CARTESIAN_POINT('',(-0.4,0.85,0.55));
#9137=CARTESIAN_POINT('',(-0.4,0.875,0.506698729810778));
#9138=CARTESIAN_POINT('',(-0.4,0.875,0.506698729810778));
#9139=CARTESIAN_POINT('',(-0.4,1.2,0.694337567297406));
#9140=CARTESIAN_POINT('',(-0.4,1.2,0.694337567297406));
#9141=CARTESIAN_POINT('',(-0.4,1.2,1.04226497308104));
#9142=CARTESIAN_POINT('',(-0.4,1.2,1.04226497308104));
#9143=CARTESIAN_POINT('',(-0.4,1.1,1.1));
#9144=CARTESIAN_POINT('',(-0.4,1.1,1.1));
#9145=CARTESIAN_POINT('',(-0.4,0.6,1.1));
#9146=CARTESIAN_POINT('',(-0.4,0.6,1.2));
#9147=CARTESIAN_POINT('',(-0.4,0.5,1.2));
#9148=CARTESIAN_POINT('',(-0.4,0.5,1.2));
#9149=CARTESIAN_POINT('',(-0.4,4.25,0.15));
#9150=CARTESIAN_POINT('',(-0.4,0.489999999999999,0.15));
#9151=CARTESIAN_POINT('',(0.6,0.5,0.15));
#9152=CARTESIAN_POINT('',(-0.4,4.25,0.05));
#9153=CARTESIAN_POINT('',(-0.4,0.489999999999999,0.0500000000000002));
#9154=CARTESIAN_POINT('',(-0.4,0.489999999999999,0.05));
#9155=CARTESIAN_POINT('',(-0.4,0.5,-0.8));
#9156=CARTESIAN_POINT('',(-0.4,0.5,-0.6));
#9157=CARTESIAN_POINT('',(-0.4,0.5,-0.6));
#9158=CARTESIAN_POINT('',(-0.4,1.7,-0.6));
#9159=CARTESIAN_POINT('',(-0.4,1.7,-0.6));
#9160=CARTESIAN_POINT('',(-0.4,2.94500442584713,-0.519516213949333));
#9161=CARTESIAN_POINT('',(-0.4,2.937764,-0.407514));
#9162=CARTESIAN_POINT('',(-0.4,3.05,-0.407514));
#9163=CARTESIAN_POINT('',(-0.4,3.05,-0.407514));
#9164=CARTESIAN_POINT('',(-0.4,3.05,-0.392486));
#9165=CARTESIAN_POINT('',(-0.4,2.937764,-0.392486));
#9166=CARTESIAN_POINT('',(-0.4,2.94500442584713,-0.280483786050667));
#9167=CARTESIAN_POINT('',(-0.4,2.94500442584713,-0.280483786050667));
#9168=CARTESIAN_POINT('',(-0.4,1.7,-0.2));
#9169=CARTESIAN_POINT('',(-0.4,1.7,-0.2));
#9170=CARTESIAN_POINT('',(-0.4,1.03660254037844,-0.2));
#9171=CARTESIAN_POINT('',(-0.4,1.03660254037844,-0.2));
#9172=CARTESIAN_POINT('',(-0.4,0.875,-0.106698729810778));
#9173=CARTESIAN_POINT('',(-0.4,0.85,-0.15));
#9174=CARTESIAN_POINT('',(-0.4,0.8,-0.150000001317089));
#9175=CARTESIAN_POINT('',(-0.4,0.75,-0.15));
#9176=CARTESIAN_POINT('',(-0.4,0.75,-0.2));
#9177=CARTESIAN_POINT('',(-0.4,0.75,-0.2));
#9178=CARTESIAN_POINT('',(-0.4,0.55,-0.2));
#9179=CARTESIAN_POINT('',(-0.4,0.55,-0.15));
#9180=CARTESIAN_POINT('',(-0.4,0.5,-0.15));
#9181=CARTESIAN_POINT('',(-0.4,0.5,-0.15));
#9182=CARTESIAN_POINT('',(-0.4,0.5,0.05));
#9183=CARTESIAN_POINT('',(-0.4,4.25,0.05));
#9184=CARTESIAN_POINT('',(0.4,4.25,0.05));
#9185=CARTESIAN_POINT('',(0.4,0.489999999999999,0.05));
#9186=CARTESIAN_POINT('',(0.4,0.489999999999999,0.0500000000000001));
#9187=CARTESIAN_POINT('',(0.6,0.5,0.0500000000000001));
#9188=CARTESIAN_POINT('',(0.4,0.5,0.0500000000000001));
#9189=CARTESIAN_POINT('',(0.4,4.25,0.0500000000000001));
#9190=CARTESIAN_POINT('',(0.4,4.25,-1.45));
#9191=CARTESIAN_POINT('',(0.4,0.489999999999999,-1.45));
#9192=CARTESIAN_POINT('',(0.4,0.5,-0.15));
#9193=CARTESIAN_POINT('',(0.4,0.5,-0.15));
#9194=CARTESIAN_POINT('',(0.4,0.55,-0.15));
#9195=CARTESIAN_POINT('',(0.4,0.55,-0.2));
#9196=CARTESIAN_POINT('',(0.4,0.75,-0.2));
#9197=CARTESIAN_POINT('',(0.4,0.75,-0.2));
#9198=CARTESIAN_POINT('',(0.4,0.75,-0.15));
#9199=CARTESIAN_POINT('',(0.4,0.8,-0.150000001317089));
#9200=CARTESIAN_POINT('',(0.4,0.85,-0.15));
#9201=CARTESIAN_POINT('',(0.4,0.875,-0.106698729810778));
#9202=CARTESIAN_POINT('',(0.4,1.03660254037844,-0.2));
#9203=CARTESIAN_POINT('',(0.4,1.03660254037844,-0.2));
#9204=CARTESIAN_POINT('',(0.4,1.7,-0.2));
#9205=CARTESIAN_POINT('',(0.4,1.7,-0.2));
#9206=CARTESIAN_POINT('',(0.4,2.94500442584713,-0.280483786050667));
#9207=CARTESIAN_POINT('',(0.4,2.94500442584713,-0.280483786050667));
#9208=CARTESIAN_POINT('',(0.4,2.937764,-0.392486));
#9209=CARTESIAN_POINT('',(0.4,3.05,-0.392486));
#9210=CARTESIAN_POINT('',(0.4,3.05,-0.407514));
#9211=CARTESIAN_POINT('',(0.4,3.05,-0.407514));
#9212=CARTESIAN_POINT('',(0.4,2.937764,-0.407514));
#9213=CARTESIAN_POINT('',(0.4,2.94500442584713,-0.519516213949333));
#9214=CARTESIAN_POINT('',(0.4,1.7,-0.6));
#9215=CARTESIAN_POINT('',(0.4,1.7,-0.6));
#9216=CARTESIAN_POINT('',(0.4,0.5,-0.6));
#9217=CARTESIAN_POINT('',(0.4,0.5,-0.6));
#9218=CARTESIAN_POINT('',(0.4,0.5,-0.8));
#9219=CARTESIAN_POINT('',(0.6,0.5,1.2));
#9220=CARTESIAN_POINT('',(0.6,0.5,1.2));
#9221=CARTESIAN_POINT('',(0.6,0.6,1.2));
#9222=CARTESIAN_POINT('',(0.6,0.6,1.1));
#9223=CARTESIAN_POINT('',(0.6,1.1,1.1));
#9224=CARTESIAN_POINT('',(0.6,1.1,1.1));
#9225=CARTESIAN_POINT('',(0.6,1.2,1.04226497308104));
#9226=CARTESIAN_POINT('',(0.6,1.2,1.04226497308104));
#9227=CARTESIAN_POINT('',(0.6,1.2,0.694337567297406));
#9228=CARTESIAN_POINT('',(0.6,1.2,0.694337567297406));
#9229=CARTESIAN_POINT('',(0.6,0.875,0.506698729810778));
#9230=CARTESIAN_POINT('',(0.6,0.875,0.506698729810778));
#9231=CARTESIAN_POINT('',(0.6,0.85,0.55));
#9232=CARTESIAN_POINT('',(0.6,0.8,0.550000001317089));
#9233=CARTESIAN_POINT('',(0.6,0.75,0.55));
#9234=CARTESIAN_POINT('',(0.6,0.75,0.6));
#9235=CARTESIAN_POINT('',(0.6,0.55,0.6));
#9236=CARTESIAN_POINT('',(0.6,0.55,0.6));
#9237=CARTESIAN_POINT('',(0.6,0.55,0.55));
#9238=CARTESIAN_POINT('',(0.6,0.5,0.55));
#9239=CARTESIAN_POINT('',(0.6,0.55,-0.15));
#9240=CARTESIAN_POINT('',(0.6,0.55,-0.2));
#9241=CARTESIAN_POINT('',(0.6,0.5,-0.15));
#9242=CARTESIAN_POINT('',(0.6,0.75,-0.2));
#9243=CARTESIAN_POINT('',(0.6,0.75,-0.2));
#9244=CARTESIAN_POINT('',(0.6,0.75,-0.15));
#9245=CARTESIAN_POINT('',(0.6,0.8,-0.150000001317089));
#9246=CARTESIAN_POINT('',(0.6,0.85,-0.15));
#9247=CARTESIAN_POINT('',(0.6,0.875,-0.106698729810778));
#9248=CARTESIAN_POINT('',(0.6,1.03660254037844,-0.2));
#9249=CARTESIAN_POINT('',(0.6,1.03660254037844,-0.2));
#9250=CARTESIAN_POINT('',(0.6,1.7,-0.2));
#9251=CARTESIAN_POINT('',(0.6,1.7,-0.2));
#9252=CARTESIAN_POINT('',(0.6,2.94500442584713,-0.280483786050667));
#9253=CARTESIAN_POINT('',(0.6,2.94500442584713,-0.280483786050667));
#9254=CARTESIAN_POINT('',(0.6,2.937764,-0.392486));
#9255=CARTESIAN_POINT('',(0.6,3.05,-0.392486));
#9256=CARTESIAN_POINT('',(0.6,3.05,-0.407514));
#9257=CARTESIAN_POINT('',(0.6,3.05,-0.407514));
#9258=CARTESIAN_POINT('',(0.6,2.937764,-0.407514));
#9259=CARTESIAN_POINT('',(0.6,2.94500442584713,-0.519516213949333));
#9260=CARTESIAN_POINT('',(0.6,1.7,-0.6));
#9261=CARTESIAN_POINT('',(0.6,1.7,-0.6));
#9262=CARTESIAN_POINT('',(0.6,0.5,-0.6));
#9263=CARTESIAN_POINT('',(0.6,0.5,-0.6));
#9264=CARTESIAN_POINT('',(0.6,0.5,-0.8));
#9265=CARTESIAN_POINT('',(0.6,0.5,1.2));
#9266=CARTESIAN_POINT('',(0.6,0.5,1.2));
#9267=CARTESIAN_POINT('',(0.6,0.6,1.2));
#9268=CARTESIAN_POINT('',(0.6,0.6,1.1));
#9269=CARTESIAN_POINT('',(0.6,1.1,1.1));
#9270=CARTESIAN_POINT('',(0.6,1.1,1.1));
#9271=CARTESIAN_POINT('',(0.6,1.2,1.04226497308104));
#9272=CARTESIAN_POINT('',(0.6,1.2,1.04226497308104));
#9273=CARTESIAN_POINT('',(0.6,1.2,0.694337567297406));
#9274=CARTESIAN_POINT('',(0.6,1.2,0.694337567297406));
#9275=CARTESIAN_POINT('',(0.6,0.875,0.506698729810778));
#9276=CARTESIAN_POINT('',(0.6,0.875,0.506698729810778));
#9277=CARTESIAN_POINT('',(0.6,0.85,0.55));
#9278=CARTESIAN_POINT('',(0.6,0.8,0.550000001317089));
#9279=CARTESIAN_POINT('',(0.6,0.75,0.55));
#9280=CARTESIAN_POINT('',(0.6,0.75,0.6));
#9281=CARTESIAN_POINT('',(0.6,0.55,0.6));
#9282=CARTESIAN_POINT('',(0.6,0.55,0.6));
#9283=CARTESIAN_POINT('',(0.6,0.55,0.55));
#9284=CARTESIAN_POINT('',(0.6,0.5,0.55));
#9285=CARTESIAN_POINT('',(0.6,0.5,-0.15));
#9286=CARTESIAN_POINT('',(0.6,0.5,-0.15));
#9287=CARTESIAN_POINT('',(0.6,0.55,-0.15));
#9288=CARTESIAN_POINT('',(0.6,0.55,-0.2));
#9289=CARTESIAN_POINT('',(0.6,0.75,-0.2));
#9290=CARTESIAN_POINT('',(0.6,0.75,-0.2));
#9291=CARTESIAN_POINT('',(0.6,0.75,-0.15));
#9292=CARTESIAN_POINT('',(0.6,0.8,-0.150000001317089));
#9293=CARTESIAN_POINT('',(0.6,0.85,-0.15));
#9294=CARTESIAN_POINT('',(0.6,0.875,-0.106698729810778));
#9295=CARTESIAN_POINT('',(0.6,1.03660254037844,-0.2));
#9296=CARTESIAN_POINT('',(0.6,1.03660254037844,-0.2));
#9297=CARTESIAN_POINT('',(0.6,1.7,-0.2));
#9298=CARTESIAN_POINT('',(0.6,1.7,-0.2));
#9299=CARTESIAN_POINT('',(0.6,2.94500442584713,-0.280483786050667));
#9300=CARTESIAN_POINT('',(0.6,2.94500442584713,-0.280483786050667));
#9301=CARTESIAN_POINT('',(0.6,2.937764,-0.392486));
#9302=CARTESIAN_POINT('',(0.6,3.05,-0.392486));
#9303=CARTESIAN_POINT('',(0.6,3.05,-0.407514));
#9304=CARTESIAN_POINT('',(0.6,3.05,-0.407514));
#9305=CARTESIAN_POINT('',(0.6,2.937764,-0.407514));
#9306=CARTESIAN_POINT('',(0.6,2.94500442584713,-0.519516213949333));
#9307=CARTESIAN_POINT('',(0.6,1.7,-0.6));
#9308=CARTESIAN_POINT('',(0.6,1.7,-0.6));
#9309=CARTESIAN_POINT('',(0.6,0.5,-0.6));
#9310=CARTESIAN_POINT('',(0.6,0.5,-0.6));
#9311=CARTESIAN_POINT('',(0.6,0.5,-0.8));
#9312=CARTESIAN_POINT('',(50.,0.489999999999998,-20.));
#9313=CARTESIAN_POINT('',(0.,0.,0.));
#9314=CARTESIAN_POINT('',(0.1,0.,0.375));
#9315=CARTESIAN_POINT('',(-0.1,0.,0.375));
#9316=CARTESIAN_POINT('',(-0.1,0.,0.375));
#9317=CARTESIAN_POINT('',(-0.1,-0.15,0.525));
#9318=CARTESIAN_POINT('',(0.1,-0.15,0.525));
#9319=CARTESIAN_POINT('',(0.1,-0.15,0.525));
#9320=CARTESIAN_POINT('',(0.1,0.,0.375));
#9321=CARTESIAN_POINT('',(0.1,0.,0.375));
#9322=CARTESIAN_POINT('',(0.1,0.,0.375));
#9323=CARTESIAN_POINT('',(0.1,-0.15,0.525));
#9324=CARTESIAN_POINT('',(-0.1,-0.15,0.525));
#9325=CARTESIAN_POINT('',(-0.1,-1.35,0.525));
#9326=CARTESIAN_POINT('',(0.1,-1.35,0.525));
#9327=CARTESIAN_POINT('',(0.1,-1.35,0.525));
#9328=CARTESIAN_POINT('',(0.1,-0.15,0.525));
#9329=CARTESIAN_POINT('',(0.1,-1.35,0.525));
#9330=CARTESIAN_POINT('',(-0.1,-1.35,0.525));
#9331=CARTESIAN_POINT('',(-0.1,-1.5,0.375));
#9332=CARTESIAN_POINT('',(0.1,-1.5,0.375));
#9333=CARTESIAN_POINT('',(0.1,-1.5,0.375));
#9334=CARTESIAN_POINT('',(0.1,-1.35,0.525));
#9335=CARTESIAN_POINT('',(0.1,-1.5,0.375));
#9336=CARTESIAN_POINT('',(-0.1,-1.5,0.375));
#9337=CARTESIAN_POINT('',(-0.1,-1.5,0.195));
#9338=CARTESIAN_POINT('',(0.1,-1.5,0.195));
#9339=CARTESIAN_POINT('',(0.1,-1.5,0.195));
#9340=CARTESIAN_POINT('',(0.1,-1.5,0.375));
#9341=CARTESIAN_POINT('',(0.1,-1.55,0.195));
#9342=CARTESIAN_POINT('',(-0.1,-1.55,0.195));
#9343=CARTESIAN_POINT('',(-0.1,-1.55,0.145));
#9344=CARTESIAN_POINT('',(0.1,-1.55,0.145));
#9345=CARTESIAN_POINT('',(0.1,-1.55,0.145));
#9346=CARTESIAN_POINT('',(0.1,-1.55,0.195));
#9347=CARTESIAN_POINT('',(0.1,-1.55,0.145));
#9348=CARTESIAN_POINT('',(-0.1,-1.55,0.145));
#9349=CARTESIAN_POINT('',(-0.1,-1.74825867773496,0.145));
#9350=CARTESIAN_POINT('',(0.1,-1.74825867773496,0.145));
#9351=CARTESIAN_POINT('',(0.1,-1.74825867773496,0.145));
#9352=CARTESIAN_POINT('',(0.1,-1.55,0.145));
#9353=CARTESIAN_POINT('',(0.1,-1.74825867773496,0.194999999999998));
#9354=CARTESIAN_POINT('',(-0.1,-1.74825867773496,0.194999999999998));
#9355=CARTESIAN_POINT('',(-0.1,-1.77599368754622,0.153397485283108));
#9356=CARTESIAN_POINT('',(0.1,-1.77599368754622,0.153397485283108));
#9357=CARTESIAN_POINT('',(0.1,-1.77599368754622,0.153397485283108));
#9358=CARTESIAN_POINT('',(0.1,-1.74825867773496,0.194999999999998));
#9359=CARTESIAN_POINT('',(0.1,-1.77599368754622,0.153397485283108));
#9360=CARTESIAN_POINT('',(-0.1,-1.77599368754622,0.153397485283108));
#9361=CARTESIAN_POINT('',(-0.1,-1.82416005630144,0.185508397786591));
#9362=CARTESIAN_POINT('',(0.1,-1.82416005630144,0.185508397786591));
#9363=CARTESIAN_POINT('',(0.1,-1.82416005630144,0.185508397786591));
#9364=CARTESIAN_POINT('',(0.1,-1.77599368754622,0.153397485283108));
#9365=CARTESIAN_POINT('',(0.1,-1.8518950661127,0.143905883069699));
#9366=CARTESIAN_POINT('',(-0.1,-1.8518950661127,0.143905883069699));
#9367=CARTESIAN_POINT('',(-0.1,-1.8768950661127,0.187207153258921));
#9368=CARTESIAN_POINT('',(0.1,-1.8768950661127,0.187207153258921));
#9369=CARTESIAN_POINT('',(0.1,-1.8768950661127,0.187207153258921));
#9370=CARTESIAN_POINT('',(0.1,-1.8518950661127,0.143905883069699));
#9371=CARTESIAN_POINT('',(0.1,-1.8768950661127,0.187207153258921));
#9372=CARTESIAN_POINT('',(-0.1,-1.8768950661127,0.187207153258921));
#9373=CARTESIAN_POINT('',(-0.1,-2.1,0.0583974596215562));
#9374=CARTESIAN_POINT('',(0.1,-2.1,0.0583974596215562));
#9375=CARTESIAN_POINT('',(0.1,-2.1,0.0583974596215562));
#9376=CARTESIAN_POINT('',(0.1,-1.8768950661127,0.187207153258921));
#9377=CARTESIAN_POINT('',(0.1,-2.1,0.0583974596215562));
#9378=CARTESIAN_POINT('',(-0.1,-2.1,0.0583974596215562));
#9379=CARTESIAN_POINT('',(-0.1,-2.1,-0.025));
#9380=CARTESIAN_POINT('',(0.1,-2.1,-0.025));
#9381=CARTESIAN_POINT('',(0.1,-2.1,-0.025));
#9382=CARTESIAN_POINT('',(0.1,-2.1,0.0583974596215562));
#9383=CARTESIAN_POINT('',(0.1,-2.1,-0.025));
#9384=CARTESIAN_POINT('',(-0.1,-2.1,-0.025));
#9385=CARTESIAN_POINT('',(-0.1,-0.55,-0.025));
#9386=CARTESIAN_POINT('',(0.1,-0.55,-0.025));
#9387=CARTESIAN_POINT('',(0.1,-0.55,-0.025));
#9388=CARTESIAN_POINT('',(0.1,-2.1,-0.025));
#9389=CARTESIAN_POINT('',(0.1,-0.55,-0.0750000000000001));
#9390=CARTESIAN_POINT('',(-0.1,-0.55,-0.0750000000000001));
#9391=CARTESIAN_POINT('',(-0.1,-0.5,-0.075));
#9392=CARTESIAN_POINT('',(0.1,-0.5,-0.075));
#9393=CARTESIAN_POINT('',(0.1,-0.5,-0.075));
#9394=CARTESIAN_POINT('',(0.1,-0.55,-0.0750000000000001));
#9395=CARTESIAN_POINT('',(0.1,-0.5,-0.075));
#9396=CARTESIAN_POINT('',(-0.1,-0.5,-0.075));
#9397=CARTESIAN_POINT('',(-0.1,-0.5,-0.255));
#9398=CARTESIAN_POINT('',(0.1,-0.5,-0.255));
#9399=CARTESIAN_POINT('',(0.1,-0.5,-0.255));
#9400=CARTESIAN_POINT('',(0.1,-0.5,-0.075));
#9401=CARTESIAN_POINT('',(0.1,-0.55,-0.255));
#9402=CARTESIAN_POINT('',(-0.1,-0.55,-0.255));
#9403=CARTESIAN_POINT('',(-0.1,-0.55,-0.305));
#9404=CARTESIAN_POINT('',(0.1,-0.55,-0.305));
#9405=CARTESIAN_POINT('',(0.1,-0.55,-0.305));
#9406=CARTESIAN_POINT('',(0.1,-0.55,-0.255));
#9407=CARTESIAN_POINT('',(0.1,-0.55,-0.305));
#9408=CARTESIAN_POINT('',(-0.1,-0.55,-0.305));
#9409=CARTESIAN_POINT('',(-0.1,-0.754037493811431,-0.305));
#9410=CARTESIAN_POINT('',(0.1,-0.754037493811431,-0.305));
#9411=CARTESIAN_POINT('',(0.1,-0.754037493811431,-0.305));
#9412=CARTESIAN_POINT('',(0.1,-0.55,-0.305));
#9413=CARTESIAN_POINT('',(0.1,-0.754037493811431,-0.255000000000003));
#9414=CARTESIAN_POINT('',(-0.1,-0.754037493811431,-0.255000000000003));
#9415=CARTESIAN_POINT('',(-0.1,-0.772123622656505,-0.301614289047452));
#9416=CARTESIAN_POINT('',(0.1,-0.772123622656505,-0.301614289047452));
#9417=CARTESIAN_POINT('',(0.1,-0.772123622656505,-0.301614289047452));
#9418=CARTESIAN_POINT('',(0.1,-0.754037493811431,-0.255000000000003));
#9419=CARTESIAN_POINT('',(0.1,-0.772123622656505,-0.301614289047452));
#9420=CARTESIAN_POINT('',(-0.1,-0.772123622656505,-0.301614289047452));
#9421=CARTESIAN_POINT('',(-0.1,-0.852663162182715,-0.270365319712937));
#9422=CARTESIAN_POINT('',(0.1,-0.852663162182715,-0.270365319712937));
#9423=CARTESIAN_POINT('',(0.1,-0.852663162182715,-0.270365319712937));
#9424=CARTESIAN_POINT('',(0.1,-0.772123622656505,-0.301614289047452));
#9425=CARTESIAN_POINT('',(0.1,-0.87074929102779,-0.316979608760388));
#9426=CARTESIAN_POINT('',(-0.1,-0.87074929102779,-0.316979608760388));
#9427=CARTESIAN_POINT('',(-0.1,-0.89574929102779,-0.273678338571167));
#9428=CARTESIAN_POINT('',(0.1,-0.89574929102779,-0.273678338571167));
#9429=CARTESIAN_POINT('',(0.1,-0.89574929102779,-0.273678338571167));
#9430=CARTESIAN_POINT('',(0.1,-0.87074929102779,-0.316979608760388));
#9431=CARTESIAN_POINT('',(0.1,-0.89574929102779,-0.273678338571167));
#9432=CARTESIAN_POINT('',(-0.1,-0.89574929102779,-0.273678338571167));
#9433=CARTESIAN_POINT('',(-0.1,-1.1,-0.391602540378444));
#9434=CARTESIAN_POINT('',(0.1,-1.1,-0.391602540378444));
#9435=CARTESIAN_POINT('',(0.1,-1.1,-0.391602540378444));
#9436=CARTESIAN_POINT('',(0.1,-0.89574929102779,-0.273678338571167));
#9437=CARTESIAN_POINT('',(0.1,-1.1,-0.391602540378444));
#9438=CARTESIAN_POINT('',(-0.1,-1.1,-0.391602540378444));
#9439=CARTESIAN_POINT('',(-0.1,-1.1,-0.456602540378444));
#9440=CARTESIAN_POINT('',(0.1,-1.1,-0.456602540378444));
#9441=CARTESIAN_POINT('',(0.1,-1.1,-0.456602540378444));
#9442=CARTESIAN_POINT('',(0.1,-1.1,-0.391602540378444));
#9443=CARTESIAN_POINT('',(0.1,-1.1,-0.456602540378444));
#9444=CARTESIAN_POINT('',(-0.1,-1.1,-0.456602540378444));
#9445=CARTESIAN_POINT('',(-0.1,-0.981532124826824,-0.525));
#9446=CARTESIAN_POINT('',(0.1,-0.981532124826824,-0.525));
#9447=CARTESIAN_POINT('',(0.1,-0.981532124826824,-0.525));
#9448=CARTESIAN_POINT('',(0.1,-1.1,-0.456602540378444));
#9449=CARTESIAN_POINT('',(0.1,-0.981532124826824,-0.525));
#9450=CARTESIAN_POINT('',(-0.1,-0.981532124826824,-0.525));
#9451=CARTESIAN_POINT('',(-0.1,0.,-0.525));
#9452=CARTESIAN_POINT('',(0.1,0.,-0.525));
#9453=CARTESIAN_POINT('',(0.1,0.,-0.525));
#9454=CARTESIAN_POINT('',(0.1,-0.981532124826824,-0.525));
#9455=CARTESIAN_POINT('',(0.1,0.,-0.525));
#9456=CARTESIAN_POINT('',(-0.1,0.,-0.525));
#9457=CARTESIAN_POINT('',(-0.1,0.,-0.361602540378444));
#9458=CARTESIAN_POINT('',(0.1,0.,-0.361602540378444));
#9459=CARTESIAN_POINT('',(0.1,0.,-0.361602540378444));
#9460=CARTESIAN_POINT('',(0.1,0.,-0.525));
#9461=CARTESIAN_POINT('',(0.1,0.,-0.361602540378444));
#9462=CARTESIAN_POINT('',(-0.1,0.,-0.361602540378444));
#9463=CARTESIAN_POINT('',(-0.1,-0.075,-0.318301270189222));
#9464=CARTESIAN_POINT('',(0.1,-0.075,-0.318301270189222));
#9465=CARTESIAN_POINT('',(0.1,-0.075,-0.318301270189222));
#9466=CARTESIAN_POINT('',(0.1,0.,-0.361602540378444));
#9467=CARTESIAN_POINT('',(0.1,-0.0499999999999999,-0.275));
#9468=CARTESIAN_POINT('',(-0.1,-0.0499999999999999,-0.275));
#9469=CARTESIAN_POINT('',(-0.1,-0.05,-0.225));
#9470=CARTESIAN_POINT('',(0.1,-0.05,-0.225));
#9471=CARTESIAN_POINT('',(0.1,-0.05,-0.225));
#9472=CARTESIAN_POINT('',(0.1,-0.0499999999999999,-0.275));
#9473=CARTESIAN_POINT('',(0.1,-0.05,-0.225));
#9474=CARTESIAN_POINT('',(-0.1,-0.05,-0.225));
#9475=CARTESIAN_POINT('',(-0.1,-0.05,0.075));
#9476=CARTESIAN_POINT('',(0.1,-0.05,0.075));
#9477=CARTESIAN_POINT('',(0.1,-0.05,0.075));
#9478=CARTESIAN_POINT('',(0.1,-0.05,-0.225));
#9479=CARTESIAN_POINT('',(0.1,-0.0499999999999999,0.125));
#9480=CARTESIAN_POINT('',(-0.1,-0.0499999999999999,0.125));
#9481=CARTESIAN_POINT('',(-0.1,-0.075,0.168301270189222));
#9482=CARTESIAN_POINT('',(0.1,-0.075,0.168301270189222));
#9483=CARTESIAN_POINT('',(0.1,-0.075,0.168301270189222));
#9484=CARTESIAN_POINT('',(0.1,-0.0499999999999999,0.125));
#9485=CARTESIAN_POINT('',(0.1,-0.075,0.168301270189222));
#9486=CARTESIAN_POINT('',(-0.1,-0.075,0.168301270189222));
#9487=CARTESIAN_POINT('',(-0.1,0.,0.211602540378444));
#9488=CARTESIAN_POINT('',(0.1,0.,0.211602540378444));
#9489=CARTESIAN_POINT('',(0.1,0.,0.211602540378444));
#9490=CARTESIAN_POINT('',(0.1,-0.075,0.168301270189222));
#9491=CARTESIAN_POINT('',(0.1,0.,0.211602540378444));
#9492=CARTESIAN_POINT('',(-0.1,0.,0.211602540378444));
#9493=CARTESIAN_POINT('',(0.1,0.,0.211602540378444));
#9494=CARTESIAN_POINT('',(0.1,-1.55,0.195));
#9495=CARTESIAN_POINT('',(-0.1,-1.55,0.195));
#9496=CARTESIAN_POINT('',(1.6,4.25,0.975));
#9497=CARTESIAN_POINT('',(-1.6,4.25,0.975));
#9498=MECHANICAL_DESIGN_GEOMETRIC_PRESENTATION_REPRESENTATION('',(#5886,
#5887,#5888,#5889),#9499);
#9499=(
GEOMETRIC_REPRESENTATION_CONTEXT(3)
GLOBAL_UNCERTAINTY_ASSIGNED_CONTEXT((#9504))
GLOBAL_UNIT_ASSIGNED_CONTEXT((#9511,#9510,#9509))
REPRESENTATION_CONTEXT('T1M-02-GF-S-RA-TR','TOP_LEVEL_ASSEMBLY_PART')
);
#9500=(
GEOMETRIC_REPRESENTATION_CONTEXT(3)
GLOBAL_UNCERTAINTY_ASSIGNED_CONTEXT((#9505))
GLOBAL_UNIT_ASSIGNED_CONTEXT((#9511,#9510,#9509))
REPRESENTATION_CONTEXT('T1T1M-02-T-S-RA-TR','COMPONENT_PART')
);
#9501=(
GEOMETRIC_REPRESENTATION_CONTEXT(3)
GLOBAL_UNCERTAINTY_ASSIGNED_CONTEXT((#9506))
GLOBAL_UNIT_ASSIGNED_CONTEXT((#9511,#9510,#9509))
REPRESENTATION_CONTEXT('P2T1M-02-GF-S-RA-TR','COMPONENT_PART')
);
#9502=(
GEOMETRIC_REPRESENTATION_CONTEXT(3)
GLOBAL_UNCERTAINTY_ASSIGNED_CONTEXT((#9507))
GLOBAL_UNIT_ASSIGNED_CONTEXT((#9511,#9510,#9509))
REPRESENTATION_CONTEXT('P22T1M-02-GF-S-RA-TR','COMPONENT_PART')
);
#9503=(
GEOMETRIC_REPRESENTATION_CONTEXT(3)
GLOBAL_UNCERTAINTY_ASSIGNED_CONTEXT((#9508))
GLOBAL_UNIT_ASSIGNED_CONTEXT((#9511,#9510,#9509))
REPRESENTATION_CONTEXT('WT-68-01-X_wt','COMPONENT_PART')
);
#9504=UNCERTAINTY_MEASURE_WITH_UNIT(LENGTH_MEASURE(1.E-5),#9511,
'DISTANCE_ACCURACY_VALUE','Maximum Tolerance applied to model');
#9505=UNCERTAINTY_MEASURE_WITH_UNIT(LENGTH_MEASURE(1.E-5),#9511,
'DISTANCE_ACCURACY_VALUE','Maximum Tolerance applied to model');
#9506=UNCERTAINTY_MEASURE_WITH_UNIT(LENGTH_MEASURE(1.E-5),#9511,
'DISTANCE_ACCURACY_VALUE','Maximum Tolerance applied to model');
#9507=UNCERTAINTY_MEASURE_WITH_UNIT(LENGTH_MEASURE(1.E-5),#9511,
'DISTANCE_ACCURACY_VALUE','Maximum Tolerance applied to model');
#9508=UNCERTAINTY_MEASURE_WITH_UNIT(LENGTH_MEASURE(1.E-5),#9511,
'DISTANCE_ACCURACY_VALUE','Maximum Tolerance applied to model');
#9509=(
NAMED_UNIT(*)
SI_UNIT($,.STERADIAN.)
SOLID_ANGLE_UNIT()
);
#9510=(
NAMED_UNIT(*)
PLANE_ANGLE_UNIT()
SI_UNIT($,.RADIAN.)
);
#9511=(
LENGTH_UNIT()
NAMED_UNIT(*)
SI_UNIT(.MILLI.,.METRE.)
);
#9512=PRODUCT_DEFINITION_SHAPE('','',#9522);
#9513=PRODUCT_DEFINITION_SHAPE('','',#9523);
#9514=PRODUCT_DEFINITION_SHAPE(' ','NAUO PRDDFN',#15);
#9515=PRODUCT_DEFINITION_SHAPE('','',#9524);
#9516=PRODUCT_DEFINITION_SHAPE(' ','NAUO PRDDFN',#16);
#9517=PRODUCT_DEFINITION_SHAPE('','',#9525);
#9518=PRODUCT_DEFINITION_SHAPE(' ','NAUO PRDDFN',#17);
#9519=PRODUCT_DEFINITION_SHAPE('','',#9526);
#9520=PRODUCT_DEFINITION_SHAPE(' ','NAUO PRDDFN',#18);
#9521=PRODUCT_DEFINITION_SHAPE(' ','NAUO PRDDFN',#19);
#9522=PRODUCT_DEFINITION('','',#9532,#9527);
#9523=PRODUCT_DEFINITION('','',#9533,#9528);
#9524=PRODUCT_DEFINITION('','',#9534,#9529);
#9525=PRODUCT_DEFINITION('','',#9535,#9530);
#9526=PRODUCT_DEFINITION('','',#9536,#9531);
#9527=PRODUCT_DEFINITION_CONTEXT('',#9558,'design');
#9528=PRODUCT_DEFINITION_CONTEXT('',#9558,'design');
#9529=PRODUCT_DEFINITION_CONTEXT('',#9558,'design');
#9530=PRODUCT_DEFINITION_CONTEXT('',#9558,'design');
#9531=PRODUCT_DEFINITION_CONTEXT('',#9558,'design');
#9532=PRODUCT_DEFINITION_FORMATION_WITH_SPECIFIED_SOURCE('','',#9542,
 .NOT_KNOWN.);
#9533=PRODUCT_DEFINITION_FORMATION_WITH_SPECIFIED_SOURCE('','',#9543,
 .NOT_KNOWN.);
#9534=PRODUCT_DEFINITION_FORMATION_WITH_SPECIFIED_SOURCE('','',#9544,
 .NOT_KNOWN.);
#9535=PRODUCT_DEFINITION_FORMATION_WITH_SPECIFIED_SOURCE('','',#9545,
 .NOT_KNOWN.);
#9536=PRODUCT_DEFINITION_FORMATION_WITH_SPECIFIED_SOURCE('','',#9546,
 .NOT_KNOWN.);
#9537=PRODUCT_RELATED_PRODUCT_CATEGORY('','',(#9542));
#9538=PRODUCT_RELATED_PRODUCT_CATEGORY('','',(#9543));
#9539=PRODUCT_RELATED_PRODUCT_CATEGORY('','',(#9544));
#9540=PRODUCT_RELATED_PRODUCT_CATEGORY('','',(#9545));
#9541=PRODUCT_RELATED_PRODUCT_CATEGORY('','',(#9546));
#9542=PRODUCT('T1M-02-GF-S-RA-TR','T1M-02-GF-S-RA-TR',
'T1M-02-GF-S-RA-TR',(#9552));
#9543=PRODUCT('T1T1M-02-T-S-RA-TR','T1T1M-02-T-S-RA-TR',
'T1T1M-02-T-S-RA-TR',(#9553));
#9544=PRODUCT('P2T1M-02-GF-S-RA-TR','P2T1M-02-GF-S-RA-TR',
'P2T1M-02-GF-S-RA-TR',(#9554));
#9545=PRODUCT('P22T1M-02-GF-S-RA-TR','P22T1M-02-GF-S-RA-TR',
'P22T1M-02-GF-S-RA-TR',(#9555));
#9546=PRODUCT('WT-68-01-X_wt','WT-68-01-X_wt','WT-68-01-X_wt',(#9556));
#9547=PRODUCT_CATEGORY('','');
#9548=PRODUCT_CATEGORY('','');
#9549=PRODUCT_CATEGORY('','');
#9550=PRODUCT_CATEGORY('','');
#9551=PRODUCT_CATEGORY('','');
#9552=PRODUCT_CONTEXT('',#9558,'mechanical');
#9553=PRODUCT_CONTEXT('',#9558,'mechanical');
#9554=PRODUCT_CONTEXT('',#9558,'mechanical');
#9555=PRODUCT_CONTEXT('',#9558,'mechanical');
#9556=PRODUCT_CONTEXT('',#9558,'mechanical');
#9557=APPLICATION_PROTOCOL_DEFINITION('international standard',
'ap242_managed_model_based_3d_engineering',2011,#9558);
#9558=APPLICATION_CONTEXT('managed model based 3d engineering');
ENDSEC;
END-ISO-10303-21;
