solid PARTassembly
   facet normal 0.0000 -1.0000 0.0000
      outer loop
         vertex -0.9000 0.0000 -0.5500
         vertex -0.9000 0.0000 0.0000
         vertex -1.5000 0.0000 0.0500
      endloop
   endfacet
   facet normal 0.0000 -1.0000 0.0000
      outer loop
         vertex -1.5000 0.0000 0.0500
         vertex -0.9000 0.0000 0.0000
         vertex -0.7125 0.0000 0.6000
      endloop
   endfacet
   facet normal 0.0000 -1.0000 0.0000
      outer loop
         vertex -1.5000 0.0000 0.0500
         vertex -0.7125 0.0000 0.6000
         vertex -2.0000 0.0000 0.0500
      endloop
   endfacet
   facet normal 0.0000 -1.0000 0.0000
      outer loop
         vertex -2.0000 0.0000 0.0500
         vertex -0.7125 0.0000 0.6000
         vertex -0.9000 0.0000 0.6000
      endloop
   endfacet
   facet normal 0.0000 -1.0000 0.0000
      outer loop
         vertex -2.0000 0.0000 0.0500
         vertex -0.9000 0.0000 0.6000
         vertex -2.0000 0.0000 1.3500
      endloop
   endfacet
   facet normal 0.0000 -1.0000 0.0000
      outer loop
         vertex -2.0000 0.0000 1.3500
         vertex -0.9000 0.0000 0.6000
         vertex -0.9000 0.0000 0.7000
      endloop
   endfacet
   facet normal 0.0000 -1.0000 0.0000
      outer loop
         vertex -2.0000 0.0000 1.3500
         vertex -0.9000 0.0000 0.7000
         vertex -0.9000 0.0000 1.1000
      endloop
   endfacet
   facet normal 0.0000 -1.0000 0.0000
      outer loop
         vertex -0.7125 0.0000 -0.7500
         vertex -0.7125 0.0000 -0.5500
         vertex -0.9000 0.0000 -0.5500
      endloop
   endfacet
   facet normal 0.0000 -1.0000 0.0000
      outer loop
         vertex -0.7125 0.0000 -0.7500
         vertex -0.9000 0.0000 -0.5500
         vertex -1.5000 0.0000 0.0500
      endloop
   endfacet
   facet normal 0.0000 -1.0000 0.0000
      outer loop
         vertex -0.7125 0.0000 -0.7500
         vertex -1.5000 0.0000 0.0500
         vertex -1.5000 0.0000 -1.1000
      endloop
   endfacet
   facet normal 0.0000 -1.0000 0.0000
      outer loop
         vertex -0.7125 0.0000 -0.7500
         vertex -1.5000 0.0000 -1.1000
         vertex -0.2875 0.0000 -0.7500
      endloop
   endfacet
   facet normal 0.0000 -1.0000 0.0000
      outer loop
         vertex 0.7125 0.0000 -0.7500
         vertex 0.2875 0.0000 -0.7500
         vertex -1.5000 0.0000 -1.1000
      endloop
   endfacet
   facet normal 0.0000 -1.0000 0.0000
      outer loop
         vertex 0.7125 0.0000 -0.7500
         vertex -1.5000 0.0000 -1.1000
         vertex -0.9000 0.0000 -1.1000
      endloop
   endfacet
   facet normal 0.0000 -1.0000 0.0000
      outer loop
         vertex 0.7125 0.0000 -0.7500
         vertex -0.9000 0.0000 -1.1000
         vertex 0.9000 0.0000 -1.1000
      endloop
   endfacet
   facet normal 0.0000 -1.0000 0.0000
      outer loop
         vertex 0.7125 0.0000 -0.7500
         vertex 0.9000 0.0000 -1.1000
         vertex 1.5000 0.0000 0.0500
      endloop
   endfacet
   facet normal 0.0000 -1.0000 0.0000
      outer loop
         vertex 0.7125 0.0000 -0.7500
         vertex 1.5000 0.0000 0.0500
         vertex 0.9000 0.0000 -0.5500
      endloop
   endfacet
   facet normal 0.0000 -1.0000 0.0000
      outer loop
         vertex 0.7125 0.0000 -0.7500
         vertex 0.9000 0.0000 -0.5500
         vertex 0.7125 0.0000 -0.5500
      endloop
   endfacet
   facet normal 0.0000 -1.0000 0.0000
      outer loop
         vertex -0.2875 0.0000 -0.7500
         vertex -1.5000 0.0000 -1.1000
         vertex 0.2875 0.0000 -0.7500
      endloop
   endfacet
   facet normal 0.0000 -1.0000 0.0000
      outer loop
         vertex -0.2875 0.0000 -0.7500
         vertex 0.2875 0.0000 -0.7500
         vertex 0.2875 0.0000 -0.5500
      endloop
   endfacet
   facet normal 0.0000 -1.0000 0.0000
      outer loop
         vertex -0.2875 0.0000 -0.7500
         vertex 0.2875 0.0000 -0.5500
         vertex -0.2875 0.0000 -0.5500
      endloop
   endfacet
   facet normal 0.0000 -1.0000 0.0000
      outer loop
         vertex -0.9000 0.0000 1.1000
         vertex -0.7125 0.0000 1.1000
         vertex -0.7125 0.0000 1.3500
      endloop
   endfacet
   facet normal 0.0000 -1.0000 0.0000
      outer loop
         vertex -0.9000 0.0000 1.1000
         vertex -0.7125 0.0000 1.3500
         vertex -2.0000 0.0000 1.3500
      endloop
   endfacet
   facet normal 0.0000 -1.0000 0.0000
      outer loop
         vertex 1.5000 0.0000 0.0500
         vertex 2.0000 0.0000 0.0500
         vertex 2.0000 0.0000 1.3500
      endloop
   endfacet
   facet normal 0.0000 -1.0000 0.0000
      outer loop
         vertex 1.5000 0.0000 0.0500
         vertex 2.0000 0.0000 1.3500
         vertex 0.9000 0.0000 0.6000
      endloop
   endfacet
   facet normal 0.0000 -1.0000 0.0000
      outer loop
         vertex 1.5000 0.0000 0.0500
         vertex 0.9000 0.0000 0.6000
         vertex 0.7125 0.0000 0.6000
      endloop
   endfacet
   facet normal 0.0000 -1.0000 0.0000
      outer loop
         vertex 1.5000 0.0000 0.0500
         vertex 0.7125 0.0000 0.6000
         vertex 0.7125 0.0000 0.0000
      endloop
   endfacet
   facet normal 0.0000 -1.0000 0.0000
      outer loop
         vertex 1.5000 0.0000 0.0500
         vertex 0.7125 0.0000 0.0000
         vertex 0.9000 0.0000 0.0000
      endloop
   endfacet
   facet normal 0.0000 -1.0000 0.0000
      outer loop
         vertex 1.5000 0.0000 0.0500
         vertex 0.9000 0.0000 0.0000
         vertex 0.9000 0.0000 -0.5500
      endloop
   endfacet
   facet normal 0.0000 -1.0000 0.0000
      outer loop
         vertex 2.0000 0.0000 1.3500
         vertex 0.7125 0.0000 1.3500
         vertex 0.7125 0.0000 1.1000
      endloop
   endfacet
   facet normal 0.0000 -1.0000 0.0000
      outer loop
         vertex 2.0000 0.0000 1.3500
         vertex 0.7125 0.0000 1.1000
         vertex 0.9000 0.0000 1.1000
      endloop
   endfacet
   facet normal 0.0000 -1.0000 0.0000
      outer loop
         vertex 2.0000 0.0000 1.3500
         vertex 0.9000 0.0000 1.1000
         vertex 0.9000 0.0000 0.7000
      endloop
   endfacet
   facet normal 0.0000 -1.0000 0.0000
      outer loop
         vertex 2.0000 0.0000 1.3500
         vertex 0.9000 0.0000 0.7000
         vertex 0.9000 0.0000 0.6000
      endloop
   endfacet
   facet normal 0.0000 -1.0000 0.0000
      outer loop
         vertex 1.5000 0.0000 0.0500
         vertex 0.9000 0.0000 -1.1000
         vertex 1.5000 0.0000 -1.1000
      endloop
   endfacet
   facet normal 0.0000 -1.0000 0.0000
      outer loop
         vertex -0.7125 0.0000 0.6000
         vertex -0.9000 0.0000 0.0000
         vertex -0.7125 0.0000 0.0000
      endloop
   endfacet
   facet normal 0.0000 -1.0000 0.0000
      outer loop
         vertex 0.2875 0.0000 0.6000
         vertex -0.2875 0.0000 0.6000
         vertex -0.2875 0.0000 0.0000
      endloop
   endfacet
   facet normal 0.0000 -1.0000 0.0000
      outer loop
         vertex 0.2875 0.0000 0.6000
         vertex -0.2875 0.0000 0.0000
         vertex 0.2875 0.0000 0.0000
      endloop
   endfacet
   facet normal 0.0000 -1.0000 0.0000
      outer loop
         vertex 0.2875 0.0000 1.3500
         vertex -0.2875 0.0000 1.3500
         vertex -0.2875 0.0000 1.1000
      endloop
   endfacet
   facet normal 0.0000 -1.0000 0.0000
      outer loop
         vertex 0.2875 0.0000 1.3500
         vertex -0.2875 0.0000 1.1000
         vertex -0.1000 0.0000 1.1000
      endloop
   endfacet
   facet normal 0.0000 -1.0000 0.0000
      outer loop
         vertex 0.2875 0.0000 1.3500
         vertex -0.1000 0.0000 1.1000
         vertex 0.1000 0.0000 1.1000
      endloop
   endfacet
   facet normal 0.0000 -1.0000 0.0000
      outer loop
         vertex 0.2875 0.0000 1.3500
         vertex 0.1000 0.0000 1.1000
         vertex 0.2875 0.0000 1.1000
      endloop
   endfacet
   facet normal 0.0000 1.0000 0.0000
      outer loop
         vertex 2.0000 4.2500 0.4500
         vertex 2.0000 4.2500 0.1000
         vertex 1.5000 4.2500 0.4500
      endloop
   endfacet
   facet normal 0.0000 1.0000 0.0000
      outer loop
         vertex 1.5000 4.2500 0.4500
         vertex 2.0000 4.2500 0.1000
         vertex 1.9000 4.2500 0.1000
      endloop
   endfacet
   facet normal 0.0000 1.0000 0.0000
      outer loop
         vertex 1.5000 4.2500 0.4500
         vertex 1.9000 4.2500 0.1000
         vertex 1.6500 4.2500 0.1000
      endloop
   endfacet
   facet normal 0.0000 1.0000 0.0000
      outer loop
         vertex 1.6500 4.2500 0.1000
         vertex 1.9000 4.2500 0.1000
         vertex 1.9000 4.2500 -0.6000
      endloop
   endfacet
   facet normal 0.0000 1.0000 0.0000
      outer loop
         vertex 1.6500 4.2500 0.1000
         vertex 1.9000 4.2500 -0.6000
         vertex 1.6500 4.2500 -0.6000
      endloop
   endfacet
   facet normal 0.0000 1.0000 0.0000
      outer loop
         vertex 1.6500 4.2500 -0.6000
         vertex 1.9000 4.2500 -0.6000
         vertex 1.2500 4.2500 -1.1000
      endloop
   endfacet
   facet normal 0.0000 1.0000 0.0000
      outer loop
         vertex 1.6500 4.2500 -0.6000
         vertex 1.2500 4.2500 -1.1000
         vertex 1.2500 4.2500 -0.6000
      endloop
   endfacet
   facet normal 0.0000 1.0000 0.0000
      outer loop
         vertex -1.5000 4.2500 1.3500
         vertex -1.2500 4.2500 1.3500
         vertex 1.2500 4.2500 1.1000
      endloop
   endfacet
   facet normal 0.0000 1.0000 0.0000
      outer loop
         vertex -1.5000 4.2500 1.3500
         vertex 1.2500 4.2500 1.1000
         vertex 0.9000 4.2500 1.1000
      endloop
   endfacet
   facet normal 0.0000 1.0000 0.0000
      outer loop
         vertex -1.5000 4.2500 1.3500
         vertex 0.9000 4.2500 1.1000
         vertex 0.1000 4.2500 1.1000
      endloop
   endfacet
   facet normal 0.0000 1.0000 0.0000
      outer loop
         vertex -1.5000 4.2500 1.3500
         vertex 0.1000 4.2500 1.1000
         vertex -0.1000 4.2500 1.1000
      endloop
   endfacet
   facet normal 0.0000 1.0000 0.0000
      outer loop
         vertex -1.5000 4.2500 1.3500
         vertex -0.1000 4.2500 1.1000
         vertex -0.9000 4.2500 1.1000
      endloop
   endfacet
   facet normal 0.0000 1.0000 0.0000
      outer loop
         vertex -1.5000 4.2500 1.3500
         vertex -0.9000 4.2500 1.1000
         vertex -1.2500 4.2500 1.1000
      endloop
   endfacet
   facet normal 0.0000 1.0000 0.0000
      outer loop
         vertex -1.5000 4.2500 1.3500
         vertex -1.2500 4.2500 1.1000
         vertex -1.5000 4.2500 0.4500
      endloop
   endfacet
   facet normal 0.0000 1.0000 0.0000
      outer loop
         vertex 1.2500 4.2500 1.3500
         vertex 1.5000 4.2500 1.3500
         vertex 1.2500 4.2500 1.1000
      endloop
   endfacet
   facet normal 0.0000 1.0000 0.0000
      outer loop
         vertex 1.2500 4.2500 1.3500
         vertex 1.2500 4.2500 1.1000
         vertex -1.2500 4.2500 1.3500
      endloop
   endfacet
   facet normal 0.0000 1.0000 0.0000
      outer loop
         vertex 1.2500 4.2500 1.3500
         vertex -1.2500 4.2500 1.3500
         vertex -1.2500 4.2500 1.4500
      endloop
   endfacet
   facet normal 0.0000 1.0000 0.0000
      outer loop
         vertex 1.2500 4.2500 1.3500
         vertex -1.2500 4.2500 1.4500
         vertex 1.2500 4.2500 1.4500
      endloop
   endfacet
   facet normal 0.0000 1.0000 0.0000
      outer loop
         vertex 1.5000 4.2500 0.4500
         vertex 1.6500 4.2500 0.1000
         vertex 1.2500 4.2500 0.1000
      endloop
   endfacet
   facet normal 0.0000 1.0000 0.0000
      outer loop
         vertex 1.5000 4.2500 0.4500
         vertex 1.2500 4.2500 0.1000
         vertex 1.2500 4.2500 1.1000
      endloop
   endfacet
   facet normal 0.0000 1.0000 0.0000
      outer loop
         vertex 1.5000 4.2500 0.4500
         vertex 1.2500 4.2500 1.1000
         vertex 1.5000 4.2500 1.3500
      endloop
   endfacet
   facet normal 0.0000 1.0000 0.0000
      outer loop
         vertex -1.2500 4.2500 0.1000
         vertex -1.6500 4.2500 0.1000
         vertex -2.0000 4.2500 0.4500
      endloop
   endfacet
   facet normal 0.0000 1.0000 0.0000
      outer loop
         vertex -1.2500 4.2500 0.1000
         vertex -2.0000 4.2500 0.4500
         vertex -1.5000 4.2500 0.4500
      endloop
   endfacet
   facet normal 0.0000 1.0000 0.0000
      outer loop
         vertex -1.2500 4.2500 0.1000
         vertex -1.5000 4.2500 0.4500
         vertex -1.2500 4.2500 1.1000
      endloop
   endfacet
   facet normal 0.0000 1.0000 0.0000
      outer loop
         vertex 1.9000 4.2500 -0.6000
         vertex 2.0000 4.2500 -0.6000
         vertex 1.2500 4.2500 -1.1000
      endloop
   endfacet
   facet normal 0.0000 1.0000 0.0000
      outer loop
         vertex 1.2500 4.2500 -1.1000
         vertex 2.0000 4.2500 -0.6000
         vertex 2.0000 4.2500 -1.4500
      endloop
   endfacet
   facet normal 0.0000 1.0000 0.0000
      outer loop
         vertex 1.2500 4.2500 -1.1000
         vertex 2.0000 4.2500 -1.4500
         vertex -1.2500 4.2500 -1.1000
      endloop
   endfacet
   facet normal 0.0000 1.0000 0.0000
      outer loop
         vertex -1.2500 4.2500 -1.1000
         vertex 2.0000 4.2500 -1.4500
         vertex -2.0000 4.2500 -1.4500
      endloop
   endfacet
   facet normal 0.0000 1.0000 0.0000
      outer loop
         vertex -1.2500 4.2500 -1.1000
         vertex -2.0000 4.2500 -1.4500
         vertex -1.6500 4.2500 -0.6000
      endloop
   endfacet
   facet normal 0.0000 1.0000 0.0000
      outer loop
         vertex -1.6500 4.2500 -0.6000
         vertex -2.0000 4.2500 -1.4500
         vertex -2.0000 4.2500 0.4500
      endloop
   endfacet
   facet normal 0.0000 1.0000 0.0000
      outer loop
         vertex -1.6500 4.2500 -0.6000
         vertex -2.0000 4.2500 0.4500
         vertex -1.6500 4.2500 0.1000
      endloop
   endfacet
   facet normal 0.0000 1.0000 0.0000
      outer loop
         vertex -1.2500 4.2500 -0.6000
         vertex -1.2500 4.2500 -1.1000
         vertex -1.6500 4.2500 -0.6000
      endloop
   endfacet
   facet normal 1.0000 0.0000 0.0000
      outer loop
         vertex 0.1000 1.2500 1.1000
         vertex 0.1000 0.2000 1.1000
         vertex 0.1000 0.2000 0.7000
      endloop
   endfacet
   facet normal 1.0000 0.0000 0.0000
      outer loop
         vertex 0.1000 1.2500 1.1000
         vertex 0.1000 0.2000 0.7000
         vertex 0.1000 1.2500 0.7000
      endloop
   endfacet
   facet normal 0.0000 0.0000 1.0000
      outer loop
         vertex -0.6125 1.2500 0.5600
         vertex -0.6125 0.5000 0.5600
         vertex -0.3875 0.5000 0.5600
      endloop
   endfacet
   facet normal 0.0000 0.0000 1.0000
      outer loop
         vertex -0.6125 1.2500 0.5600
         vertex -0.3875 0.5000 0.5600
         vertex -0.3875 1.2500 0.5600
      endloop
   endfacet
   facet normal 0.0000 0.0000 1.0000
      outer loop
         vertex -1.2500 4.2500 -0.6000
         vertex -1.6500 4.2500 -0.6000
         vertex -1.6500 1.6000 -0.6000
      endloop
   endfacet
   facet normal 0.0000 0.0000 1.0000
      outer loop
         vertex -1.2500 4.2500 -0.6000
         vertex -1.6500 1.6000 -0.6000
         vertex -1.2500 1.6000 -0.6000
      endloop
   endfacet
   facet normal 0.0000 0.0000 1.0000
      outer loop
         vertex -0.6125 1.2500 -0.6000
         vertex -0.6125 0.5000 -0.6000
         vertex -0.3875 0.5000 -0.6000
      endloop
   endfacet
   facet normal 0.0000 0.0000 1.0000
      outer loop
         vertex -0.6125 1.2500 -0.6000
         vertex -0.3875 0.5000 -0.6000
         vertex -0.3875 1.2500 -0.6000
      endloop
   endfacet
   facet normal 0.0000 0.0000 -1.0000
      outer loop
         vertex 0.9000 0.7000 -1.4500
         vertex -0.9000 0.7000 -1.4500
         vertex -0.4000 2.4500 -1.4500
      endloop
   endfacet
   facet normal 0.0000 0.0000 -1.0000
      outer loop
         vertex 0.9000 0.7000 -1.4500
         vertex -0.4000 2.4500 -1.4500
         vertex 0.4000 2.4500 -1.4500
      endloop
   endfacet
   facet normal 0.0000 0.0000 -1.0000
      outer loop
         vertex 0.9000 0.7000 -1.4500
         vertex 0.4000 2.4500 -1.4500
         vertex 2.0000 4.2500 -1.4500
      endloop
   endfacet
   facet normal 0.0000 0.0000 -1.0000
      outer loop
         vertex 0.9000 0.7000 -1.4500
         vertex 2.0000 4.2500 -1.4500
         vertex 1.5000 1.0000 -1.4500
      endloop
   endfacet
   facet normal 0.0000 0.0000 -1.0000
      outer loop
         vertex 0.9000 0.7000 -1.4500
         vertex 1.5000 1.0000 -1.4500
         vertex 1.5000 0.7000 -1.4500
      endloop
   endfacet
   facet normal 0.0000 0.0000 -1.0000
      outer loop
         vertex -2.0000 1.0000 -1.4500
         vertex -2.0000 4.2500 -1.4500
         vertex -0.4000 3.2500 -1.4500
      endloop
   endfacet
   facet normal 0.0000 0.0000 -1.0000
      outer loop
         vertex -0.4000 3.2500 -1.4500
         vertex -2.0000 4.2500 -1.4500
         vertex 2.0000 4.2500 -1.4500
      endloop
   endfacet
   facet normal 0.0000 0.0000 -1.0000
      outer loop
         vertex -0.4000 3.2500 -1.4500
         vertex 2.0000 4.2500 -1.4500
         vertex 0.4000 3.2500 -1.4500
      endloop
   endfacet
   facet normal 0.0000 0.0000 -1.0000
      outer loop
         vertex 0.4000 3.2500 -1.4500
         vertex 2.0000 4.2500 -1.4500
         vertex 0.4000 2.4500 -1.4500
      endloop
   endfacet
   facet normal 0.0000 0.0000 -1.0000
      outer loop
         vertex -0.4000 3.2500 -1.4500
         vertex -0.4000 2.4500 -1.4500
         vertex -0.9000 0.7000 -1.4500
      endloop
   endfacet
   facet normal 0.0000 0.0000 -1.0000
      outer loop
         vertex -0.4000 3.2500 -1.4500
         vertex -0.9000 0.7000 -1.4500
         vertex -1.5000 0.7000 -1.4500
      endloop
   endfacet
   facet normal 0.0000 0.0000 -1.0000
      outer loop
         vertex -0.4000 3.2500 -1.4500
         vertex -1.5000 0.7000 -1.4500
         vertex -1.5000 1.0000 -1.4500
      endloop
   endfacet
   facet normal 0.0000 0.0000 -1.0000
      outer loop
         vertex -0.4000 3.2500 -1.4500
         vertex -1.5000 1.0000 -1.4500
         vertex -2.0000 1.0000 -1.4500
      endloop
   endfacet
   facet normal 0.0000 0.0000 -1.0000
      outer loop
         vertex 1.5000 1.0000 -1.4500
         vertex 2.0000 4.2500 -1.4500
         vertex 2.0000 1.0000 -1.4500
      endloop
   endfacet
   facet normal 0.0000 1.0000 0.0000
      outer loop
         vertex -1.2500 1.2500 -1.1000
         vertex -0.6125 1.2500 -0.6000
         vertex 1.2500 1.2500 -1.1000
      endloop
   endfacet
   facet normal 0.0000 1.0000 0.0000
      outer loop
         vertex 1.2500 1.2500 -1.1000
         vertex -0.6125 1.2500 -0.6000
         vertex -0.3875 1.2500 -0.6000
      endloop
   endfacet
   facet normal 0.0000 1.0000 0.0000
      outer loop
         vertex 1.2500 1.2500 -1.1000
         vertex -0.3875 1.2500 -0.6000
         vertex 0.3875 1.2500 -0.6000
      endloop
   endfacet
   facet normal 0.0000 1.0000 0.0000
      outer loop
         vertex 0.3875 1.2500 -0.6000
         vertex -0.3875 1.2500 -0.6000
         vertex -0.3875 1.2500 -0.1600
      endloop
   endfacet
   facet normal 0.0000 1.0000 0.0000
      outer loop
         vertex 0.3875 1.2500 -0.6000
         vertex -0.3875 1.2500 -0.1600
         vertex 0.3875 1.2500 -0.1600
      endloop
   endfacet
   facet normal 0.0000 1.0000 0.0000
      outer loop
         vertex 0.3875 1.2500 -0.1600
         vertex -0.3875 1.2500 -0.1600
         vertex -0.9000 1.2500 0.7000
      endloop
   endfacet
   facet normal 0.0000 1.0000 0.0000
      outer loop
         vertex 0.3875 1.2500 -0.1600
         vertex -0.9000 1.2500 0.7000
         vertex 0.6125 1.2500 -0.1600
      endloop
   endfacet
   facet normal 0.0000 1.0000 0.0000
      outer loop
         vertex 0.6125 1.2500 -0.1600
         vertex -0.9000 1.2500 0.7000
         vertex -0.6125 1.2500 0.5600
      endloop
   endfacet
   facet normal 0.0000 1.0000 0.0000
      outer loop
         vertex 0.6125 1.2500 -0.1600
         vertex -0.6125 1.2500 0.5600
         vertex -0.3875 1.2500 0.5600
      endloop
   endfacet
   facet normal 0.0000 1.0000 0.0000
      outer loop
         vertex 1.2500 1.2500 1.1000
         vertex 1.2500 1.2500 -1.1000
         vertex 0.6125 1.2500 -0.6000
      endloop
   endfacet
   facet normal 0.0000 1.0000 0.0000
      outer loop
         vertex 1.2500 1.2500 1.1000
         vertex 0.6125 1.2500 -0.6000
         vertex 0.6125 1.2500 -0.1600
      endloop
   endfacet
   facet normal 0.0000 1.0000 0.0000
      outer loop
         vertex 1.2500 1.2500 1.1000
         vertex 0.6125 1.2500 -0.1600
         vertex 0.9000 1.2500 0.7000
      endloop
   endfacet
   facet normal 0.0000 1.0000 0.0000
      outer loop
         vertex 1.2500 1.2500 1.1000
         vertex 0.9000 1.2500 0.7000
         vertex 0.9000 1.2500 1.1000
      endloop
   endfacet
   facet normal 0.0000 1.0000 0.0000
      outer loop
         vertex 0.6125 1.2500 0.7000
         vertex 0.9000 1.2500 0.7000
         vertex 0.6125 1.2500 0.5600
      endloop
   endfacet
   facet normal 0.0000 1.0000 0.0000
      outer loop
         vertex 0.6125 1.2500 0.5600
         vertex 0.9000 1.2500 0.7000
         vertex 0.6125 1.2500 -0.1600
      endloop
   endfacet
   facet normal 0.0000 1.0000 0.0000
      outer loop
         vertex 0.6125 1.2500 0.5600
         vertex 0.6125 1.2500 -0.1600
         vertex 0.3875 1.2500 0.5600
      endloop
   endfacet
   facet normal 0.0000 1.0000 0.0000
      outer loop
         vertex 0.3875 1.2500 0.5600
         vertex 0.6125 1.2500 -0.1600
         vertex -0.3875 1.2500 0.5600
      endloop
   endfacet
   facet normal 0.0000 1.0000 0.0000
      outer loop
         vertex 0.3875 1.2500 0.5600
         vertex -0.3875 1.2500 0.5600
         vertex -0.3875 1.2500 0.7000
      endloop
   endfacet
   facet normal 0.0000 1.0000 0.0000
      outer loop
         vertex 0.1000 1.2500 0.7000
         vertex 0.3875 1.2500 0.7000
         vertex 0.3875 1.2500 0.5600
      endloop
   endfacet
   facet normal 0.0000 1.0000 0.0000
      outer loop
         vertex 0.1000 1.2500 0.7000
         vertex 0.3875 1.2500 0.5600
         vertex -0.1000 1.2500 0.7000
      endloop
   endfacet
   facet normal 0.0000 1.0000 0.0000
      outer loop
         vertex 0.1000 1.2500 0.7000
         vertex -0.1000 1.2500 0.7000
         vertex -0.1000 1.2500 1.1000
      endloop
   endfacet
   facet normal 0.0000 1.0000 0.0000
      outer loop
         vertex 0.1000 1.2500 0.7000
         vertex -0.1000 1.2500 1.1000
         vertex 0.1000 1.2500 1.1000
      endloop
   endfacet
   facet normal 0.0000 1.0000 0.0000
      outer loop
         vertex -1.2500 1.2500 1.1000
         vertex -0.9000 1.2500 1.1000
         vertex -0.9000 1.2500 0.7000
      endloop
   endfacet
   facet normal 0.0000 1.0000 0.0000
      outer loop
         vertex -1.2500 1.2500 1.1000
         vertex -0.9000 1.2500 0.7000
         vertex -0.3875 1.2500 -0.1600
      endloop
   endfacet
   facet normal 0.0000 1.0000 0.0000
      outer loop
         vertex -1.2500 1.2500 1.1000
         vertex -0.3875 1.2500 -0.1600
         vertex -0.6125 1.2500 -0.1600
      endloop
   endfacet
   facet normal 0.0000 1.0000 0.0000
      outer loop
         vertex -1.2500 1.2500 1.1000
         vertex -0.6125 1.2500 -0.1600
         vertex -0.6125 1.2500 -0.6000
      endloop
   endfacet
   facet normal 0.0000 1.0000 0.0000
      outer loop
         vertex -1.2500 1.2500 1.1000
         vertex -0.6125 1.2500 -0.6000
         vertex -1.2500 1.2500 -1.1000
      endloop
   endfacet
   facet normal 0.0000 1.0000 0.0000
      outer loop
         vertex -0.6125 1.2500 0.7000
         vertex -0.6125 1.2500 0.5600
         vertex -0.9000 1.2500 0.7000
      endloop
   endfacet
   facet normal 0.0000 1.0000 0.0000
      outer loop
         vertex 0.3875 1.2500 0.5600
         vertex -0.3875 1.2500 0.7000
         vertex -0.1000 1.2500 0.7000
      endloop
   endfacet
   facet normal 0.0000 1.0000 0.0000
      outer loop
         vertex 0.6125 1.2500 -0.6000
         vertex 1.2500 1.2500 -1.1000
         vertex 0.3875 1.2500 -0.6000
      endloop
   endfacet
   facet normal -1.0000 0.0000 0.0000
      outer loop
         vertex -1.5000 0.7500 -0.9500
         vertex -1.5000 0.7500 -0.2500
         vertex -1.5000 1.0000 -0.2500
      endloop
   endfacet
   facet normal -1.0000 0.0000 0.0000
      outer loop
         vertex -1.5000 0.7500 -0.9500
         vertex -1.5000 1.0000 -0.2500
         vertex -1.5000 1.0000 -0.9500
      endloop
   endfacet
   facet normal -1.0000 0.0000 0.0000
      outer loop
         vertex -1.5000 0.7500 -0.9500
         vertex -1.5000 1.0000 -0.9500
         vertex -1.5000 1.0000 -1.4500
      endloop
   endfacet
   facet normal -1.0000 0.0000 0.0000
      outer loop
         vertex -1.5000 0.7500 -0.9500
         vertex -1.5000 1.0000 -1.4500
         vertex -1.5000 0.7000 -1.4500
      endloop
   endfacet
   facet normal -1.0000 0.0000 0.0000
      outer loop
         vertex -1.5000 0.7500 -0.9500
         vertex -1.5000 0.7000 -1.4500
         vertex -1.5000 0.7000 -1.1000
      endloop
   endfacet
   facet normal -1.0000 0.0000 0.0000
      outer loop
         vertex -1.5000 0.7500 -0.9500
         vertex -1.5000 0.7000 -1.1000
         vertex -1.5000 0.5000 -0.9500
      endloop
   endfacet
   facet normal -1.0000 0.0000 0.0000
      outer loop
         vertex -1.5000 0.5000 -0.9500
         vertex -1.5000 0.7000 -1.1000
         vertex -1.5000 0.0000 -1.1000
      endloop
   endfacet
   facet normal -1.0000 0.0000 0.0000
      outer loop
         vertex -1.5000 0.5000 -0.9500
         vertex -1.5000 0.0000 -1.1000
         vertex -1.5000 0.3000 0.0500
      endloop
   endfacet
   facet normal -1.0000 0.0000 0.0000
      outer loop
         vertex -1.5000 0.5000 -0.9500
         vertex -1.5000 0.3000 0.0500
         vertex -1.5000 0.5000 0.0500
      endloop
   endfacet
   facet normal -1.0000 0.0000 0.0000
      outer loop
         vertex -1.5000 0.3000 0.0500
         vertex -1.5000 0.0000 -1.1000
         vertex -1.5000 0.0000 0.0500
      endloop
   endfacet
   facet normal 0.0000 -1.0000 0.0000
      outer loop
         vertex -0.9000 0.7000 -1.1000
         vertex -1.5000 0.7000 -1.1000
         vertex -1.5000 0.7000 -1.4500
      endloop
   endfacet
   facet normal 0.0000 -1.0000 0.0000
      outer loop
         vertex -0.9000 0.7000 -1.1000
         vertex -1.5000 0.7000 -1.4500
         vertex -0.9000 0.7000 -1.4500
      endloop
   endfacet
   facet normal 0.0000 0.0000 -1.0000
      outer loop
         vertex -0.9000 0.0000 -1.1000
         vertex -1.5000 0.0000 -1.1000
         vertex -1.5000 0.7000 -1.1000
      endloop
   endfacet
   facet normal 0.0000 0.0000 -1.0000
      outer loop
         vertex -0.9000 0.0000 -1.1000
         vertex -1.5000 0.7000 -1.1000
         vertex -0.9000 0.7000 -1.1000
      endloop
   endfacet
   facet normal 0.0000 0.0000 -1.0000
      outer loop
         vertex -0.9000 0.7000 -1.1000
         vertex 0.9000 0.7000 -1.1000
         vertex 0.9000 0.0000 -1.1000
      endloop
   endfacet
   facet normal 0.0000 0.0000 -1.0000
      outer loop
         vertex -0.9000 0.7000 -1.1000
         vertex 0.9000 0.0000 -1.1000
         vertex -0.9000 0.0000 -1.1000
      endloop
   endfacet
   facet normal 0.0000 0.0000 1.0000
      outer loop
         vertex -0.6125 0.1000 -0.7500
         vertex -0.7125 0.0000 -0.7500
         vertex -0.2875 0.0000 -0.7500
      endloop
   endfacet
   facet normal 0.0000 0.0000 1.0000
      outer loop
         vertex -0.6125 0.1000 -0.7500
         vertex -0.2875 0.0000 -0.7500
         vertex -0.3875 0.1000 -0.7500
      endloop
   endfacet
   facet normal 0.0000 0.0000 1.0000
      outer loop
         vertex -0.6125 0.1000 -0.7500
         vertex -0.3875 0.1000 -0.7500
         vertex -0.3875 0.5000 -0.7500
      endloop
   endfacet
   facet normal 0.0000 0.0000 1.0000
      outer loop
         vertex -0.6125 0.1000 -0.7500
         vertex -0.3875 0.5000 -0.7500
         vertex -0.6125 0.5000 -0.7500
      endloop
   endfacet
   facet normal -1.0000 0.0000 0.0000
      outer loop
         vertex -0.3875 0.1000 -0.6000
         vertex -0.3875 0.5000 -0.6000
         vertex -0.3875 0.5000 -0.7500
      endloop
   endfacet
   facet normal -1.0000 0.0000 0.0000
      outer loop
         vertex -0.3875 0.1000 -0.6000
         vertex -0.3875 0.5000 -0.7500
         vertex -0.3875 0.1000 -0.7500
      endloop
   endfacet
   facet normal -0.7071 -0.7071 0.0000
      outer loop
         vertex -0.2875 0.0000 -0.7500
         vertex -0.2875 0.0000 -0.5500
         vertex -0.3875 0.1000 -0.5500
      endloop
   endfacet
   facet normal -0.7071 -0.7071 0.0000
      outer loop
         vertex -0.2875 0.0000 -0.7500
         vertex -0.3875 0.1000 -0.5500
         vertex -0.3875 0.1000 -0.6000
      endloop
   endfacet
   facet normal -0.7071 -0.7071 0.0000
      outer loop
         vertex -0.2875 0.0000 -0.7500
         vertex -0.3875 0.1000 -0.6000
         vertex -0.3875 0.1000 -0.7500
      endloop
   endfacet
   facet normal 0.7071 -0.7071 0.0000
      outer loop
         vertex -0.7125 0.0000 -0.5500
         vertex -0.7125 0.0000 -0.7500
         vertex -0.6125 0.1000 -0.7500
      endloop
   endfacet
   facet normal 0.7071 -0.7071 0.0000
      outer loop
         vertex -0.7125 0.0000 -0.5500
         vertex -0.6125 0.1000 -0.7500
         vertex -0.6125 0.1000 -0.6000
      endloop
   endfacet
   facet normal 0.7071 -0.7071 0.0000
      outer loop
         vertex -0.7125 0.0000 -0.5500
         vertex -0.6125 0.1000 -0.6000
         vertex -0.6125 0.1000 -0.5500
      endloop
   endfacet
   facet normal 1.0000 0.0000 0.0000
      outer loop
         vertex -0.6125 0.5000 -0.6000
         vertex -0.6125 0.1000 -0.6000
         vertex -0.6125 0.1000 -0.7500
      endloop
   endfacet
   facet normal 1.0000 0.0000 0.0000
      outer loop
         vertex -0.6125 0.5000 -0.6000
         vertex -0.6125 0.1000 -0.7500
         vertex -0.6125 0.5000 -0.7500
      endloop
   endfacet
   facet normal 0.0000 -1.0000 0.0000
      outer loop
         vertex -0.3875 0.5000 -0.6000
         vertex -0.6125 0.5000 -0.6000
         vertex -0.6125 0.5000 -0.7500
      endloop
   endfacet
   facet normal 0.0000 -1.0000 0.0000
      outer loop
         vertex -0.3875 0.5000 -0.6000
         vertex -0.6125 0.5000 -0.7500
         vertex -0.3875 0.5000 -0.7500
      endloop
   endfacet
   facet normal 0.0000 -1.0000 0.0000
      outer loop
         vertex 0.9000 0.7000 -1.1000
         vertex -0.9000 0.7000 -1.1000
         vertex -0.9000 0.7000 -1.4500
      endloop
   endfacet
   facet normal 0.0000 -1.0000 0.0000
      outer loop
         vertex 0.9000 0.7000 -1.1000
         vertex -0.9000 0.7000 -1.4500
         vertex 0.9000 0.7000 -1.4500
      endloop
   endfacet
   facet normal 0.0000 -1.0000 0.0000
      outer loop
         vertex -1.7000 1.0000 -0.2500
         vertex -1.7000 1.0000 -0.9500
         vertex -1.5000 1.0000 -0.9500
      endloop
   endfacet
   facet normal 0.0000 -1.0000 0.0000
      outer loop
         vertex -1.7000 1.0000 -0.2500
         vertex -1.5000 1.0000 -0.9500
         vertex -1.5000 1.0000 -0.2500
      endloop
   endfacet
   facet normal 0.0000 -1.0000 0.0000
      outer loop
         vertex -2.0000 1.0000 -1.4500
         vertex -1.5000 1.0000 -1.4500
         vertex -1.5000 1.0000 -0.9500
      endloop
   endfacet
   facet normal 0.0000 -1.0000 0.0000
      outer loop
         vertex -2.0000 1.0000 -1.4500
         vertex -1.5000 1.0000 -0.9500
         vertex -1.7000 1.0000 -0.9500
      endloop
   endfacet
   facet normal 0.0000 -1.0000 0.0000
      outer loop
         vertex -2.0000 1.0000 -1.4500
         vertex -1.7000 1.0000 -0.9500
         vertex -2.0000 1.0000 -0.9500
      endloop
   endfacet
   facet normal 0.0000 -1.0000 0.0000
      outer loop
         vertex -2.0000 0.5000 -0.9500
         vertex -1.5000 0.5000 -0.9500
         vertex -1.5000 0.5000 0.0500
      endloop
   endfacet
   facet normal 0.0000 -1.0000 0.0000
      outer loop
         vertex -2.0000 0.5000 -0.9500
         vertex -1.5000 0.5000 0.0500
         vertex -1.7000 0.5000 0.0500
      endloop
   endfacet
   facet normal 0.0000 -1.0000 0.0000
      outer loop
         vertex -2.0000 0.5000 -0.9500
         vertex -1.7000 0.5000 0.0500
         vertex -2.0000 0.5000 0.0500
      endloop
   endfacet
   facet normal 0.0000 0.0000 -1.0000
      outer loop
         vertex -2.0000 1.0000 -0.9500
         vertex -1.7000 1.0000 -0.9500
         vertex -2.0000 0.5000 -0.9500
      endloop
   endfacet
   facet normal 0.0000 0.0000 -1.0000
      outer loop
         vertex -2.0000 0.5000 -0.9500
         vertex -1.7000 1.0000 -0.9500
         vertex -1.7000 0.7500 -0.9500
      endloop
   endfacet
   facet normal 0.0000 0.0000 -1.0000
      outer loop
         vertex -2.0000 0.5000 -0.9500
         vertex -1.7000 0.7500 -0.9500
         vertex -1.5000 0.5000 -0.9500
      endloop
   endfacet
   facet normal 0.0000 0.0000 -1.0000
      outer loop
         vertex -1.5000 0.5000 -0.9500
         vertex -1.7000 0.7500 -0.9500
         vertex -1.5000 0.7500 -0.9500
      endloop
   endfacet
   facet normal 1.0000 0.0000 0.0000
      outer loop
         vertex -1.7000 0.7500 -0.2500
         vertex -1.7000 0.7500 -0.9500
         vertex -1.7000 1.0000 -0.9500
      endloop
   endfacet
   facet normal 1.0000 0.0000 0.0000
      outer loop
         vertex -1.7000 0.7500 -0.2500
         vertex -1.7000 1.0000 -0.9500
         vertex -1.7000 1.0000 -0.2500
      endloop
   endfacet
   facet normal 0.0000 1.0000 0.0000
      outer loop
         vertex -1.7000 0.7500 -0.9500
         vertex -1.7000 0.7500 -0.2500
         vertex -1.5000 0.7500 -0.2500
      endloop
   endfacet
   facet normal 0.0000 1.0000 0.0000
      outer loop
         vertex -1.7000 0.7500 -0.9500
         vertex -1.5000 0.7500 -0.2500
         vertex -1.5000 0.7500 -0.9500
      endloop
   endfacet
   facet normal 0.0000 0.0000 1.0000
      outer loop
         vertex 1.2500 4.2500 -1.1000
         vertex -1.2500 4.2500 -1.1000
         vertex -1.2500 1.2500 -1.1000
      endloop
   endfacet
   facet normal 0.0000 0.0000 1.0000
      outer loop
         vertex 1.2500 4.2500 -1.1000
         vertex -1.2500 1.2500 -1.1000
         vertex 1.2500 1.2500 -1.1000
      endloop
   endfacet
   facet normal -1.0000 0.0000 0.0000
      outer loop
         vertex -0.4000 2.5170 -1.7000
         vertex -0.4000 2.4500 -1.4500
         vertex -0.4000 3.2500 -1.4500
      endloop
   endfacet
   facet normal -1.0000 0.0000 0.0000
      outer loop
         vertex -0.4000 2.5170 -1.7000
         vertex -0.4000 3.2500 -1.4500
         vertex -0.4000 3.0000 -1.7000
      endloop
   endfacet
   facet normal 0.0000 0.7071 -0.7071
      outer loop
         vertex 0.4000 3.0000 -1.7000
         vertex -0.4000 3.0000 -1.7000
         vertex -0.4000 3.2500 -1.4500
      endloop
   endfacet
   facet normal 0.0000 0.7071 -0.7071
      outer loop
         vertex 0.4000 3.0000 -1.7000
         vertex -0.4000 3.2500 -1.4500
         vertex 0.4000 3.2500 -1.4500
      endloop
   endfacet
   facet normal 0.0000 0.0000 -1.0000
      outer loop
         vertex -0.4000 3.0000 -1.7000
         vertex 0.4000 3.0000 -1.7000
         vertex 0.4000 2.5170 -1.7000
      endloop
   endfacet
   facet normal 0.0000 0.0000 -1.0000
      outer loop
         vertex -0.4000 3.0000 -1.7000
         vertex 0.4000 2.5170 -1.7000
         vertex -0.4000 2.5170 -1.7000
      endloop
   endfacet
   facet normal 0.0000 -0.9659 -0.2588
      outer loop
         vertex -0.4000 2.5170 -1.7000
         vertex 0.4000 2.5170 -1.7000
         vertex 0.4000 2.4500 -1.4500
      endloop
   endfacet
   facet normal 0.0000 -0.9659 -0.2588
      outer loop
         vertex -0.4000 2.5170 -1.7000
         vertex 0.4000 2.4500 -1.4500
         vertex -0.4000 2.4500 -1.4500
      endloop
   endfacet
   facet normal 1.0000 0.0000 0.0000
      outer loop
         vertex -0.6125 0.2000 0.0000
         vertex -0.6125 0.2000 -0.1600
         vertex -0.6125 0.5000 -0.1600
      endloop
   endfacet
   facet normal 1.0000 0.0000 0.0000
      outer loop
         vertex -0.6125 0.2000 0.0000
         vertex -0.6125 0.5000 -0.1600
         vertex -0.6125 0.5000 0.5600
      endloop
   endfacet
   facet normal 1.0000 0.0000 0.0000
      outer loop
         vertex -0.6125 0.2000 0.0000
         vertex -0.6125 0.5000 0.5600
         vertex -0.6125 0.1000 0.5600
      endloop
   endfacet
   facet normal 1.0000 0.0000 0.0000
      outer loop
         vertex -0.6125 0.2000 0.0000
         vertex -0.6125 0.1000 0.5600
         vertex -0.6125 0.1000 0.0000
      endloop
   endfacet
   facet normal 1.0000 0.0000 0.0000
      outer loop
         vertex -0.6125 0.5000 -0.1600
         vertex -0.6125 0.2000 -0.1600
         vertex -0.6125 0.5000 -0.6000
      endloop
   endfacet
   facet normal 1.0000 0.0000 0.0000
      outer loop
         vertex -0.6125 0.5000 -0.1600
         vertex -0.6125 0.5000 -0.6000
         vertex -0.6125 1.2500 -0.6000
      endloop
   endfacet
   facet normal 1.0000 0.0000 0.0000
      outer loop
         vertex -0.6125 0.5000 -0.1600
         vertex -0.6125 1.2500 -0.6000
         vertex -0.6125 1.2500 -0.1600
      endloop
   endfacet
   facet normal 1.0000 0.0000 0.0000
      outer loop
         vertex -0.6125 0.5000 -0.6000
         vertex -0.6125 0.2000 -0.1600
         vertex -0.6125 0.2000 -0.5500
      endloop
   endfacet
   facet normal 1.0000 0.0000 0.0000
      outer loop
         vertex -0.6125 0.5000 -0.6000
         vertex -0.6125 0.2000 -0.5500
         vertex -0.6125 0.1000 -0.5500
      endloop
   endfacet
   facet normal 1.0000 0.0000 0.0000
      outer loop
         vertex -0.6125 0.5000 -0.6000
         vertex -0.6125 0.1000 -0.5500
         vertex -0.6125 0.1000 -0.6000
      endloop
   endfacet
   facet normal -1.0000 0.0000 0.0000
      outer loop
         vertex -1.5000 0.3000 0.0500
         vertex -1.5000 0.3000 0.7500
         vertex -1.5000 0.5000 0.7500
      endloop
   endfacet
   facet normal -1.0000 0.0000 0.0000
      outer loop
         vertex -1.5000 0.3000 0.0500
         vertex -1.5000 0.5000 0.7500
         vertex -1.5000 0.5000 0.0500
      endloop
   endfacet
   facet normal 1.0000 0.0000 0.0000
      outer loop
         vertex -0.9000 0.2000 0.0000
         vertex -0.9000 0.0000 0.0000
         vertex -0.9000 0.0000 -0.5500
      endloop
   endfacet
   facet normal 1.0000 0.0000 0.0000
      outer loop
         vertex -0.9000 0.2000 0.0000
         vertex -0.9000 0.0000 -0.5500
         vertex -0.9000 0.2000 -0.5500
      endloop
   endfacet
   facet normal 0.0000 0.0000 -1.0000
      outer loop
         vertex -0.9000 0.0000 0.0000
         vertex -0.9000 0.2000 0.0000
         vertex -0.6125 0.2000 0.0000
      endloop
   endfacet
   facet normal 0.0000 0.0000 -1.0000
      outer loop
         vertex -0.9000 0.0000 0.0000
         vertex -0.6125 0.2000 0.0000
         vertex -0.6125 0.1000 0.0000
      endloop
   endfacet
   facet normal 0.0000 0.0000 -1.0000
      outer loop
         vertex -0.9000 0.0000 0.0000
         vertex -0.6125 0.1000 0.0000
         vertex -0.7125 0.0000 0.0000
      endloop
   endfacet
   facet normal 0.7071 -0.7071 0.0000
      outer loop
         vertex -0.7125 0.0000 0.6000
         vertex -0.7125 0.0000 0.0000
         vertex -0.6125 0.1000 0.0000
      endloop
   endfacet
   facet normal 0.7071 -0.7071 0.0000
      outer loop
         vertex -0.7125 0.0000 0.6000
         vertex -0.6125 0.1000 0.0000
         vertex -0.6125 0.1000 0.5600
      endloop
   endfacet
   facet normal 0.7071 -0.7071 0.0000
      outer loop
         vertex -0.7125 0.0000 0.6000
         vertex -0.6125 0.1000 0.5600
         vertex -0.6125 0.1000 0.6000
      endloop
   endfacet
   facet normal 0.0000 -1.0000 0.0000
      outer loop
         vertex -0.6125 0.2000 -0.1600
         vertex -0.6125 0.2000 0.0000
         vertex -0.9000 0.2000 0.0000
      endloop
   endfacet
   facet normal 0.0000 -1.0000 0.0000
      outer loop
         vertex -0.6125 0.2000 -0.1600
         vertex -0.9000 0.2000 0.0000
         vertex -0.9000 0.2000 -0.5500
      endloop
   endfacet
   facet normal 0.0000 -1.0000 0.0000
      outer loop
         vertex -0.6125 0.2000 -0.1600
         vertex -0.9000 0.2000 -0.5500
         vertex -0.6125 0.2000 -0.5500
      endloop
   endfacet
   facet normal 0.0000 0.0000 1.0000
      outer loop
         vertex -0.9000 0.2000 -0.5500
         vertex -0.9000 0.0000 -0.5500
         vertex -0.7125 0.0000 -0.5500
      endloop
   endfacet
   facet normal 0.0000 0.0000 1.0000
      outer loop
         vertex -0.9000 0.2000 -0.5500
         vertex -0.7125 0.0000 -0.5500
         vertex -0.6125 0.1000 -0.5500
      endloop
   endfacet
   facet normal 0.0000 0.0000 1.0000
      outer loop
         vertex -0.9000 0.2000 -0.5500
         vertex -0.6125 0.1000 -0.5500
         vertex -0.6125 0.2000 -0.5500
      endloop
   endfacet
   facet normal 0.0000 0.0000 -1.0000
      outer loop
         vertex -2.0000 0.5000 0.0500
         vertex -1.7000 0.5000 0.0500
         vertex -2.0000 0.0000 0.0500
      endloop
   endfacet
   facet normal 0.0000 0.0000 -1.0000
      outer loop
         vertex -2.0000 0.0000 0.0500
         vertex -1.7000 0.5000 0.0500
         vertex -1.7000 0.3000 0.0500
      endloop
   endfacet
   facet normal 0.0000 0.0000 -1.0000
      outer loop
         vertex -2.0000 0.0000 0.0500
         vertex -1.7000 0.3000 0.0500
         vertex -1.5000 0.0000 0.0500
      endloop
   endfacet
   facet normal 0.0000 0.0000 -1.0000
      outer loop
         vertex -1.5000 0.0000 0.0500
         vertex -1.7000 0.3000 0.0500
         vertex -1.5000 0.3000 0.0500
      endloop
   endfacet
   facet normal 1.0000 0.0000 0.0000
      outer loop
         vertex -1.7000 0.3000 0.7500
         vertex -1.7000 0.3000 0.0500
         vertex -1.7000 0.5000 0.0500
      endloop
   endfacet
   facet normal 1.0000 0.0000 0.0000
      outer loop
         vertex -1.7000 0.3000 0.7500
         vertex -1.7000 0.5000 0.0500
         vertex -1.7000 0.5000 0.7500
      endloop
   endfacet
   facet normal 0.0000 -1.0000 0.0000
      outer loop
         vertex -1.5000 0.5000 0.0500
         vertex -1.5000 0.5000 0.7500
         vertex -1.7000 0.5000 0.7500
      endloop
   endfacet
   facet normal 0.0000 -1.0000 0.0000
      outer loop
         vertex -1.5000 0.5000 0.0500
         vertex -1.7000 0.5000 0.7500
         vertex -1.7000 0.5000 0.0500
      endloop
   endfacet
   facet normal 0.0000 1.0000 0.0000
      outer loop
         vertex -1.5000 0.3000 0.7500
         vertex -1.5000 0.3000 0.0500
         vertex -1.7000 0.3000 0.0500
      endloop
   endfacet
   facet normal 0.0000 1.0000 0.0000
      outer loop
         vertex -1.5000 0.3000 0.7500
         vertex -1.7000 0.3000 0.0500
         vertex -1.7000 0.3000 0.7500
      endloop
   endfacet
   facet normal 0.0000 0.0000 -1.0000
      outer loop
         vertex -1.7000 0.7500 -0.2500
         vertex -1.7000 1.0000 -0.2500
         vertex -1.5000 1.0000 -0.2500
      endloop
   endfacet
   facet normal 0.0000 0.0000 -1.0000
      outer loop
         vertex -1.7000 0.7500 -0.2500
         vertex -1.5000 1.0000 -0.2500
         vertex -1.5000 0.7500 -0.2500
      endloop
   endfacet
   facet normal 1.0000 0.0000 0.0000
      outer loop
         vertex -1.2500 4.2500 0.1000
         vertex -1.2500 4.2500 1.1000
         vertex -1.2500 1.6000 0.1000
      endloop
   endfacet
   facet normal 1.0000 0.0000 0.0000
      outer loop
         vertex -1.2500 1.6000 0.1000
         vertex -1.2500 4.2500 1.1000
         vertex -1.2500 1.2500 1.1000
      endloop
   endfacet
   facet normal 1.0000 0.0000 0.0000
      outer loop
         vertex -1.2500 1.6000 0.1000
         vertex -1.2500 1.2500 1.1000
         vertex -1.2500 1.6000 -0.6000
      endloop
   endfacet
   facet normal 1.0000 0.0000 0.0000
      outer loop
         vertex -1.2500 1.6000 -0.6000
         vertex -1.2500 1.2500 1.1000
         vertex -1.2500 1.2500 -1.1000
      endloop
   endfacet
   facet normal 1.0000 0.0000 0.0000
      outer loop
         vertex -1.2500 1.6000 -0.6000
         vertex -1.2500 1.2500 -1.1000
         vertex -1.2500 4.2500 -1.1000
      endloop
   endfacet
   facet normal 1.0000 0.0000 0.0000
      outer loop
         vertex -1.2500 1.6000 -0.6000
         vertex -1.2500 4.2500 -1.1000
         vertex -1.2500 4.2500 -0.6000
      endloop
   endfacet
   facet normal 0.0000 1.0000 0.0000
      outer loop
         vertex -1.2500 1.6000 -0.6000
         vertex -1.6500 1.6000 -0.6000
         vertex -1.6500 1.6000 0.1000
      endloop
   endfacet
   facet normal 0.0000 1.0000 0.0000
      outer loop
         vertex -1.2500 1.6000 -0.6000
         vertex -1.6500 1.6000 0.1000
         vertex -1.2500 1.6000 0.1000
      endloop
   endfacet
   facet normal 1.0000 0.0000 0.0000
      outer loop
         vertex -1.6500 4.2500 -0.6000
         vertex -1.6500 4.2500 0.1000
         vertex -1.6500 1.6000 0.1000
      endloop
   endfacet
   facet normal 1.0000 0.0000 0.0000
      outer loop
         vertex -1.6500 4.2500 -0.6000
         vertex -1.6500 1.6000 0.1000
         vertex -1.6500 1.6000 -0.6000
      endloop
   endfacet
   facet normal 0.0000 1.0000 0.0000
      outer loop
         vertex -2.0000 3.7500 0.9500
         vertex -1.5000 3.7500 0.9500
         vertex -1.5000 3.7500 0.7000
      endloop
   endfacet
   facet normal 0.0000 1.0000 0.0000
      outer loop
         vertex -2.0000 3.7500 0.9500
         vertex -1.5000 3.7500 0.7000
         vertex -1.7000 3.7500 0.7000
      endloop
   endfacet
   facet normal 0.0000 1.0000 0.0000
      outer loop
         vertex -2.0000 3.7500 0.9500
         vertex -1.7000 3.7500 0.7000
         vertex -1.7000 3.7500 0.4500
      endloop
   endfacet
   facet normal 0.0000 1.0000 0.0000
      outer loop
         vertex -2.0000 3.7500 0.9500
         vertex -1.7000 3.7500 0.4500
         vertex -2.0000 3.7500 0.4500
      endloop
   endfacet
   facet normal 1.0000 0.0000 0.0000
      outer loop
         vertex -1.7000 3.0500 0.7000
         vertex -1.7000 3.0500 0.4500
         vertex -1.7000 3.7500 0.4500
      endloop
   endfacet
   facet normal 1.0000 0.0000 0.0000
      outer loop
         vertex -1.7000 3.0500 0.7000
         vertex -1.7000 3.7500 0.4500
         vertex -1.7000 3.7500 0.7000
      endloop
   endfacet
   facet normal 0.0000 0.0000 1.0000
      outer loop
         vertex -1.7000 3.0500 0.4500
         vertex -1.5000 3.0500 0.4500
         vertex -1.5000 3.7500 0.4500
      endloop
   endfacet
   facet normal 0.0000 0.0000 1.0000
      outer loop
         vertex -1.7000 3.0500 0.4500
         vertex -1.5000 3.7500 0.4500
         vertex -1.7000 3.7500 0.4500
      endloop
   endfacet
   facet normal 0.0000 1.0000 0.0000
      outer loop
         vertex -1.5000 3.0500 0.4500
         vertex -1.7000 3.0500 0.4500
         vertex -1.7000 3.0500 0.7000
      endloop
   endfacet
   facet normal 0.0000 1.0000 0.0000
      outer loop
         vertex -1.5000 3.0500 0.4500
         vertex -1.7000 3.0500 0.7000
         vertex -1.5000 3.0500 0.7000
      endloop
   endfacet
   facet normal 0.0000 0.0000 1.0000
      outer loop
         vertex -1.7000 3.7500 0.4500
         vertex -1.5000 3.7500 0.4500
         vertex -1.5000 4.2500 0.4500
      endloop
   endfacet
   facet normal 0.0000 0.0000 1.0000
      outer loop
         vertex -1.7000 3.7500 0.4500
         vertex -1.5000 4.2500 0.4500
         vertex -2.0000 4.2500 0.4500
      endloop
   endfacet
   facet normal 0.0000 0.0000 1.0000
      outer loop
         vertex -1.7000 3.7500 0.4500
         vertex -2.0000 4.2500 0.4500
         vertex -2.0000 3.7500 0.4500
      endloop
   endfacet
   facet normal 0.0000 0.0000 -1.0000
      outer loop
         vertex -1.6500 4.2500 0.1000
         vertex -1.2500 4.2500 0.1000
         vertex -1.2500 1.6000 0.1000
      endloop
   endfacet
   facet normal 0.0000 0.0000 -1.0000
      outer loop
         vertex -1.6500 4.2500 0.1000
         vertex -1.2500 1.6000 0.1000
         vertex -1.6500 1.6000 0.1000
      endloop
   endfacet
   facet normal -1.0000 0.0000 0.0000
      outer loop
         vertex -1.5000 3.0500 0.4500
         vertex -1.5000 3.0500 0.7000
         vertex -1.5000 3.7500 0.7000
      endloop
   endfacet
   facet normal -1.0000 0.0000 0.0000
      outer loop
         vertex -1.5000 3.0500 0.4500
         vertex -1.5000 3.7500 0.7000
         vertex -1.5000 3.7500 0.4500
      endloop
   endfacet
   facet normal -1.0000 0.0000 0.0000
      outer loop
         vertex -1.5000 4.2500 1.3500
         vertex -1.5000 4.2500 0.4500
         vertex -1.5000 3.7500 0.4500
      endloop
   endfacet
   facet normal -1.0000 0.0000 0.0000
      outer loop
         vertex -1.5000 4.2500 1.3500
         vertex -1.5000 3.7500 0.4500
         vertex -1.5000 3.7500 0.7000
      endloop
   endfacet
   facet normal -1.0000 0.0000 0.0000
      outer loop
         vertex -1.5000 4.2500 1.3500
         vertex -1.5000 3.7500 0.7000
         vertex -1.5000 3.7500 0.9500
      endloop
   endfacet
   facet normal -1.0000 0.0000 0.0000
      outer loop
         vertex -1.5000 4.2500 1.3500
         vertex -1.5000 3.7500 0.9500
         vertex -1.5000 2.7500 0.9500
      endloop
   endfacet
   facet normal -1.0000 0.0000 0.0000
      outer loop
         vertex -1.5000 4.2500 1.3500
         vertex -1.5000 2.7500 0.9500
         vertex -1.5000 2.7500 1.1500
      endloop
   endfacet
   facet normal -1.0000 0.0000 0.0000
      outer loop
         vertex -1.5000 4.2500 1.3500
         vertex -1.5000 2.7500 1.1500
         vertex -1.5000 2.7500 1.3500
      endloop
   endfacet
   facet normal 0.0000 0.0000 -1.0000
      outer loop
         vertex -0.6125 0.5000 -0.1600
         vertex -0.6125 1.2500 -0.1600
         vertex -0.3875 1.2500 -0.1600
      endloop
   endfacet
   facet normal 0.0000 0.0000 -1.0000
      outer loop
         vertex -0.6125 0.5000 -0.1600
         vertex -0.3875 1.2500 -0.1600
         vertex -0.3875 0.5000 -0.1600
      endloop
   endfacet
   facet normal 0.0000 0.0000 -1.0000
      outer loop
         vertex -0.3875 0.2000 0.0000
         vertex 0.3875 0.2000 0.0000
         vertex 0.3875 0.1000 0.0000
      endloop
   endfacet
   facet normal 0.0000 0.0000 -1.0000
      outer loop
         vertex -0.3875 0.2000 0.0000
         vertex 0.3875 0.1000 0.0000
         vertex 0.2875 0.0000 0.0000
      endloop
   endfacet
   facet normal 0.0000 0.0000 -1.0000
      outer loop
         vertex -0.3875 0.2000 0.0000
         vertex 0.2875 0.0000 0.0000
         vertex -0.2875 0.0000 0.0000
      endloop
   endfacet
   facet normal 0.0000 0.0000 -1.0000
      outer loop
         vertex -0.3875 0.2000 0.0000
         vertex -0.2875 0.0000 0.0000
         vertex -0.3875 0.1000 0.0000
      endloop
   endfacet
   facet normal -1.0000 0.0000 0.0000
      outer loop
         vertex -0.3875 0.5000 0.5600
         vertex -0.3875 0.5000 -0.1600
         vertex -0.3875 0.2000 -0.1600
      endloop
   endfacet
   facet normal -1.0000 0.0000 0.0000
      outer loop
         vertex -0.3875 0.5000 0.5600
         vertex -0.3875 0.2000 -0.1600
         vertex -0.3875 0.2000 0.0000
      endloop
   endfacet
   facet normal -1.0000 0.0000 0.0000
      outer loop
         vertex -0.3875 0.5000 0.5600
         vertex -0.3875 0.2000 0.0000
         vertex -0.3875 0.1000 0.0000
      endloop
   endfacet
   facet normal -1.0000 0.0000 0.0000
      outer loop
         vertex -0.3875 0.5000 0.5600
         vertex -0.3875 0.1000 0.0000
         vertex -0.3875 0.1000 0.5600
      endloop
   endfacet
   facet normal -0.7071 -0.7071 0.0000
      outer loop
         vertex -0.2875 0.0000 0.0000
         vertex -0.2875 0.0000 0.6000
         vertex -0.3875 0.1000 0.6000
      endloop
   endfacet
   facet normal -0.7071 -0.7071 0.0000
      outer loop
         vertex -0.2875 0.0000 0.0000
         vertex -0.3875 0.1000 0.6000
         vertex -0.3875 0.1000 0.5600
      endloop
   endfacet
   facet normal -0.7071 -0.7071 0.0000
      outer loop
         vertex -0.2875 0.0000 0.0000
         vertex -0.3875 0.1000 0.5600
         vertex -0.3875 0.1000 0.0000
      endloop
   endfacet
   facet normal 0.0000 -1.0000 0.0000
      outer loop
         vertex -0.3875 0.5000 -0.1600
         vertex -0.3875 0.5000 0.5600
         vertex -0.6125 0.5000 0.5600
      endloop
   endfacet
   facet normal 0.0000 -1.0000 0.0000
      outer loop
         vertex -0.3875 0.5000 -0.1600
         vertex -0.6125 0.5000 0.5600
         vertex -0.6125 0.5000 -0.1600
      endloop
   endfacet
   facet normal 0.0000 -1.0000 0.0000
      outer loop
         vertex -0.3875 0.2000 -0.1600
         vertex -0.3875 0.2000 -0.5500
         vertex 0.3875 0.2000 -0.1600
      endloop
   endfacet
   facet normal 0.0000 -1.0000 0.0000
      outer loop
         vertex -0.3875 0.2000 -0.1600
         vertex 0.3875 0.2000 -0.1600
         vertex 0.3875 0.2000 0.0000
      endloop
   endfacet
   facet normal 0.0000 -1.0000 0.0000
      outer loop
         vertex -0.3875 0.2000 -0.1600
         vertex 0.3875 0.2000 0.0000
         vertex -0.3875 0.2000 0.0000
      endloop
   endfacet
   facet normal 0.0000 -1.0000 0.0000
      outer loop
         vertex 0.3875 0.2000 -0.1600
         vertex -0.3875 0.2000 -0.5500
         vertex 0.3875 0.2000 -0.5500
      endloop
   endfacet
   facet normal -1.0000 0.0000 0.0000
      outer loop
         vertex -0.3875 0.5000 -0.6000
         vertex -0.3875 0.1000 -0.6000
         vertex -0.3875 0.2000 -0.5500
      endloop
   endfacet
   facet normal -1.0000 0.0000 0.0000
      outer loop
         vertex -0.3875 0.5000 -0.6000
         vertex -0.3875 0.2000 -0.5500
         vertex -0.3875 0.5000 -0.1600
      endloop
   endfacet
   facet normal -1.0000 0.0000 0.0000
      outer loop
         vertex -0.3875 0.5000 -0.6000
         vertex -0.3875 0.5000 -0.1600
         vertex -0.3875 1.2500 -0.1600
      endloop
   endfacet
   facet normal -1.0000 0.0000 0.0000
      outer loop
         vertex -0.3875 0.5000 -0.6000
         vertex -0.3875 1.2500 -0.1600
         vertex -0.3875 1.2500 -0.6000
      endloop
   endfacet
   facet normal -1.0000 0.0000 0.0000
      outer loop
         vertex -0.3875 0.5000 -0.1600
         vertex -0.3875 0.2000 -0.5500
         vertex -0.3875 0.2000 -0.1600
      endloop
   endfacet
   facet normal -1.0000 0.0000 0.0000
      outer loop
         vertex -0.3875 0.2000 -0.5500
         vertex -0.3875 0.1000 -0.6000
         vertex -0.3875 0.1000 -0.5500
      endloop
   endfacet
   facet normal 0.0000 0.0000 1.0000
      outer loop
         vertex 0.3875 0.2000 -0.5500
         vertex -0.3875 0.2000 -0.5500
         vertex -0.3875 0.1000 -0.5500
      endloop
   endfacet
   facet normal 0.0000 0.0000 1.0000
      outer loop
         vertex 0.3875 0.2000 -0.5500
         vertex -0.3875 0.1000 -0.5500
         vertex -0.2875 0.0000 -0.5500
      endloop
   endfacet
   facet normal 0.0000 0.0000 1.0000
      outer loop
         vertex 0.3875 0.2000 -0.5500
         vertex -0.2875 0.0000 -0.5500
         vertex 0.2875 0.0000 -0.5500
      endloop
   endfacet
   facet normal 0.0000 0.0000 1.0000
      outer loop
         vertex 0.3875 0.2000 -0.5500
         vertex 0.2875 0.0000 -0.5500
         vertex 0.3875 0.1000 -0.5500
      endloop
   endfacet
   facet normal 1.0000 0.0000 0.0000
      outer loop
         vertex -0.6125 0.1000 1.3500
         vertex -0.6125 0.1000 1.1000
         vertex -0.6125 0.5000 1.1000
      endloop
   endfacet
   facet normal 1.0000 0.0000 0.0000
      outer loop
         vertex -0.6125 0.1000 1.3500
         vertex -0.6125 0.5000 1.1000
         vertex -0.6125 0.5000 1.3500
      endloop
   endfacet
   facet normal 1.0000 0.0000 0.0000
      outer loop
         vertex -0.6125 0.5000 0.5600
         vertex -0.6125 1.2500 0.5600
         vertex -0.6125 1.2500 0.7000
      endloop
   endfacet
   facet normal 1.0000 0.0000 0.0000
      outer loop
         vertex -0.6125 0.5000 0.5600
         vertex -0.6125 1.2500 0.7000
         vertex -0.6125 0.2000 0.7000
      endloop
   endfacet
   facet normal 1.0000 0.0000 0.0000
      outer loop
         vertex -0.6125 0.5000 0.5600
         vertex -0.6125 0.2000 0.7000
         vertex -0.6125 0.2000 0.6000
      endloop
   endfacet
   facet normal 1.0000 0.0000 0.0000
      outer loop
         vertex -0.6125 0.5000 0.5600
         vertex -0.6125 0.2000 0.6000
         vertex -0.6125 0.1000 0.6000
      endloop
   endfacet
   facet normal 1.0000 0.0000 0.0000
      outer loop
         vertex -0.6125 0.5000 0.5600
         vertex -0.6125 0.1000 0.6000
         vertex -0.6125 0.1000 0.5600
      endloop
   endfacet
   facet normal -1.0000 0.0000 0.0000
      outer loop
         vertex -2.0000 1.0000 -0.9500
         vertex -2.0000 2.7500 1.3500
         vertex -2.0000 1.0000 -1.4500
      endloop
   endfacet
   facet normal -1.0000 0.0000 0.0000
      outer loop
         vertex -2.0000 1.0000 -1.4500
         vertex -2.0000 2.7500 1.3500
         vertex -2.0000 2.7500 0.9500
      endloop
   endfacet
   facet normal -1.0000 0.0000 0.0000
      outer loop
         vertex -2.0000 1.0000 -1.4500
         vertex -2.0000 2.7500 0.9500
         vertex -2.0000 4.2500 -1.4500
      endloop
   endfacet
   facet normal -1.0000 0.0000 0.0000
      outer loop
         vertex -2.0000 4.2500 -1.4500
         vertex -2.0000 2.7500 0.9500
         vertex -2.0000 3.7500 0.4500
      endloop
   endfacet
   facet normal -1.0000 0.0000 0.0000
      outer loop
         vertex -2.0000 4.2500 -1.4500
         vertex -2.0000 3.7500 0.4500
         vertex -2.0000 4.2500 0.4500
      endloop
   endfacet
   facet normal -1.0000 0.0000 0.0000
      outer loop
         vertex -2.0000 2.7500 1.3500
         vertex -2.0000 1.0000 -0.9500
         vertex -2.0000 0.5000 -0.9500
      endloop
   endfacet
   facet normal -1.0000 0.0000 0.0000
      outer loop
         vertex -2.0000 2.7500 1.3500
         vertex -2.0000 0.5000 -0.9500
         vertex -2.0000 0.5000 0.0500
      endloop
   endfacet
   facet normal -1.0000 0.0000 0.0000
      outer loop
         vertex -2.0000 2.7500 1.3500
         vertex -2.0000 0.5000 0.0500
         vertex -2.0000 0.0000 0.0500
      endloop
   endfacet
   facet normal -1.0000 0.0000 0.0000
      outer loop
         vertex -2.0000 2.7500 1.3500
         vertex -2.0000 0.0000 0.0500
         vertex -2.0000 0.0000 1.3500
      endloop
   endfacet
   facet normal -1.0000 0.0000 0.0000
      outer loop
         vertex -2.0000 3.7500 0.4500
         vertex -2.0000 2.7500 0.9500
         vertex -2.0000 3.7500 0.9500
      endloop
   endfacet
   facet normal 0.0000 0.0000 -1.0000
      outer loop
         vertex -1.2500 1.2500 1.1000
         vertex -1.2500 4.2500 1.1000
         vertex -0.9000 4.2500 1.1000
      endloop
   endfacet
   facet normal 0.0000 0.0000 -1.0000
      outer loop
         vertex -1.2500 1.2500 1.1000
         vertex -0.9000 4.2500 1.1000
         vertex -0.9000 1.2500 1.1000
      endloop
   endfacet
   facet normal 0.0000 0.0000 -1.0000
      outer loop
         vertex -0.3875 0.1000 1.1000
         vertex -0.3875 0.5000 1.1000
         vertex -0.3250 1.7500 1.1000
      endloop
   endfacet
   facet normal 0.0000 0.0000 -1.0000
      outer loop
         vertex -0.3250 1.7500 1.1000
         vertex -0.3875 0.5000 1.1000
         vertex -0.6125 0.5000 1.1000
      endloop
   endfacet
   facet normal 0.0000 0.0000 -1.0000
      outer loop
         vertex -0.3250 1.7500 1.1000
         vertex -0.6125 0.5000 1.1000
         vertex -0.6750 1.7500 1.1000
      endloop
   endfacet
   facet normal 0.0000 0.0000 -1.0000
      outer loop
         vertex -0.6750 1.7500 1.1000
         vertex -0.6125 0.5000 1.1000
         vertex -0.6125 0.1000 1.1000
      endloop
   endfacet
   facet normal 0.0000 0.0000 -1.0000
      outer loop
         vertex -0.6750 1.7500 1.1000
         vertex -0.6125 0.1000 1.1000
         vertex -0.7125 0.0000 1.1000
      endloop
   endfacet
   facet normal 0.0000 0.0000 -1.0000
      outer loop
         vertex -0.6750 2.4674 1.1000
         vertex -0.6750 1.7500 1.1000
         vertex -0.7125 0.0000 1.1000
      endloop
   endfacet
   facet normal 0.0000 0.0000 -1.0000
      outer loop
         vertex -0.6750 2.4674 1.1000
         vertex -0.7125 0.0000 1.1000
         vertex -0.9000 0.0000 1.1000
      endloop
   endfacet
   facet normal 0.0000 0.0000 -1.0000
      outer loop
         vertex -0.6750 2.4674 1.1000
         vertex -0.9000 0.0000 1.1000
         vertex -0.9000 1.2500 1.1000
      endloop
   endfacet
   facet normal 0.0000 0.0000 -1.0000
      outer loop
         vertex -0.6750 2.4674 1.1000
         vertex -0.9000 1.2500 1.1000
         vertex -0.9000 4.2500 1.1000
      endloop
   endfacet
   facet normal 0.0000 0.0000 -1.0000
      outer loop
         vertex -0.6750 2.4674 1.1000
         vertex -0.9000 4.2500 1.1000
         vertex -0.1000 4.2500 1.1000
      endloop
   endfacet
   facet normal 0.0000 0.0000 -1.0000
      outer loop
         vertex -0.6750 2.4674 1.1000
         vertex -0.1000 4.2500 1.1000
         vertex -0.3250 2.4674 1.1000
      endloop
   endfacet
   facet normal 0.0000 0.0000 -1.0000
      outer loop
         vertex -0.2875 0.0000 1.1000
         vertex -0.3875 0.1000 1.1000
         vertex -0.3250 1.7500 1.1000
      endloop
   endfacet
   facet normal 0.0000 0.0000 -1.0000
      outer loop
         vertex -0.2875 0.0000 1.1000
         vertex -0.3250 1.7500 1.1000
         vertex -0.1000 1.7500 1.1000
      endloop
   endfacet
   facet normal 0.0000 0.0000 -1.0000
      outer loop
         vertex -0.2875 0.0000 1.1000
         vertex -0.1000 1.7500 1.1000
         vertex -0.1000 1.2500 1.1000
      endloop
   endfacet
   facet normal 0.0000 0.0000 -1.0000
      outer loop
         vertex -0.2875 0.0000 1.1000
         vertex -0.1000 1.2500 1.1000
         vertex -0.1000 0.2000 1.1000
      endloop
   endfacet
   facet normal 0.0000 0.0000 -1.0000
      outer loop
         vertex -0.2875 0.0000 1.1000
         vertex -0.1000 0.2000 1.1000
         vertex -0.1000 0.0000 1.1000
      endloop
   endfacet
   facet normal 0.0000 0.0000 -1.0000
      outer loop
         vertex -0.3250 2.4674 1.1000
         vertex -0.1000 4.2500 1.1000
         vertex -0.1000 2.4674 1.1000
      endloop
   endfacet
   facet normal 0.0000 0.0000 1.0000
      outer loop
         vertex 1.2500 4.2500 1.4500
         vertex -1.2500 4.2500 1.4500
         vertex -1.2500 1.2500 1.4500
      endloop
   endfacet
   facet normal 0.0000 0.0000 1.0000
      outer loop
         vertex 1.2500 4.2500 1.4500
         vertex -1.2500 1.2500 1.4500
         vertex 1.2500 1.2500 1.4500
      endloop
   endfacet
   facet normal -1.0000 0.0000 0.0000
      outer loop
         vertex -1.5000 2.0500 0.9500
         vertex -1.5000 2.0500 1.1500
         vertex -1.5000 2.7500 1.1500
      endloop
   endfacet
   facet normal -1.0000 0.0000 0.0000
      outer loop
         vertex -1.5000 2.0500 0.9500
         vertex -1.5000 2.7500 1.1500
         vertex -1.5000 2.7500 0.9500
      endloop
   endfacet
   facet normal 0.7071 -0.7071 0.0000
      outer loop
         vertex -0.7125 0.0000 1.1000
         vertex -0.6125 0.1000 1.1000
         vertex -0.6125 0.1000 1.3500
      endloop
   endfacet
   facet normal 0.7071 -0.7071 0.0000
      outer loop
         vertex -0.7125 0.0000 1.1000
         vertex -0.6125 0.1000 1.3500
         vertex -0.7125 0.0000 1.3500
      endloop
   endfacet
   facet normal 0.0000 1.0000 0.0000
      outer loop
         vertex -1.7000 2.7500 1.1500
         vertex -1.7000 2.7500 0.9500
         vertex -2.0000 2.7500 0.9500
      endloop
   endfacet
   facet normal 0.0000 1.0000 0.0000
      outer loop
         vertex -1.7000 2.7500 1.1500
         vertex -2.0000 2.7500 0.9500
         vertex -2.0000 2.7500 1.3500
      endloop
   endfacet
   facet normal 0.0000 1.0000 0.0000
      outer loop
         vertex -1.7000 2.7500 1.1500
         vertex -2.0000 2.7500 1.3500
         vertex -1.5000 2.7500 1.3500
      endloop
   endfacet
   facet normal 0.0000 1.0000 0.0000
      outer loop
         vertex -1.7000 2.7500 1.1500
         vertex -1.5000 2.7500 1.3500
         vertex -1.5000 2.7500 1.1500
      endloop
   endfacet
   facet normal 1.0000 0.0000 0.0000
      outer loop
         vertex -1.7000 2.0500 1.1500
         vertex -1.7000 2.0500 0.9500
         vertex -1.7000 2.7500 0.9500
      endloop
   endfacet
   facet normal 1.0000 0.0000 0.0000
      outer loop
         vertex -1.7000 2.0500 1.1500
         vertex -1.7000 2.7500 0.9500
         vertex -1.7000 2.7500 1.1500
      endloop
   endfacet
   facet normal 0.0000 0.0000 -1.0000
      outer loop
         vertex -1.7000 2.0500 1.1500
         vertex -1.7000 2.7500 1.1500
         vertex -1.5000 2.7500 1.1500
      endloop
   endfacet
   facet normal 0.0000 0.0000 -1.0000
      outer loop
         vertex -1.7000 2.0500 1.1500
         vertex -1.5000 2.7500 1.1500
         vertex -1.5000 2.0500 1.1500
      endloop
   endfacet
   facet normal 0.0000 1.0000 0.0000
      outer loop
         vertex -1.5000 2.0500 1.1500
         vertex -1.5000 2.0500 0.9500
         vertex -1.7000 2.0500 0.9500
      endloop
   endfacet
   facet normal 0.0000 1.0000 0.0000
      outer loop
         vertex -1.5000 2.0500 1.1500
         vertex -1.7000 2.0500 0.9500
         vertex -1.7000 2.0500 1.1500
      endloop
   endfacet
   facet normal -1.0000 0.0000 0.0000
      outer loop
         vertex -1.2500 1.2500 1.3500
         vertex -1.2500 1.2500 1.4500
         vertex -1.2500 4.2500 1.4500
      endloop
   endfacet
   facet normal -1.0000 0.0000 0.0000
      outer loop
         vertex -1.2500 1.2500 1.3500
         vertex -1.2500 4.2500 1.4500
         vertex -1.2500 4.2500 1.3500
      endloop
   endfacet
   facet normal 0.0000 -1.0000 0.0000
      outer loop
         vertex -1.2500 1.2500 1.3500
         vertex 1.2500 1.2500 1.3500
         vertex 1.2500 1.2500 1.4500
      endloop
   endfacet
   facet normal 0.0000 -1.0000 0.0000
      outer loop
         vertex -1.2500 1.2500 1.3500
         vertex 1.2500 1.2500 1.4500
         vertex -1.2500 1.2500 1.4500
      endloop
   endfacet
   facet normal 0.0000 0.0000 -1.0000
      outer loop
         vertex -1.7000 3.0500 0.7000
         vertex -1.7000 3.7500 0.7000
         vertex -1.5000 3.7500 0.7000
      endloop
   endfacet
   facet normal 0.0000 0.0000 -1.0000
      outer loop
         vertex -1.7000 3.0500 0.7000
         vertex -1.5000 3.7500 0.7000
         vertex -1.5000 3.0500 0.7000
      endloop
   endfacet
   facet normal 0.0000 0.0000 1.0000
      outer loop
         vertex -0.6125 0.2000 0.7000
         vertex -0.6125 1.2500 0.7000
         vertex -0.9000 1.2500 0.7000
      endloop
   endfacet
   facet normal 0.0000 0.0000 1.0000
      outer loop
         vertex -0.6125 0.2000 0.7000
         vertex -0.9000 1.2500 0.7000
         vertex -0.9000 0.2000 0.7000
      endloop
   endfacet
   facet normal 1.0000 0.0000 0.0000
      outer loop
         vertex -0.9000 0.2000 0.7000
         vertex -0.9000 0.0000 0.7000
         vertex -0.9000 0.0000 0.6000
      endloop
   endfacet
   facet normal 1.0000 0.0000 0.0000
      outer loop
         vertex -0.9000 0.2000 0.7000
         vertex -0.9000 0.0000 0.6000
         vertex -0.9000 0.2000 0.6000
      endloop
   endfacet
   facet normal 0.0000 -1.0000 0.0000
      outer loop
         vertex -0.9000 0.2000 0.7000
         vertex -0.9000 0.2000 0.6000
         vertex -0.6125 0.2000 0.6000
      endloop
   endfacet
   facet normal 0.0000 -1.0000 0.0000
      outer loop
         vertex -0.9000 0.2000 0.7000
         vertex -0.6125 0.2000 0.6000
         vertex -0.6125 0.2000 0.7000
      endloop
   endfacet
   facet normal 0.0000 0.0000 1.0000
      outer loop
         vertex -0.9000 0.2000 0.6000
         vertex -0.9000 0.0000 0.6000
         vertex -0.7125 0.0000 0.6000
      endloop
   endfacet
   facet normal 0.0000 0.0000 1.0000
      outer loop
         vertex -0.9000 0.2000 0.6000
         vertex -0.7125 0.0000 0.6000
         vertex -0.6125 0.1000 0.6000
      endloop
   endfacet
   facet normal 0.0000 0.0000 1.0000
      outer loop
         vertex -0.9000 0.2000 0.6000
         vertex -0.6125 0.1000 0.6000
         vertex -0.6125 0.2000 0.6000
      endloop
   endfacet
   facet normal 1.0000 0.0000 0.0000
      outer loop
         vertex -0.9000 0.2000 0.7000
         vertex -0.9000 1.2500 0.7000
         vertex -0.9000 1.2500 1.1000
      endloop
   endfacet
   facet normal 1.0000 0.0000 0.0000
      outer loop
         vertex -0.9000 0.2000 0.7000
         vertex -0.9000 1.2500 1.1000
         vertex -0.9000 0.0000 1.1000
      endloop
   endfacet
   facet normal 1.0000 0.0000 0.0000
      outer loop
         vertex -0.9000 0.2000 0.7000
         vertex -0.9000 0.0000 1.1000
         vertex -0.9000 0.0000 0.7000
      endloop
   endfacet
   facet normal 0.0000 0.0000 -1.0000
      outer loop
         vertex -1.7000 0.3000 0.7500
         vertex -1.7000 0.5000 0.7500
         vertex -1.5000 0.5000 0.7500
      endloop
   endfacet
   facet normal 0.0000 0.0000 -1.0000
      outer loop
         vertex -1.7000 0.3000 0.7500
         vertex -1.5000 0.5000 0.7500
         vertex -1.5000 0.3000 0.7500
      endloop
   endfacet
   facet normal 0.0000 0.0000 1.0000
      outer loop
         vertex -1.7000 2.7500 0.9500
         vertex -1.7000 2.0500 0.9500
         vertex -1.5000 2.0500 0.9500
      endloop
   endfacet
   facet normal 0.0000 0.0000 1.0000
      outer loop
         vertex -1.7000 2.7500 0.9500
         vertex -1.5000 2.0500 0.9500
         vertex -1.5000 2.7500 0.9500
      endloop
   endfacet
   facet normal 0.0000 0.0000 1.0000
      outer loop
         vertex -1.7000 2.7500 0.9500
         vertex -1.5000 2.7500 0.9500
         vertex -1.5000 3.7500 0.9500
      endloop
   endfacet
   facet normal 0.0000 0.0000 1.0000
      outer loop
         vertex -1.7000 2.7500 0.9500
         vertex -1.5000 3.7500 0.9500
         vertex -2.0000 3.7500 0.9500
      endloop
   endfacet
   facet normal 0.0000 0.0000 1.0000
      outer loop
         vertex -1.7000 2.7500 0.9500
         vertex -2.0000 3.7500 0.9500
         vertex -2.0000 2.7500 0.9500
      endloop
   endfacet
   facet normal -1.0000 0.0000 0.0000
      outer loop
         vertex -0.6750 1.9000 0.9500
         vertex -0.6750 1.7500 1.1000
         vertex -0.6750 2.4674 1.1000
      endloop
   endfacet
   facet normal -1.0000 0.0000 0.0000
      outer loop
         vertex -0.6750 1.9000 0.9500
         vertex -0.6750 2.4674 1.1000
         vertex -0.6750 2.0884 0.9621
      endloop
   endfacet
   facet normal -1.0000 0.0000 0.0000
      outer loop
         vertex -0.6750 1.9000 0.9500
         vertex -0.6750 2.0884 0.9621
         vertex -0.6750 2.0547 0.9530
      endloop
   endfacet
   facet normal -1.0000 0.0000 0.0000
      outer loop
         vertex -0.6750 1.9000 0.9500
         vertex -0.6750 2.0547 0.9530
         vertex -0.6750 2.0200 0.9500
      endloop
   endfacet
   facet normal 0.0000 0.3420 -0.9397
      outer loop
         vertex -0.3250 2.0884 0.9621
         vertex -0.6750 2.0884 0.9621
         vertex -0.6750 2.4674 1.1000
      endloop
   endfacet
   facet normal 0.0000 0.3420 -0.9397
      outer loop
         vertex -0.3250 2.0884 0.9621
         vertex -0.6750 2.4674 1.1000
         vertex -0.3250 2.4674 1.1000
      endloop
   endfacet
   facet normal 0.0000 -0.7071 -0.7071
      outer loop
         vertex -0.3250 1.7500 1.1000
         vertex -0.6750 1.7500 1.1000
         vertex -0.6750 1.9000 0.9500
      endloop
   endfacet
   facet normal 0.0000 -0.7071 -0.7071
      outer loop
         vertex -0.3250 1.7500 1.1000
         vertex -0.6750 1.9000 0.9500
         vertex -0.3250 1.9000 0.9500
      endloop
   endfacet
   facet normal 0.0000 0.2307 -0.9730
      outer loop
         vertex -0.6750 2.0884 0.9621
         vertex -0.3250 2.0884 0.9621
         vertex -0.3250 2.0547 0.9530
      endloop
   endfacet
   facet normal 0.0000 0.2023 -0.9793
      outer loop
         vertex -0.6750 2.0884 0.9621
         vertex -0.3250 2.0547 0.9530
         vertex -0.6750 2.0547 0.9530
      endloop
   endfacet
   facet normal 0.0000 0.1449 -0.9895
      outer loop
         vertex -0.6750 2.0547 0.9530
         vertex -0.3250 2.0547 0.9530
         vertex -0.3250 2.0200 0.9500
      endloop
   endfacet
   facet normal 0.0000 0.1160 -0.9932
      outer loop
         vertex -0.6750 2.0547 0.9530
         vertex -0.3250 2.0200 0.9500
         vertex -0.6750 2.0200 0.9500
      endloop
   endfacet
   facet normal 0.0000 0.0000 -1.0000
      outer loop
         vertex -0.6750 2.0200 0.9500
         vertex -0.3250 2.0200 0.9500
         vertex -0.3250 1.9000 0.9500
      endloop
   endfacet
   facet normal 0.0000 0.0000 -1.0000
      outer loop
         vertex -0.6750 2.0200 0.9500
         vertex -0.3250 1.9000 0.9500
         vertex -0.6750 1.9000 0.9500
      endloop
   endfacet
   facet normal 0.0000 0.0000 -1.0000
      outer loop
         vertex -0.3250 1.7500 1.1000
         vertex -0.1000 2.4674 1.1000
         vertex -0.1000 1.7500 1.1000
      endloop
   endfacet
   facet normal 0.0000 0.0000 -1.0000
      outer loop
         vertex -0.1000 1.7500 1.1000
         vertex -0.1000 2.4674 1.1000
         vertex 0.1000 2.4674 1.1000
      endloop
   endfacet
   facet normal 0.0000 0.0000 -1.0000
      outer loop
         vertex -0.1000 1.7500 1.1000
         vertex 0.1000 2.4674 1.1000
         vertex 0.1000 1.7500 1.1000
      endloop
   endfacet
   facet normal 0.0000 0.0000 -1.0000
      outer loop
         vertex 0.1000 1.7500 1.1000
         vertex 0.1000 2.4674 1.1000
         vertex 0.3250 2.4674 1.1000
      endloop
   endfacet
   facet normal 0.0000 0.0000 -1.0000
      outer loop
         vertex 0.1000 1.7500 1.1000
         vertex 0.3250 2.4674 1.1000
         vertex 0.3250 1.7500 1.1000
      endloop
   endfacet
   facet normal 0.0000 0.0000 -1.0000
      outer loop
         vertex -0.1000 2.4674 1.1000
         vertex -0.3250 1.7500 1.1000
         vertex -0.3250 2.4674 1.1000
      endloop
   endfacet
   facet normal 0.0000 0.0000 -1.0000
      outer loop
         vertex -0.1000 0.0000 1.1000
         vertex -0.1000 0.2000 1.1000
         vertex 0.1000 0.2000 1.1000
      endloop
   endfacet
   facet normal 0.0000 0.0000 -1.0000
      outer loop
         vertex -0.1000 0.0000 1.1000
         vertex 0.1000 0.2000 1.1000
         vertex 0.1000 0.0000 1.1000
      endloop
   endfacet
   facet normal 0.0000 0.0000 -1.0000
      outer loop
         vertex -0.1000 1.2500 1.1000
         vertex -0.1000 1.7500 1.1000
         vertex 0.1000 1.7500 1.1000
      endloop
   endfacet
   facet normal 0.0000 0.0000 -1.0000
      outer loop
         vertex -0.1000 1.2500 1.1000
         vertex 0.1000 1.7500 1.1000
         vertex 0.1000 1.2500 1.1000
      endloop
   endfacet
   facet normal 0.0000 0.0000 -1.0000
      outer loop
         vertex 0.1000 4.2500 1.1000
         vertex 0.1000 2.4674 1.1000
         vertex -0.1000 2.4674 1.1000
      endloop
   endfacet
   facet normal 0.0000 0.0000 -1.0000
      outer loop
         vertex 0.1000 4.2500 1.1000
         vertex -0.1000 2.4674 1.1000
         vertex -0.1000 4.2500 1.1000
      endloop
   endfacet
   facet normal -1.0000 0.0000 0.0000
      outer loop
         vertex -0.3875 0.1000 1.1000
         vertex -0.3875 0.1000 1.3500
         vertex -0.3875 0.5000 1.3500
      endloop
   endfacet
   facet normal -1.0000 0.0000 0.0000
      outer loop
         vertex -0.3875 0.1000 1.1000
         vertex -0.3875 0.5000 1.3500
         vertex -0.3875 0.5000 1.1000
      endloop
   endfacet
   facet normal -0.7071 -0.7071 0.0000
      outer loop
         vertex -0.3875 0.1000 1.3500
         vertex -0.3875 0.1000 1.1000
         vertex -0.2875 0.0000 1.1000
      endloop
   endfacet
   facet normal -0.7071 -0.7071 0.0000
      outer loop
         vertex -0.3875 0.1000 1.3500
         vertex -0.2875 0.0000 1.1000
         vertex -0.2875 0.0000 1.3500
      endloop
   endfacet
   facet normal 0.0000 -1.0000 0.0000
      outer loop
         vertex -0.6125 0.5000 1.3500
         vertex -0.6125 0.5000 1.1000
         vertex -0.3875 0.5000 1.1000
      endloop
   endfacet
   facet normal 0.0000 -1.0000 0.0000
      outer loop
         vertex -0.6125 0.5000 1.3500
         vertex -0.3875 0.5000 1.1000
         vertex -0.3875 0.5000 1.3500
      endloop
   endfacet
   facet normal 0.0000 0.0000 1.0000
      outer loop
         vertex -0.3875 1.2500 0.7000
         vertex -0.3875 0.2000 0.7000
         vertex -0.1000 0.2000 0.7000
      endloop
   endfacet
   facet normal 0.0000 0.0000 1.0000
      outer loop
         vertex -0.3875 1.2500 0.7000
         vertex -0.1000 0.2000 0.7000
         vertex -0.1000 1.2500 0.7000
      endloop
   endfacet
   facet normal -1.0000 0.0000 0.0000
      outer loop
         vertex -0.3875 0.2000 0.6000
         vertex -0.3875 0.2000 0.7000
         vertex -0.3875 1.2500 0.7000
      endloop
   endfacet
   facet normal -1.0000 0.0000 0.0000
      outer loop
         vertex -0.3875 0.2000 0.6000
         vertex -0.3875 1.2500 0.7000
         vertex -0.3875 0.5000 0.5600
      endloop
   endfacet
   facet normal -1.0000 0.0000 0.0000
      outer loop
         vertex -0.3875 0.2000 0.6000
         vertex -0.3875 0.5000 0.5600
         vertex -0.3875 0.1000 0.5600
      endloop
   endfacet
   facet normal -1.0000 0.0000 0.0000
      outer loop
         vertex -0.3875 0.2000 0.6000
         vertex -0.3875 0.1000 0.5600
         vertex -0.3875 0.1000 0.6000
      endloop
   endfacet
   facet normal -1.0000 0.0000 0.0000
      outer loop
         vertex -0.3875 0.5000 0.5600
         vertex -0.3875 1.2500 0.7000
         vertex -0.3875 1.2500 0.5600
      endloop
   endfacet
   facet normal 0.0000 -1.0000 0.0000
      outer loop
         vertex -0.3875 0.2000 0.6000
         vertex 0.3875 0.2000 0.6000
         vertex 0.3875 0.2000 0.7000
      endloop
   endfacet
   facet normal 0.0000 -1.0000 0.0000
      outer loop
         vertex -0.3875 0.2000 0.6000
         vertex 0.3875 0.2000 0.7000
         vertex 0.1000 0.2000 0.7000
      endloop
   endfacet
   facet normal 0.0000 -1.0000 0.0000
      outer loop
         vertex -0.3875 0.2000 0.6000
         vertex 0.1000 0.2000 0.7000
         vertex -0.1000 0.2000 0.7000
      endloop
   endfacet
   facet normal 0.0000 -1.0000 0.0000
      outer loop
         vertex -0.3875 0.2000 0.6000
         vertex -0.1000 0.2000 0.7000
         vertex -0.3875 0.2000 0.7000
      endloop
   endfacet
   facet normal 0.0000 -1.0000 0.0000
      outer loop
         vertex -0.1000 0.2000 0.7000
         vertex 0.1000 0.2000 0.7000
         vertex 0.1000 0.2000 1.1000
      endloop
   endfacet
   facet normal 0.0000 -1.0000 0.0000
      outer loop
         vertex -0.1000 0.2000 0.7000
         vertex 0.1000 0.2000 1.1000
         vertex -0.1000 0.2000 1.1000
      endloop
   endfacet
   facet normal 0.0000 0.0000 1.0000
      outer loop
         vertex -0.2875 0.0000 0.6000
         vertex 0.2875 0.0000 0.6000
         vertex 0.3875 0.1000 0.6000
      endloop
   endfacet
   facet normal 0.0000 0.0000 1.0000
      outer loop
         vertex -0.2875 0.0000 0.6000
         vertex 0.3875 0.1000 0.6000
         vertex 0.3875 0.2000 0.6000
      endloop
   endfacet
   facet normal 0.0000 0.0000 1.0000
      outer loop
         vertex -0.2875 0.0000 0.6000
         vertex 0.3875 0.2000 0.6000
         vertex -0.3875 0.2000 0.6000
      endloop
   endfacet
   facet normal 0.0000 0.0000 1.0000
      outer loop
         vertex -0.2875 0.0000 0.6000
         vertex -0.3875 0.2000 0.6000
         vertex -0.3875 0.1000 0.6000
      endloop
   endfacet
   facet normal -1.0000 0.0000 0.0000
      outer loop
         vertex -0.1000 1.2500 0.7000
         vertex -0.1000 0.2000 0.7000
         vertex -0.1000 0.2000 1.1000
      endloop
   endfacet
   facet normal -1.0000 0.0000 0.0000
      outer loop
         vertex -0.1000 1.2500 0.7000
         vertex -0.1000 0.2000 1.1000
         vertex -0.1000 1.2500 1.1000
      endloop
   endfacet
   facet normal 1.0000 0.0000 0.0000
      outer loop
         vertex -0.3250 2.0884 0.9621
         vertex -0.3250 2.4674 1.1000
         vertex -0.3250 1.7500 1.1000
      endloop
   endfacet
   facet normal 1.0000 0.0000 0.0000
      outer loop
         vertex -0.3250 2.0884 0.9621
         vertex -0.3250 1.7500 1.1000
         vertex -0.3250 1.9000 0.9500
      endloop
   endfacet
   facet normal 1.0000 0.0000 0.0000
      outer loop
         vertex -0.3250 2.0884 0.9621
         vertex -0.3250 1.9000 0.9500
         vertex -0.3250 2.0200 0.9500
      endloop
   endfacet
   facet normal 1.0000 0.0000 0.0000
      outer loop
         vertex -0.3250 2.0884 0.9621
         vertex -0.3250 2.0200 0.9500
         vertex -0.3250 2.0547 0.9530
      endloop
   endfacet
   facet normal 0.0000 0.0000 1.0000
      outer loop
         vertex 0.3875 1.2500 0.5600
         vertex 0.3875 0.5000 0.5600
         vertex 0.6125 0.5000 0.5600
      endloop
   endfacet
   facet normal 0.0000 0.0000 1.0000
      outer loop
         vertex 0.3875 1.2500 0.5600
         vertex 0.6125 0.5000 0.5600
         vertex 0.6125 1.2500 0.5600
      endloop
   endfacet
   facet normal 0.0000 0.0000 1.0000
      outer loop
         vertex 1.9000 4.2500 -0.6000
         vertex 1.9000 1.7500 -0.6000
         vertex 2.0000 1.7500 -0.6000
      endloop
   endfacet
   facet normal 0.0000 0.0000 1.0000
      outer loop
         vertex 1.9000 4.2500 -0.6000
         vertex 2.0000 1.7500 -0.6000
         vertex 2.0000 4.2500 -0.6000
      endloop
   endfacet
   facet normal 0.0000 0.0000 1.0000
      outer loop
         vertex 1.6500 4.2500 -0.6000
         vertex 1.2500 4.2500 -0.6000
         vertex 1.2500 1.6000 -0.6000
      endloop
   endfacet
   facet normal 0.0000 0.0000 1.0000
      outer loop
         vertex 1.6500 4.2500 -0.6000
         vertex 1.2500 1.6000 -0.6000
         vertex 1.6500 1.6000 -0.6000
      endloop
   endfacet
   facet normal 0.0000 0.0000 1.0000
      outer loop
         vertex 0.3875 1.2500 -0.6000
         vertex 0.3875 0.5000 -0.6000
         vertex 0.6125 0.5000 -0.6000
      endloop
   endfacet
   facet normal 0.0000 0.0000 1.0000
      outer loop
         vertex 0.3875 1.2500 -0.6000
         vertex 0.6125 0.5000 -0.6000
         vertex 0.6125 1.2500 -0.6000
      endloop
   endfacet
   facet normal 1.0000 0.0000 0.0000
      outer loop
         vertex 1.5000 1.0000 -0.9500
         vertex 1.5000 1.0000 -0.2500
         vertex 1.5000 0.7500 -0.2500
      endloop
   endfacet
   facet normal 1.0000 0.0000 0.0000
      outer loop
         vertex 1.5000 1.0000 -0.9500
         vertex 1.5000 0.7500 -0.2500
         vertex 1.5000 0.7500 -0.9500
      endloop
   endfacet
   facet normal 1.0000 0.0000 0.0000
      outer loop
         vertex 1.5000 0.5000 -0.9500
         vertex 1.5000 0.5000 0.0500
         vertex 1.5000 0.3000 0.0500
      endloop
   endfacet
   facet normal 1.0000 0.0000 0.0000
      outer loop
         vertex 1.5000 0.5000 -0.9500
         vertex 1.5000 0.3000 0.0500
         vertex 1.5000 0.0000 0.0500
      endloop
   endfacet
   facet normal 1.0000 0.0000 0.0000
      outer loop
         vertex 1.5000 0.5000 -0.9500
         vertex 1.5000 0.0000 0.0500
         vertex 1.5000 0.0000 -1.1000
      endloop
   endfacet
   facet normal 1.0000 0.0000 0.0000
      outer loop
         vertex 1.5000 0.5000 -0.9500
         vertex 1.5000 0.0000 -1.1000
         vertex 1.5000 0.7000 -1.1000
      endloop
   endfacet
   facet normal 1.0000 0.0000 0.0000
      outer loop
         vertex 1.5000 0.5000 -0.9500
         vertex 1.5000 0.7000 -1.1000
         vertex 1.5000 0.7500 -0.9500
      endloop
   endfacet
   facet normal 1.0000 0.0000 0.0000
      outer loop
         vertex 1.5000 1.0000 -1.4500
         vertex 1.5000 1.0000 -0.9500
         vertex 1.5000 0.7500 -0.9500
      endloop
   endfacet
   facet normal 1.0000 0.0000 0.0000
      outer loop
         vertex 1.5000 1.0000 -1.4500
         vertex 1.5000 0.7500 -0.9500
         vertex 1.5000 0.7000 -1.1000
      endloop
   endfacet
   facet normal 1.0000 0.0000 0.0000
      outer loop
         vertex 1.5000 1.0000 -1.4500
         vertex 1.5000 0.7000 -1.1000
         vertex 1.5000 0.7000 -1.4500
      endloop
   endfacet
   facet normal 0.0000 -1.0000 0.0000
      outer loop
         vertex 1.5000 0.7000 -1.1000
         vertex 0.9000 0.7000 -1.1000
         vertex 0.9000 0.7000 -1.4500
      endloop
   endfacet
   facet normal 0.0000 -1.0000 0.0000
      outer loop
         vertex 1.5000 0.7000 -1.1000
         vertex 0.9000 0.7000 -1.4500
         vertex 1.5000 0.7000 -1.4500
      endloop
   endfacet
   facet normal 0.0000 0.0000 -1.0000
      outer loop
         vertex 1.5000 0.0000 -1.1000
         vertex 0.9000 0.0000 -1.1000
         vertex 0.9000 0.7000 -1.1000
      endloop
   endfacet
   facet normal 0.0000 0.0000 -1.0000
      outer loop
         vertex 1.5000 0.0000 -1.1000
         vertex 0.9000 0.7000 -1.1000
         vertex 1.5000 0.7000 -1.1000
      endloop
   endfacet
   facet normal 0.0000 0.0000 1.0000
      outer loop
         vertex 0.3875 0.1000 -0.7500
         vertex 0.2875 0.0000 -0.7500
         vertex 0.7125 0.0000 -0.7500
      endloop
   endfacet
   facet normal 0.0000 0.0000 1.0000
      outer loop
         vertex 0.3875 0.1000 -0.7500
         vertex 0.7125 0.0000 -0.7500
         vertex 0.6125 0.1000 -0.7500
      endloop
   endfacet
   facet normal 0.0000 0.0000 1.0000
      outer loop
         vertex 0.3875 0.1000 -0.7500
         vertex 0.6125 0.1000 -0.7500
         vertex 0.6125 0.5000 -0.7500
      endloop
   endfacet
   facet normal 0.0000 0.0000 1.0000
      outer loop
         vertex 0.3875 0.1000 -0.7500
         vertex 0.6125 0.5000 -0.7500
         vertex 0.3875 0.5000 -0.7500
      endloop
   endfacet
   facet normal 1.0000 0.0000 0.0000
      outer loop
         vertex 0.3875 0.5000 -0.6000
         vertex 0.3875 0.1000 -0.6000
         vertex 0.3875 0.1000 -0.7500
      endloop
   endfacet
   facet normal 1.0000 0.0000 0.0000
      outer loop
         vertex 0.3875 0.5000 -0.6000
         vertex 0.3875 0.1000 -0.7500
         vertex 0.3875 0.5000 -0.7500
      endloop
   endfacet
   facet normal 0.7071 -0.7071 0.0000
      outer loop
         vertex 0.2875 0.0000 -0.5500
         vertex 0.2875 0.0000 -0.7500
         vertex 0.3875 0.1000 -0.7500
      endloop
   endfacet
   facet normal 0.7071 -0.7071 0.0000
      outer loop
         vertex 0.2875 0.0000 -0.5500
         vertex 0.3875 0.1000 -0.7500
         vertex 0.3875 0.1000 -0.6000
      endloop
   endfacet
   facet normal 0.7071 -0.7071 0.0000
      outer loop
         vertex 0.2875 0.0000 -0.5500
         vertex 0.3875 0.1000 -0.6000
         vertex 0.3875 0.1000 -0.5500
      endloop
   endfacet
   facet normal -0.7071 -0.7071 0.0000
      outer loop
         vertex 0.7125 0.0000 -0.7500
         vertex 0.7125 0.0000 -0.5500
         vertex 0.6125 0.1000 -0.5500
      endloop
   endfacet
   facet normal -0.7071 -0.7071 0.0000
      outer loop
         vertex 0.7125 0.0000 -0.7500
         vertex 0.6125 0.1000 -0.5500
         vertex 0.6125 0.1000 -0.6000
      endloop
   endfacet
   facet normal -0.7071 -0.7071 0.0000
      outer loop
         vertex 0.7125 0.0000 -0.7500
         vertex 0.6125 0.1000 -0.6000
         vertex 0.6125 0.1000 -0.7500
      endloop
   endfacet
   facet normal 0.0000 -1.0000 0.0000
      outer loop
         vertex 0.6125 0.5000 -0.6000
         vertex 0.3875 0.5000 -0.6000
         vertex 0.3875 0.5000 -0.7500
      endloop
   endfacet
   facet normal 0.0000 -1.0000 0.0000
      outer loop
         vertex 0.6125 0.5000 -0.6000
         vertex 0.3875 0.5000 -0.7500
         vertex 0.6125 0.5000 -0.7500
      endloop
   endfacet
   facet normal -1.0000 0.0000 0.0000
      outer loop
         vertex 0.6125 0.1000 -0.6000
         vertex 0.6125 0.5000 -0.6000
         vertex 0.6125 0.5000 -0.7500
      endloop
   endfacet
   facet normal -1.0000 0.0000 0.0000
      outer loop
         vertex 0.6125 0.1000 -0.6000
         vertex 0.6125 0.5000 -0.7500
         vertex 0.6125 0.1000 -0.7500
      endloop
   endfacet
   facet normal 0.0000 -1.0000 0.0000
      outer loop
         vertex 1.5000 1.0000 -0.2500
         vertex 1.5000 1.0000 -0.9500
         vertex 1.7000 1.0000 -0.9500
      endloop
   endfacet
   facet normal 0.0000 -1.0000 0.0000
      outer loop
         vertex 1.5000 1.0000 -0.2500
         vertex 1.7000 1.0000 -0.9500
         vertex 1.7000 1.0000 -0.2500
      endloop
   endfacet
   facet normal 0.0000 -1.0000 0.0000
      outer loop
         vertex 1.5000 1.0000 -1.4500
         vertex 2.0000 1.0000 -1.4500
         vertex 2.0000 1.0000 -0.9500
      endloop
   endfacet
   facet normal 0.0000 -1.0000 0.0000
      outer loop
         vertex 1.5000 1.0000 -1.4500
         vertex 2.0000 1.0000 -0.9500
         vertex 1.7000 1.0000 -0.9500
      endloop
   endfacet
   facet normal 0.0000 -1.0000 0.0000
      outer loop
         vertex 1.5000 1.0000 -1.4500
         vertex 1.7000 1.0000 -0.9500
         vertex 1.5000 1.0000 -0.9500
      endloop
   endfacet
   facet normal 0.0000 -1.0000 0.0000
      outer loop
         vertex 1.5000 0.5000 -0.9500
         vertex 2.0000 0.5000 -0.9500
         vertex 2.0000 0.5000 0.0500
      endloop
   endfacet
   facet normal 0.0000 -1.0000 0.0000
      outer loop
         vertex 1.5000 0.5000 -0.9500
         vertex 2.0000 0.5000 0.0500
         vertex 1.7000 0.5000 0.0500
      endloop
   endfacet
   facet normal 0.0000 -1.0000 0.0000
      outer loop
         vertex 1.5000 0.5000 -0.9500
         vertex 1.7000 0.5000 0.0500
         vertex 1.5000 0.5000 0.0500
      endloop
   endfacet
   facet normal 0.0000 0.0000 -1.0000
      outer loop
         vertex 1.7000 0.7500 -0.9500
         vertex 1.7000 1.0000 -0.9500
         vertex 2.0000 1.0000 -0.9500
      endloop
   endfacet
   facet normal 0.0000 0.0000 -1.0000
      outer loop
         vertex 1.7000 0.7500 -0.9500
         vertex 2.0000 1.0000 -0.9500
         vertex 2.0000 0.5000 -0.9500
      endloop
   endfacet
   facet normal 0.0000 0.0000 -1.0000
      outer loop
         vertex 1.7000 0.7500 -0.9500
         vertex 2.0000 0.5000 -0.9500
         vertex 1.5000 0.5000 -0.9500
      endloop
   endfacet
   facet normal 0.0000 0.0000 -1.0000
      outer loop
         vertex 1.7000 0.7500 -0.9500
         vertex 1.5000 0.5000 -0.9500
         vertex 1.5000 0.7500 -0.9500
      endloop
   endfacet
   facet normal -1.0000 0.0000 0.0000
      outer loop
         vertex 1.7000 1.0000 -0.2500
         vertex 1.7000 1.0000 -0.9500
         vertex 1.7000 0.7500 -0.9500
      endloop
   endfacet
   facet normal -1.0000 0.0000 0.0000
      outer loop
         vertex 1.7000 1.0000 -0.2500
         vertex 1.7000 0.7500 -0.9500
         vertex 1.7000 0.7500 -0.2500
      endloop
   endfacet
   facet normal 0.0000 1.0000 0.0000
      outer loop
         vertex 1.5000 0.7500 -0.9500
         vertex 1.5000 0.7500 -0.2500
         vertex 1.7000 0.7500 -0.2500
      endloop
   endfacet
   facet normal 0.0000 1.0000 0.0000
      outer loop
         vertex 1.5000 0.7500 -0.9500
         vertex 1.7000 0.7500 -0.2500
         vertex 1.7000 0.7500 -0.9500
      endloop
   endfacet
   facet normal 1.0000 0.0000 0.0000
      outer loop
         vertex 0.4000 3.2500 -1.4500
         vertex 0.4000 2.4500 -1.4500
         vertex 0.4000 2.5170 -1.7000
      endloop
   endfacet
   facet normal 1.0000 0.0000 0.0000
      outer loop
         vertex 0.4000 3.2500 -1.4500
         vertex 0.4000 2.5170 -1.7000
         vertex 0.4000 3.0000 -1.7000
      endloop
   endfacet
   facet normal -1.0000 0.0000 0.0000
      outer loop
         vertex 0.6125 0.5000 0.5600
         vertex 0.6125 0.5000 -0.1600
         vertex 0.6125 0.2000 -0.1600
      endloop
   endfacet
   facet normal -1.0000 0.0000 0.0000
      outer loop
         vertex 0.6125 0.5000 0.5600
         vertex 0.6125 0.2000 -0.1600
         vertex 0.6125 0.2000 0.0000
      endloop
   endfacet
   facet normal -1.0000 0.0000 0.0000
      outer loop
         vertex 0.6125 0.5000 0.5600
         vertex 0.6125 0.2000 0.0000
         vertex 0.6125 0.1000 0.0000
      endloop
   endfacet
   facet normal -1.0000 0.0000 0.0000
      outer loop
         vertex 0.6125 0.5000 0.5600
         vertex 0.6125 0.1000 0.0000
         vertex 0.6125 0.1000 0.5600
      endloop
   endfacet
   facet normal -1.0000 0.0000 0.0000
      outer loop
         vertex 0.6125 0.5000 -0.6000
         vertex 0.6125 0.1000 -0.6000
         vertex 0.6125 0.2000 -0.5500
      endloop
   endfacet
   facet normal -1.0000 0.0000 0.0000
      outer loop
         vertex 0.6125 0.5000 -0.6000
         vertex 0.6125 0.2000 -0.5500
         vertex 0.6125 0.5000 -0.1600
      endloop
   endfacet
   facet normal -1.0000 0.0000 0.0000
      outer loop
         vertex 0.6125 0.5000 -0.6000
         vertex 0.6125 0.5000 -0.1600
         vertex 0.6125 1.2500 -0.1600
      endloop
   endfacet
   facet normal -1.0000 0.0000 0.0000
      outer loop
         vertex 0.6125 0.5000 -0.6000
         vertex 0.6125 1.2500 -0.1600
         vertex 0.6125 1.2500 -0.6000
      endloop
   endfacet
   facet normal -1.0000 0.0000 0.0000
      outer loop
         vertex 0.6125 0.5000 -0.1600
         vertex 0.6125 0.2000 -0.5500
         vertex 0.6125 0.2000 -0.1600
      endloop
   endfacet
   facet normal -1.0000 0.0000 0.0000
      outer loop
         vertex 0.6125 0.2000 -0.5500
         vertex 0.6125 0.1000 -0.6000
         vertex 0.6125 0.1000 -0.5500
      endloop
   endfacet
   facet normal 1.0000 0.0000 0.0000
      outer loop
         vertex 1.5000 0.3000 0.7500
         vertex 1.5000 0.3000 0.0500
         vertex 1.5000 0.5000 0.0500
      endloop
   endfacet
   facet normal 1.0000 0.0000 0.0000
      outer loop
         vertex 1.5000 0.3000 0.7500
         vertex 1.5000 0.5000 0.0500
         vertex 1.5000 0.5000 0.7500
      endloop
   endfacet
   facet normal -1.0000 0.0000 0.0000
      outer loop
         vertex 0.9000 0.2000 -0.5500
         vertex 0.9000 0.0000 -0.5500
         vertex 0.9000 0.0000 0.0000
      endloop
   endfacet
   facet normal -1.0000 0.0000 0.0000
      outer loop
         vertex 0.9000 0.2000 -0.5500
         vertex 0.9000 0.0000 0.0000
         vertex 0.9000 0.2000 0.0000
      endloop
   endfacet
   facet normal 0.0000 0.0000 -1.0000
      outer loop
         vertex 0.7125 0.0000 0.0000
         vertex 0.6125 0.1000 0.0000
         vertex 0.6125 0.2000 0.0000
      endloop
   endfacet
   facet normal 0.0000 0.0000 -1.0000
      outer loop
         vertex 0.7125 0.0000 0.0000
         vertex 0.6125 0.2000 0.0000
         vertex 0.9000 0.2000 0.0000
      endloop
   endfacet
   facet normal 0.0000 0.0000 -1.0000
      outer loop
         vertex 0.7125 0.0000 0.0000
         vertex 0.9000 0.2000 0.0000
         vertex 0.9000 0.0000 0.0000
      endloop
   endfacet
   facet normal -0.7071 -0.7071 0.0000
      outer loop
         vertex 0.7125 0.0000 0.0000
         vertex 0.7125 0.0000 0.6000
         vertex 0.6125 0.1000 0.6000
      endloop
   endfacet
   facet normal -0.7071 -0.7071 0.0000
      outer loop
         vertex 0.7125 0.0000 0.0000
         vertex 0.6125 0.1000 0.6000
         vertex 0.6125 0.1000 0.5600
      endloop
   endfacet
   facet normal -0.7071 -0.7071 0.0000
      outer loop
         vertex 0.7125 0.0000 0.0000
         vertex 0.6125 0.1000 0.5600
         vertex 0.6125 0.1000 0.0000
      endloop
   endfacet
   facet normal 0.0000 -1.0000 0.0000
      outer loop
         vertex 0.9000 0.2000 0.0000
         vertex 0.6125 0.2000 0.0000
         vertex 0.6125 0.2000 -0.1600
      endloop
   endfacet
   facet normal 0.0000 -1.0000 0.0000
      outer loop
         vertex 0.9000 0.2000 0.0000
         vertex 0.6125 0.2000 -0.1600
         vertex 0.6125 0.2000 -0.5500
      endloop
   endfacet
   facet normal 0.0000 -1.0000 0.0000
      outer loop
         vertex 0.9000 0.2000 0.0000
         vertex 0.6125 0.2000 -0.5500
         vertex 0.9000 0.2000 -0.5500
      endloop
   endfacet
   facet normal 0.0000 0.0000 1.0000
      outer loop
         vertex 0.6125 0.2000 -0.5500
         vertex 0.6125 0.1000 -0.5500
         vertex 0.7125 0.0000 -0.5500
      endloop
   endfacet
   facet normal 0.0000 0.0000 1.0000
      outer loop
         vertex 0.6125 0.2000 -0.5500
         vertex 0.7125 0.0000 -0.5500
         vertex 0.9000 0.0000 -0.5500
      endloop
   endfacet
   facet normal 0.0000 0.0000 1.0000
      outer loop
         vertex 0.6125 0.2000 -0.5500
         vertex 0.9000 0.0000 -0.5500
         vertex 0.9000 0.2000 -0.5500
      endloop
   endfacet
   facet normal 0.0000 0.0000 -1.0000
      outer loop
         vertex 2.0000 0.0000 0.0500
         vertex 1.5000 0.0000 0.0500
         vertex 1.5000 0.3000 0.0500
      endloop
   endfacet
   facet normal 0.0000 0.0000 -1.0000
      outer loop
         vertex 2.0000 0.0000 0.0500
         vertex 1.5000 0.3000 0.0500
         vertex 1.7000 0.3000 0.0500
      endloop
   endfacet
   facet normal 0.0000 0.0000 -1.0000
      outer loop
         vertex 2.0000 0.0000 0.0500
         vertex 1.7000 0.3000 0.0500
         vertex 1.7000 0.5000 0.0500
      endloop
   endfacet
   facet normal 0.0000 0.0000 -1.0000
      outer loop
         vertex 2.0000 0.0000 0.0500
         vertex 1.7000 0.5000 0.0500
         vertex 2.0000 0.5000 0.0500
      endloop
   endfacet
   facet normal -1.0000 0.0000 0.0000
      outer loop
         vertex 1.7000 0.3000 0.0500
         vertex 1.7000 0.3000 0.7500
         vertex 1.7000 0.5000 0.7500
      endloop
   endfacet
   facet normal -1.0000 0.0000 0.0000
      outer loop
         vertex 1.7000 0.3000 0.0500
         vertex 1.7000 0.5000 0.7500
         vertex 1.7000 0.5000 0.0500
      endloop
   endfacet
   facet normal 0.0000 -1.0000 0.0000
      outer loop
         vertex 1.7000 0.5000 0.0500
         vertex 1.7000 0.5000 0.7500
         vertex 1.5000 0.5000 0.7500
      endloop
   endfacet
   facet normal 0.0000 -1.0000 0.0000
      outer loop
         vertex 1.7000 0.5000 0.0500
         vertex 1.5000 0.5000 0.7500
         vertex 1.5000 0.5000 0.0500
      endloop
   endfacet
   facet normal 0.0000 1.0000 0.0000
      outer loop
         vertex 1.7000 0.3000 0.7500
         vertex 1.7000 0.3000 0.0500
         vertex 1.5000 0.3000 0.0500
      endloop
   endfacet
   facet normal 0.0000 1.0000 0.0000
      outer loop
         vertex 1.7000 0.3000 0.7500
         vertex 1.5000 0.3000 0.0500
         vertex 1.5000 0.3000 0.7500
      endloop
   endfacet
   facet normal 0.0000 0.0000 -1.0000
      outer loop
         vertex 1.5000 0.7500 -0.2500
         vertex 1.5000 1.0000 -0.2500
         vertex 1.7000 1.0000 -0.2500
      endloop
   endfacet
   facet normal 0.0000 0.0000 -1.0000
      outer loop
         vertex 1.5000 0.7500 -0.2500
         vertex 1.7000 1.0000 -0.2500
         vertex 1.7000 0.7500 -0.2500
      endloop
   endfacet
   facet normal -1.0000 0.0000 0.0000
      outer loop
         vertex 1.2500 4.2500 -0.6000
         vertex 1.2500 4.2500 -1.1000
         vertex 1.2500 1.6000 -0.6000
      endloop
   endfacet
   facet normal -1.0000 0.0000 0.0000
      outer loop
         vertex 1.2500 1.6000 -0.6000
         vertex 1.2500 4.2500 -1.1000
         vertex 1.2500 1.2500 -1.1000
      endloop
   endfacet
   facet normal -1.0000 0.0000 0.0000
      outer loop
         vertex 1.2500 1.6000 -0.6000
         vertex 1.2500 1.2500 -1.1000
         vertex 1.2500 1.6000 0.1000
      endloop
   endfacet
   facet normal -1.0000 0.0000 0.0000
      outer loop
         vertex 1.2500 1.6000 0.1000
         vertex 1.2500 1.2500 -1.1000
         vertex 1.2500 1.2500 1.1000
      endloop
   endfacet
   facet normal -1.0000 0.0000 0.0000
      outer loop
         vertex 1.2500 1.6000 0.1000
         vertex 1.2500 1.2500 1.1000
         vertex 1.2500 4.2500 1.1000
      endloop
   endfacet
   facet normal -1.0000 0.0000 0.0000
      outer loop
         vertex 1.2500 1.6000 0.1000
         vertex 1.2500 4.2500 1.1000
         vertex 1.2500 4.2500 0.1000
      endloop
   endfacet
   facet normal 0.0000 1.0000 0.0000
      outer loop
         vertex 1.6500 1.6000 -0.6000
         vertex 1.2500 1.6000 -0.6000
         vertex 1.2500 1.6000 0.1000
      endloop
   endfacet
   facet normal 0.0000 1.0000 0.0000
      outer loop
         vertex 1.6500 1.6000 -0.6000
         vertex 1.2500 1.6000 0.1000
         vertex 1.6500 1.6000 0.1000
      endloop
   endfacet
   facet normal -1.0000 0.0000 0.0000
      outer loop
         vertex 1.6500 4.2500 0.1000
         vertex 1.6500 4.2500 -0.6000
         vertex 1.6500 1.6000 -0.6000
      endloop
   endfacet
   facet normal -1.0000 0.0000 0.0000
      outer loop
         vertex 1.6500 4.2500 0.1000
         vertex 1.6500 1.6000 -0.6000
         vertex 1.6500 1.6000 0.1000
      endloop
   endfacet
   facet normal 0.0000 1.0000 0.0000
      outer loop
         vertex 2.0000 3.7500 0.9500
         vertex 2.0000 3.7500 0.4500
         vertex 1.7000 3.7500 0.4500
      endloop
   endfacet
   facet normal 0.0000 1.0000 0.0000
      outer loop
         vertex 2.0000 3.7500 0.9500
         vertex 1.7000 3.7500 0.4500
         vertex 1.7000 3.7500 0.7000
      endloop
   endfacet
   facet normal 0.0000 1.0000 0.0000
      outer loop
         vertex 2.0000 3.7500 0.9500
         vertex 1.7000 3.7500 0.7000
         vertex 1.5000 3.7500 0.7000
      endloop
   endfacet
   facet normal 0.0000 1.0000 0.0000
      outer loop
         vertex 2.0000 3.7500 0.9500
         vertex 1.5000 3.7500 0.7000
         vertex 1.5000 3.7500 0.9500
      endloop
   endfacet
   facet normal -1.0000 0.0000 0.0000
      outer loop
         vertex 1.7000 3.0500 0.4500
         vertex 1.7000 3.0500 0.7000
         vertex 1.7000 3.7500 0.7000
      endloop
   endfacet
   facet normal -1.0000 0.0000 0.0000
      outer loop
         vertex 1.7000 3.0500 0.4500
         vertex 1.7000 3.7500 0.7000
         vertex 1.7000 3.7500 0.4500
      endloop
   endfacet
   facet normal 0.0000 1.0000 0.0000
      outer loop
         vertex 2.0000 1.7500 0.1000
         vertex 2.0000 1.7500 -0.6000
         vertex 1.9000 1.7500 -0.6000
      endloop
   endfacet
   facet normal 0.0000 1.0000 0.0000
      outer loop
         vertex 2.0000 1.7500 0.1000
         vertex 1.9000 1.7500 -0.6000
         vertex 1.9000 1.7500 0.1000
      endloop
   endfacet
   facet normal 1.0000 0.0000 0.0000
      outer loop
         vertex 1.9000 4.2500 0.1000
         vertex 1.9000 1.7500 0.1000
         vertex 1.9000 1.7500 -0.6000
      endloop
   endfacet
   facet normal 1.0000 0.0000 0.0000
      outer loop
         vertex 1.9000 4.2500 0.1000
         vertex 1.9000 1.7500 -0.6000
         vertex 1.9000 4.2500 -0.6000
      endloop
   endfacet
   facet normal 0.0000 0.0000 -1.0000
      outer loop
         vertex 2.0000 4.2500 0.1000
         vertex 2.0000 1.7500 0.1000
         vertex 1.9000 1.7500 0.1000
      endloop
   endfacet
   facet normal 0.0000 0.0000 -1.0000
      outer loop
         vertex 2.0000 4.2500 0.1000
         vertex 1.9000 1.7500 0.1000
         vertex 1.9000 4.2500 0.1000
      endloop
   endfacet
   facet normal 0.0000 0.0000 1.0000
      outer loop
         vertex 1.5000 3.0500 0.4500
         vertex 1.7000 3.0500 0.4500
         vertex 1.7000 3.7500 0.4500
      endloop
   endfacet
   facet normal 0.0000 0.0000 1.0000
      outer loop
         vertex 1.5000 3.0500 0.4500
         vertex 1.7000 3.7500 0.4500
         vertex 1.5000 3.7500 0.4500
      endloop
   endfacet
   facet normal 0.0000 1.0000 0.0000
      outer loop
         vertex 1.7000 3.0500 0.4500
         vertex 1.5000 3.0500 0.4500
         vertex 1.5000 3.0500 0.7000
      endloop
   endfacet
   facet normal 0.0000 1.0000 0.0000
      outer loop
         vertex 1.7000 3.0500 0.4500
         vertex 1.5000 3.0500 0.7000
         vertex 1.7000 3.0500 0.7000
      endloop
   endfacet
   facet normal 0.0000 0.0000 1.0000
      outer loop
         vertex 1.7000 3.7500 0.4500
         vertex 2.0000 3.7500 0.4500
         vertex 2.0000 4.2500 0.4500
      endloop
   endfacet
   facet normal 0.0000 0.0000 1.0000
      outer loop
         vertex 1.7000 3.7500 0.4500
         vertex 2.0000 4.2500 0.4500
         vertex 1.5000 4.2500 0.4500
      endloop
   endfacet
   facet normal 0.0000 0.0000 1.0000
      outer loop
         vertex 1.7000 3.7500 0.4500
         vertex 1.5000 4.2500 0.4500
         vertex 1.5000 3.7500 0.4500
      endloop
   endfacet
   facet normal 0.0000 0.0000 -1.0000
      outer loop
         vertex 1.2500 4.2500 0.1000
         vertex 1.6500 4.2500 0.1000
         vertex 1.6500 1.6000 0.1000
      endloop
   endfacet
   facet normal 0.0000 0.0000 -1.0000
      outer loop
         vertex 1.2500 4.2500 0.1000
         vertex 1.6500 1.6000 0.1000
         vertex 1.2500 1.6000 0.1000
      endloop
   endfacet
   facet normal 1.0000 0.0000 0.0000
      outer loop
         vertex 1.5000 3.0500 0.7000
         vertex 1.5000 3.0500 0.4500
         vertex 1.5000 3.7500 0.4500
      endloop
   endfacet
   facet normal 1.0000 0.0000 0.0000
      outer loop
         vertex 1.5000 3.0500 0.7000
         vertex 1.5000 3.7500 0.4500
         vertex 1.5000 3.7500 0.7000
      endloop
   endfacet
   facet normal 1.0000 0.0000 0.0000
      outer loop
         vertex 0.3875 0.2000 0.0000
         vertex 0.3875 0.2000 -0.1600
         vertex 0.3875 0.5000 -0.1600
      endloop
   endfacet
   facet normal 1.0000 0.0000 0.0000
      outer loop
         vertex 0.3875 0.2000 0.0000
         vertex 0.3875 0.5000 -0.1600
         vertex 0.3875 0.5000 0.5600
      endloop
   endfacet
   facet normal 1.0000 0.0000 0.0000
      outer loop
         vertex 0.3875 0.2000 0.0000
         vertex 0.3875 0.5000 0.5600
         vertex 0.3875 0.1000 0.5600
      endloop
   endfacet
   facet normal 1.0000 0.0000 0.0000
      outer loop
         vertex 0.3875 0.2000 0.0000
         vertex 0.3875 0.1000 0.5600
         vertex 0.3875 0.1000 0.0000
      endloop
   endfacet
   facet normal 1.0000 0.0000 0.0000
      outer loop
         vertex 0.3875 0.5000 -0.1600
         vertex 0.3875 0.2000 -0.1600
         vertex 0.3875 0.5000 -0.6000
      endloop
   endfacet
   facet normal 1.0000 0.0000 0.0000
      outer loop
         vertex 0.3875 0.5000 -0.1600
         vertex 0.3875 0.5000 -0.6000
         vertex 0.3875 1.2500 -0.6000
      endloop
   endfacet
   facet normal 1.0000 0.0000 0.0000
      outer loop
         vertex 0.3875 0.5000 -0.1600
         vertex 0.3875 1.2500 -0.6000
         vertex 0.3875 1.2500 -0.1600
      endloop
   endfacet
   facet normal 1.0000 0.0000 0.0000
      outer loop
         vertex 0.3875 0.5000 -0.6000
         vertex 0.3875 0.2000 -0.1600
         vertex 0.3875 0.2000 -0.5500
      endloop
   endfacet
   facet normal 1.0000 0.0000 0.0000
      outer loop
         vertex 0.3875 0.5000 -0.6000
         vertex 0.3875 0.2000 -0.5500
         vertex 0.3875 0.1000 -0.5500
      endloop
   endfacet
   facet normal 1.0000 0.0000 0.0000
      outer loop
         vertex 0.3875 0.5000 -0.6000
         vertex 0.3875 0.1000 -0.5500
         vertex 0.3875 0.1000 -0.6000
      endloop
   endfacet
   facet normal 0.7071 -0.7071 0.0000
      outer loop
         vertex 0.2875 0.0000 0.6000
         vertex 0.2875 0.0000 0.0000
         vertex 0.3875 0.1000 0.0000
      endloop
   endfacet
   facet normal 0.7071 -0.7071 0.0000
      outer loop
         vertex 0.2875 0.0000 0.6000
         vertex 0.3875 0.1000 0.0000
         vertex 0.3875 0.1000 0.5600
      endloop
   endfacet
   facet normal 0.7071 -0.7071 0.0000
      outer loop
         vertex 0.2875 0.0000 0.6000
         vertex 0.3875 0.1000 0.5600
         vertex 0.3875 0.1000 0.6000
      endloop
   endfacet
   facet normal 0.0000 0.0000 -1.0000
      outer loop
         vertex 0.3875 0.5000 -0.1600
         vertex 0.3875 1.2500 -0.1600
         vertex 0.6125 1.2500 -0.1600
      endloop
   endfacet
   facet normal 0.0000 0.0000 -1.0000
      outer loop
         vertex 0.3875 0.5000 -0.1600
         vertex 0.6125 1.2500 -0.1600
         vertex 0.6125 0.5000 -0.1600
      endloop
   endfacet
   facet normal 0.0000 -1.0000 0.0000
      outer loop
         vertex 0.6125 0.5000 -0.1600
         vertex 0.6125 0.5000 0.5600
         vertex 0.3875 0.5000 0.5600
      endloop
   endfacet
   facet normal 0.0000 -1.0000 0.0000
      outer loop
         vertex 0.6125 0.5000 -0.1600
         vertex 0.3875 0.5000 0.5600
         vertex 0.3875 0.5000 -0.1600
      endloop
   endfacet
   facet normal 0.0000 0.0000 -1.0000
      outer loop
         vertex 1.5000 3.0500 0.7000
         vertex 1.5000 3.7500 0.7000
         vertex 1.7000 3.7500 0.7000
      endloop
   endfacet
   facet normal 0.0000 0.0000 -1.0000
      outer loop
         vertex 1.5000 3.0500 0.7000
         vertex 1.7000 3.7500 0.7000
         vertex 1.7000 3.0500 0.7000
      endloop
   endfacet
   facet normal 0.0000 0.0000 1.0000
      outer loop
         vertex 0.6125 1.2500 0.7000
         vertex 0.6125 0.2000 0.7000
         vertex 0.9000 0.2000 0.7000
      endloop
   endfacet
   facet normal 0.0000 0.0000 1.0000
      outer loop
         vertex 0.6125 1.2500 0.7000
         vertex 0.9000 0.2000 0.7000
         vertex 0.9000 1.2500 0.7000
      endloop
   endfacet
   facet normal 0.0000 0.0000 1.0000
      outer loop
         vertex 0.3875 0.2000 0.7000
         vertex 0.3875 1.2500 0.7000
         vertex 0.1000 1.2500 0.7000
      endloop
   endfacet
   facet normal 0.0000 0.0000 1.0000
      outer loop
         vertex 0.3875 0.2000 0.7000
         vertex 0.1000 1.2500 0.7000
         vertex 0.1000 0.2000 0.7000
      endloop
   endfacet
   facet normal -1.0000 0.0000 0.0000
      outer loop
         vertex 0.6125 0.2000 0.6000
         vertex 0.6125 0.2000 0.7000
         vertex 0.6125 1.2500 0.7000
      endloop
   endfacet
   facet normal -1.0000 0.0000 0.0000
      outer loop
         vertex 0.6125 0.2000 0.6000
         vertex 0.6125 1.2500 0.7000
         vertex 0.6125 0.5000 0.5600
      endloop
   endfacet
   facet normal -1.0000 0.0000 0.0000
      outer loop
         vertex 0.6125 0.2000 0.6000
         vertex 0.6125 0.5000 0.5600
         vertex 0.6125 0.1000 0.5600
      endloop
   endfacet
   facet normal -1.0000 0.0000 0.0000
      outer loop
         vertex 0.6125 0.2000 0.6000
         vertex 0.6125 0.1000 0.5600
         vertex 0.6125 0.1000 0.6000
      endloop
   endfacet
   facet normal -1.0000 0.0000 0.0000
      outer loop
         vertex 0.6125 0.5000 0.5600
         vertex 0.6125 1.2500 0.7000
         vertex 0.6125 1.2500 0.5600
      endloop
   endfacet
   facet normal -1.0000 0.0000 0.0000
      outer loop
         vertex 0.9000 0.0000 0.6000
         vertex 0.9000 0.0000 0.7000
         vertex 0.9000 0.2000 0.7000
      endloop
   endfacet
   facet normal -1.0000 0.0000 0.0000
      outer loop
         vertex 0.9000 0.0000 0.6000
         vertex 0.9000 0.2000 0.7000
         vertex 0.9000 0.2000 0.6000
      endloop
   endfacet
   facet normal 0.0000 -1.0000 0.0000
      outer loop
         vertex 0.9000 0.2000 0.7000
         vertex 0.6125 0.2000 0.7000
         vertex 0.6125 0.2000 0.6000
      endloop
   endfacet
   facet normal 0.0000 -1.0000 0.0000
      outer loop
         vertex 0.9000 0.2000 0.7000
         vertex 0.6125 0.2000 0.6000
         vertex 0.9000 0.2000 0.6000
      endloop
   endfacet
   facet normal 0.0000 0.0000 1.0000
      outer loop
         vertex 0.6125 0.2000 0.6000
         vertex 0.6125 0.1000 0.6000
         vertex 0.7125 0.0000 0.6000
      endloop
   endfacet
   facet normal 0.0000 0.0000 1.0000
      outer loop
         vertex 0.6125 0.2000 0.6000
         vertex 0.7125 0.0000 0.6000
         vertex 0.9000 0.0000 0.6000
      endloop
   endfacet
   facet normal 0.0000 0.0000 1.0000
      outer loop
         vertex 0.6125 0.2000 0.6000
         vertex 0.9000 0.0000 0.6000
         vertex 0.9000 0.2000 0.6000
      endloop
   endfacet
   facet normal 1.0000 0.0000 0.0000
      outer loop
         vertex 0.3875 0.5000 0.5600
         vertex 0.3875 1.2500 0.5600
         vertex 0.3875 1.2500 0.7000
      endloop
   endfacet
   facet normal 1.0000 0.0000 0.0000
      outer loop
         vertex 0.3875 0.5000 0.5600
         vertex 0.3875 1.2500 0.7000
         vertex 0.3875 0.2000 0.7000
      endloop
   endfacet
   facet normal 1.0000 0.0000 0.0000
      outer loop
         vertex 0.3875 0.5000 0.5600
         vertex 0.3875 0.2000 0.7000
         vertex 0.3875 0.2000 0.6000
      endloop
   endfacet
   facet normal 1.0000 0.0000 0.0000
      outer loop
         vertex 0.3875 0.5000 0.5600
         vertex 0.3875 0.2000 0.6000
         vertex 0.3875 0.1000 0.6000
      endloop
   endfacet
   facet normal 1.0000 0.0000 0.0000
      outer loop
         vertex 0.3875 0.5000 0.5600
         vertex 0.3875 0.1000 0.6000
         vertex 0.3875 0.1000 0.5600
      endloop
   endfacet
   facet normal 1.0000 0.0000 0.0000
      outer loop
         vertex 2.0000 4.2500 0.4500
         vertex 2.0000 3.7500 0.4500
         vertex 2.0000 4.2500 0.1000
      endloop
   endfacet
   facet normal 1.0000 0.0000 0.0000
      outer loop
         vertex 2.0000 4.2500 0.1000
         vertex 2.0000 3.7500 0.4500
         vertex 2.0000 2.7500 0.9500
      endloop
   endfacet
   facet normal 1.0000 0.0000 0.0000
      outer loop
         vertex 2.0000 4.2500 0.1000
         vertex 2.0000 2.7500 0.9500
         vertex 2.0000 1.7500 0.1000
      endloop
   endfacet
   facet normal 1.0000 0.0000 0.0000
      outer loop
         vertex 2.0000 1.7500 0.1000
         vertex 2.0000 2.7500 0.9500
         vertex 2.0000 2.7500 1.3500
      endloop
   endfacet
   facet normal 1.0000 0.0000 0.0000
      outer loop
         vertex 2.0000 1.7500 0.1000
         vertex 2.0000 2.7500 1.3500
         vertex 2.0000 0.5000 0.0500
      endloop
   endfacet
   facet normal 1.0000 0.0000 0.0000
      outer loop
         vertex 2.0000 0.5000 0.0500
         vertex 2.0000 2.7500 1.3500
         vertex 2.0000 0.0000 1.3500
      endloop
   endfacet
   facet normal 1.0000 0.0000 0.0000
      outer loop
         vertex 2.0000 0.5000 0.0500
         vertex 2.0000 0.0000 1.3500
         vertex 2.0000 0.0000 0.0500
      endloop
   endfacet
   facet normal 1.0000 0.0000 0.0000
      outer loop
         vertex 2.0000 1.0000 -0.9500
         vertex 2.0000 1.0000 -1.4500
         vertex 2.0000 4.2500 -1.4500
      endloop
   endfacet
   facet normal 1.0000 0.0000 0.0000
      outer loop
         vertex 2.0000 1.0000 -0.9500
         vertex 2.0000 4.2500 -1.4500
         vertex 2.0000 1.7500 -0.6000
      endloop
   endfacet
   facet normal 1.0000 0.0000 0.0000
      outer loop
         vertex 2.0000 1.0000 -0.9500
         vertex 2.0000 1.7500 -0.6000
         vertex 2.0000 1.7500 0.1000
      endloop
   endfacet
   facet normal 1.0000 0.0000 0.0000
      outer loop
         vertex 2.0000 1.0000 -0.9500
         vertex 2.0000 1.7500 0.1000
         vertex 2.0000 0.5000 0.0500
      endloop
   endfacet
   facet normal 1.0000 0.0000 0.0000
      outer loop
         vertex 2.0000 1.0000 -0.9500
         vertex 2.0000 0.5000 0.0500
         vertex 2.0000 0.5000 -0.9500
      endloop
   endfacet
   facet normal 1.0000 0.0000 0.0000
      outer loop
         vertex 2.0000 1.7500 -0.6000
         vertex 2.0000 4.2500 -1.4500
         vertex 2.0000 4.2500 -0.6000
      endloop
   endfacet
   facet normal 1.0000 0.0000 0.0000
      outer loop
         vertex 2.0000 3.7500 0.9500
         vertex 2.0000 2.7500 0.9500
         vertex 2.0000 3.7500 0.4500
      endloop
   endfacet
   facet normal 0.0000 0.0000 -1.0000
      outer loop
         vertex 0.9000 1.2500 1.1000
         vertex 0.9000 4.2500 1.1000
         vertex 1.2500 4.2500 1.1000
      endloop
   endfacet
   facet normal 0.0000 0.0000 -1.0000
      outer loop
         vertex 0.9000 1.2500 1.1000
         vertex 1.2500 4.2500 1.1000
         vertex 1.2500 1.2500 1.1000
      endloop
   endfacet
   facet normal 0.0000 0.0000 -1.0000
      outer loop
         vertex 0.3250 1.7500 1.1000
         vertex 0.6750 1.7500 1.1000
         vertex 0.3875 0.5000 1.1000
      endloop
   endfacet
   facet normal 0.0000 0.0000 -1.0000
      outer loop
         vertex 0.3250 1.7500 1.1000
         vertex 0.3875 0.5000 1.1000
         vertex 0.3875 0.1000 1.1000
      endloop
   endfacet
   facet normal 0.0000 0.0000 -1.0000
      outer loop
         vertex 0.3250 1.7500 1.1000
         vertex 0.3875 0.1000 1.1000
         vertex 0.2875 0.0000 1.1000
      endloop
   endfacet
   facet normal 0.0000 0.0000 -1.0000
      outer loop
         vertex 0.3250 1.7500 1.1000
         vertex 0.2875 0.0000 1.1000
         vertex 0.1000 0.0000 1.1000
      endloop
   endfacet
   facet normal 0.0000 0.0000 -1.0000
      outer loop
         vertex 0.3250 1.7500 1.1000
         vertex 0.1000 0.0000 1.1000
         vertex 0.1000 0.2000 1.1000
      endloop
   endfacet
   facet normal 0.0000 0.0000 -1.0000
      outer loop
         vertex 0.3250 1.7500 1.1000
         vertex 0.1000 0.2000 1.1000
         vertex 0.1000 1.2500 1.1000
      endloop
   endfacet
   facet normal 0.0000 0.0000 -1.0000
      outer loop
         vertex 0.3250 1.7500 1.1000
         vertex 0.1000 1.2500 1.1000
         vertex 0.1000 1.7500 1.1000
      endloop
   endfacet
   facet normal 0.0000 0.0000 -1.0000
      outer loop
         vertex 0.6750 1.7500 1.1000
         vertex 0.6750 2.4674 1.1000
         vertex 0.9000 4.2500 1.1000
      endloop
   endfacet
   facet normal 0.0000 0.0000 -1.0000
      outer loop
         vertex 0.6750 1.7500 1.1000
         vertex 0.9000 4.2500 1.1000
         vertex 0.7125 0.0000 1.1000
      endloop
   endfacet
   facet normal 0.0000 0.0000 -1.0000
      outer loop
         vertex 0.6750 1.7500 1.1000
         vertex 0.7125 0.0000 1.1000
         vertex 0.6125 0.1000 1.1000
      endloop
   endfacet
   facet normal 0.0000 0.0000 -1.0000
      outer loop
         vertex 0.6750 1.7500 1.1000
         vertex 0.6125 0.1000 1.1000
         vertex 0.6125 0.5000 1.1000
      endloop
   endfacet
   facet normal 0.0000 0.0000 -1.0000
      outer loop
         vertex 0.6750 1.7500 1.1000
         vertex 0.6125 0.5000 1.1000
         vertex 0.3875 0.5000 1.1000
      endloop
   endfacet
   facet normal 0.0000 0.0000 -1.0000
      outer loop
         vertex 0.7125 0.0000 1.1000
         vertex 0.9000 4.2500 1.1000
         vertex 0.9000 1.2500 1.1000
      endloop
   endfacet
   facet normal 0.0000 0.0000 -1.0000
      outer loop
         vertex 0.7125 0.0000 1.1000
         vertex 0.9000 1.2500 1.1000
         vertex 0.9000 0.0000 1.1000
      endloop
   endfacet
   facet normal 0.0000 0.0000 -1.0000
      outer loop
         vertex 0.9000 4.2500 1.1000
         vertex 0.6750 2.4674 1.1000
         vertex 0.3250 2.4674 1.1000
      endloop
   endfacet
   facet normal 0.0000 0.0000 -1.0000
      outer loop
         vertex 0.9000 4.2500 1.1000
         vertex 0.3250 2.4674 1.1000
         vertex 0.1000 2.4674 1.1000
      endloop
   endfacet
   facet normal 0.0000 0.0000 -1.0000
      outer loop
         vertex 0.9000 4.2500 1.1000
         vertex 0.1000 2.4674 1.1000
         vertex 0.1000 4.2500 1.1000
      endloop
   endfacet
   facet normal 0.0000 0.0000 1.0000
      outer loop
         vertex -1.2500 1.2500 1.3500
         vertex -1.2500 4.2500 1.3500
         vertex -1.5000 4.2500 1.3500
      endloop
   endfacet
   facet normal 0.0000 0.0000 1.0000
      outer loop
         vertex -1.2500 1.2500 1.3500
         vertex -1.5000 4.2500 1.3500
         vertex -1.5000 2.7500 1.3500
      endloop
   endfacet
   facet normal 0.0000 0.0000 1.0000
      outer loop
         vertex -1.2500 1.2500 1.3500
         vertex -1.5000 2.7500 1.3500
         vertex -2.0000 2.7500 1.3500
      endloop
   endfacet
   facet normal 0.0000 0.0000 1.0000
      outer loop
         vertex -1.2500 1.2500 1.3500
         vertex -2.0000 2.7500 1.3500
         vertex -0.7125 0.0000 1.3500
      endloop
   endfacet
   facet normal 0.0000 0.0000 1.0000
      outer loop
         vertex -1.2500 1.2500 1.3500
         vertex -0.7125 0.0000 1.3500
         vertex -0.6125 0.5000 1.3500
      endloop
   endfacet
   facet normal 0.0000 0.0000 1.0000
      outer loop
         vertex -1.2500 1.2500 1.3500
         vertex -0.6125 0.5000 1.3500
         vertex 1.2500 1.2500 1.3500
      endloop
   endfacet
   facet normal 0.0000 0.0000 1.0000
      outer loop
         vertex 1.5000 2.7500 1.3500
         vertex 1.5000 4.2500 1.3500
         vertex 1.2500 4.2500 1.3500
      endloop
   endfacet
   facet normal 0.0000 0.0000 1.0000
      outer loop
         vertex 1.5000 2.7500 1.3500
         vertex 1.2500 4.2500 1.3500
         vertex 1.2500 1.2500 1.3500
      endloop
   endfacet
   facet normal 0.0000 0.0000 1.0000
      outer loop
         vertex 1.5000 2.7500 1.3500
         vertex 1.2500 1.2500 1.3500
         vertex 2.0000 0.0000 1.3500
      endloop
   endfacet
   facet normal 0.0000 0.0000 1.0000
      outer loop
         vertex 1.5000 2.7500 1.3500
         vertex 2.0000 0.0000 1.3500
         vertex 2.0000 2.7500 1.3500
      endloop
   endfacet
   facet normal 0.0000 0.0000 1.0000
      outer loop
         vertex 1.2500 1.2500 1.3500
         vertex -0.6125 0.5000 1.3500
         vertex -0.3875 0.5000 1.3500
      endloop
   endfacet
   facet normal 0.0000 0.0000 1.0000
      outer loop
         vertex 1.2500 1.2500 1.3500
         vertex -0.3875 0.5000 1.3500
         vertex -0.2875 0.0000 1.3500
      endloop
   endfacet
   facet normal 0.0000 0.0000 1.0000
      outer loop
         vertex 1.2500 1.2500 1.3500
         vertex -0.2875 0.0000 1.3500
         vertex 0.3875 0.5000 1.3500
      endloop
   endfacet
   facet normal 0.0000 0.0000 1.0000
      outer loop
         vertex 1.2500 1.2500 1.3500
         vertex 0.3875 0.5000 1.3500
         vertex 0.6125 0.5000 1.3500
      endloop
   endfacet
   facet normal 0.0000 0.0000 1.0000
      outer loop
         vertex 1.2500 1.2500 1.3500
         vertex 0.6125 0.5000 1.3500
         vertex 0.7125 0.0000 1.3500
      endloop
   endfacet
   facet normal 0.0000 0.0000 1.0000
      outer loop
         vertex 1.2500 1.2500 1.3500
         vertex 0.7125 0.0000 1.3500
         vertex 2.0000 0.0000 1.3500
      endloop
   endfacet
   facet normal 0.0000 0.0000 1.0000
      outer loop
         vertex 0.3875 0.5000 1.3500
         vertex -0.2875 0.0000 1.3500
         vertex 0.2875 0.0000 1.3500
      endloop
   endfacet
   facet normal 0.0000 0.0000 1.0000
      outer loop
         vertex 0.3875 0.5000 1.3500
         vertex 0.2875 0.0000 1.3500
         vertex 0.3875 0.1000 1.3500
      endloop
   endfacet
   facet normal 0.0000 0.0000 1.0000
      outer loop
         vertex -0.2875 0.0000 1.3500
         vertex -0.3875 0.5000 1.3500
         vertex -0.3875 0.1000 1.3500
      endloop
   endfacet
   facet normal 0.0000 0.0000 1.0000
      outer loop
         vertex 0.7125 0.0000 1.3500
         vertex 0.6125 0.5000 1.3500
         vertex 0.6125 0.1000 1.3500
      endloop
   endfacet
   facet normal 0.0000 0.0000 1.0000
      outer loop
         vertex -0.7125 0.0000 1.3500
         vertex -2.0000 2.7500 1.3500
         vertex -2.0000 0.0000 1.3500
      endloop
   endfacet
   facet normal 0.0000 0.0000 1.0000
      outer loop
         vertex -0.6125 0.5000 1.3500
         vertex -0.7125 0.0000 1.3500
         vertex -0.6125 0.1000 1.3500
      endloop
   endfacet
   facet normal 1.0000 0.0000 0.0000
      outer loop
         vertex 1.5000 2.0500 1.1500
         vertex 1.5000 2.0500 0.9500
         vertex 1.5000 2.7500 0.9500
      endloop
   endfacet
   facet normal 1.0000 0.0000 0.0000
      outer loop
         vertex 1.5000 2.0500 1.1500
         vertex 1.5000 2.7500 0.9500
         vertex 1.5000 2.7500 1.1500
      endloop
   endfacet
   facet normal 1.0000 0.0000 0.0000
      outer loop
         vertex 1.5000 3.7500 0.9500
         vertex 1.5000 3.7500 0.7000
         vertex 1.5000 4.2500 0.4500
      endloop
   endfacet
   facet normal 1.0000 0.0000 0.0000
      outer loop
         vertex 1.5000 3.7500 0.9500
         vertex 1.5000 4.2500 0.4500
         vertex 1.5000 4.2500 1.3500
      endloop
   endfacet
   facet normal 1.0000 0.0000 0.0000
      outer loop
         vertex 1.5000 3.7500 0.9500
         vertex 1.5000 4.2500 1.3500
         vertex 1.5000 2.7500 1.3500
      endloop
   endfacet
   facet normal 1.0000 0.0000 0.0000
      outer loop
         vertex 1.5000 3.7500 0.9500
         vertex 1.5000 2.7500 1.3500
         vertex 1.5000 2.7500 1.1500
      endloop
   endfacet
   facet normal 1.0000 0.0000 0.0000
      outer loop
         vertex 1.5000 3.7500 0.9500
         vertex 1.5000 2.7500 1.1500
         vertex 1.5000 2.7500 0.9500
      endloop
   endfacet
   facet normal 1.0000 0.0000 0.0000
      outer loop
         vertex 1.5000 4.2500 0.4500
         vertex 1.5000 3.7500 0.7000
         vertex 1.5000 3.7500 0.4500
      endloop
   endfacet
   facet normal 1.0000 0.0000 0.0000
      outer loop
         vertex 0.3875 0.1000 1.3500
         vertex 0.3875 0.1000 1.1000
         vertex 0.3875 0.5000 1.1000
      endloop
   endfacet
   facet normal 1.0000 0.0000 0.0000
      outer loop
         vertex 0.3875 0.1000 1.3500
         vertex 0.3875 0.5000 1.1000
         vertex 0.3875 0.5000 1.3500
      endloop
   endfacet
   facet normal 0.7071 -0.7071 0.0000
      outer loop
         vertex 0.2875 0.0000 1.3500
         vertex 0.2875 0.0000 1.1000
         vertex 0.3875 0.1000 1.1000
      endloop
   endfacet
   facet normal 0.7071 -0.7071 0.0000
      outer loop
         vertex 0.2875 0.0000 1.3500
         vertex 0.3875 0.1000 1.1000
         vertex 0.3875 0.1000 1.3500
      endloop
   endfacet
   facet normal -0.7071 -0.7071 0.0000
      outer loop
         vertex 0.6125 0.1000 1.3500
         vertex 0.6125 0.1000 1.1000
         vertex 0.7125 0.0000 1.1000
      endloop
   endfacet
   facet normal -0.7071 -0.7071 0.0000
      outer loop
         vertex 0.6125 0.1000 1.3500
         vertex 0.7125 0.0000 1.1000
         vertex 0.7125 0.0000 1.3500
      endloop
   endfacet
   facet normal 0.0000 -1.0000 0.0000
      outer loop
         vertex 0.3875 0.5000 1.3500
         vertex 0.3875 0.5000 1.1000
         vertex 0.6125 0.5000 1.1000
      endloop
   endfacet
   facet normal 0.0000 -1.0000 0.0000
      outer loop
         vertex 0.3875 0.5000 1.3500
         vertex 0.6125 0.5000 1.1000
         vertex 0.6125 0.5000 1.3500
      endloop
   endfacet
   facet normal -1.0000 0.0000 0.0000
      outer loop
         vertex 0.6125 0.1000 1.1000
         vertex 0.6125 0.1000 1.3500
         vertex 0.6125 0.5000 1.3500
      endloop
   endfacet
   facet normal -1.0000 0.0000 0.0000
      outer loop
         vertex 0.6125 0.1000 1.1000
         vertex 0.6125 0.5000 1.3500
         vertex 0.6125 0.5000 1.1000
      endloop
   endfacet
   facet normal 0.0000 1.0000 0.0000
      outer loop
         vertex 2.0000 2.7500 1.3500
         vertex 2.0000 2.7500 0.9500
         vertex 1.7000 2.7500 0.9500
      endloop
   endfacet
   facet normal 0.0000 1.0000 0.0000
      outer loop
         vertex 2.0000 2.7500 1.3500
         vertex 1.7000 2.7500 0.9500
         vertex 1.7000 2.7500 1.1500
      endloop
   endfacet
   facet normal 0.0000 1.0000 0.0000
      outer loop
         vertex 2.0000 2.7500 1.3500
         vertex 1.7000 2.7500 1.1500
         vertex 1.5000 2.7500 1.1500
      endloop
   endfacet
   facet normal 0.0000 1.0000 0.0000
      outer loop
         vertex 2.0000 2.7500 1.3500
         vertex 1.5000 2.7500 1.1500
         vertex 1.5000 2.7500 1.3500
      endloop
   endfacet
   facet normal -1.0000 0.0000 0.0000
      outer loop
         vertex 1.7000 2.0500 0.9500
         vertex 1.7000 2.0500 1.1500
         vertex 1.7000 2.7500 1.1500
      endloop
   endfacet
   facet normal -1.0000 0.0000 0.0000
      outer loop
         vertex 1.7000 2.0500 0.9500
         vertex 1.7000 2.7500 1.1500
         vertex 1.7000 2.7500 0.9500
      endloop
   endfacet
   facet normal 0.0000 0.0000 -1.0000
      outer loop
         vertex 1.5000 2.0500 1.1500
         vertex 1.5000 2.7500 1.1500
         vertex 1.7000 2.7500 1.1500
      endloop
   endfacet
   facet normal 0.0000 0.0000 -1.0000
      outer loop
         vertex 1.5000 2.0500 1.1500
         vertex 1.7000 2.7500 1.1500
         vertex 1.7000 2.0500 1.1500
      endloop
   endfacet
   facet normal 0.0000 1.0000 0.0000
      outer loop
         vertex 1.7000 2.0500 1.1500
         vertex 1.7000 2.0500 0.9500
         vertex 1.5000 2.0500 0.9500
      endloop
   endfacet
   facet normal 0.0000 1.0000 0.0000
      outer loop
         vertex 1.7000 2.0500 1.1500
         vertex 1.5000 2.0500 0.9500
         vertex 1.5000 2.0500 1.1500
      endloop
   endfacet
   facet normal 1.0000 0.0000 0.0000
      outer loop
         vertex 1.2500 4.2500 1.4500
         vertex 1.2500 1.2500 1.4500
         vertex 1.2500 1.2500 1.3500
      endloop
   endfacet
   facet normal 1.0000 0.0000 0.0000
      outer loop
         vertex 1.2500 4.2500 1.4500
         vertex 1.2500 1.2500 1.3500
         vertex 1.2500 4.2500 1.3500
      endloop
   endfacet
   facet normal -1.0000 0.0000 0.0000
      outer loop
         vertex 0.9000 1.2500 1.1000
         vertex 0.9000 1.2500 0.7000
         vertex 0.9000 0.2000 0.7000
      endloop
   endfacet
   facet normal -1.0000 0.0000 0.0000
      outer loop
         vertex 0.9000 1.2500 1.1000
         vertex 0.9000 0.2000 0.7000
         vertex 0.9000 0.0000 0.7000
      endloop
   endfacet
   facet normal -1.0000 0.0000 0.0000
      outer loop
         vertex 0.9000 1.2500 1.1000
         vertex 0.9000 0.0000 0.7000
         vertex 0.9000 0.0000 1.1000
      endloop
   endfacet
   facet normal 0.0000 0.0000 -1.0000
      outer loop
         vertex 1.5000 0.3000 0.7500
         vertex 1.5000 0.5000 0.7500
         vertex 1.7000 0.5000 0.7500
      endloop
   endfacet
   facet normal 0.0000 0.0000 -1.0000
      outer loop
         vertex 1.5000 0.3000 0.7500
         vertex 1.7000 0.5000 0.7500
         vertex 1.7000 0.3000 0.7500
      endloop
   endfacet
   facet normal 0.0000 0.0000 1.0000
      outer loop
         vertex 1.5000 2.7500 0.9500
         vertex 1.5000 2.0500 0.9500
         vertex 1.7000 2.0500 0.9500
      endloop
   endfacet
   facet normal 0.0000 0.0000 1.0000
      outer loop
         vertex 1.5000 2.7500 0.9500
         vertex 1.7000 2.0500 0.9500
         vertex 1.7000 2.7500 0.9500
      endloop
   endfacet
   facet normal 0.0000 0.0000 1.0000
      outer loop
         vertex 1.7000 2.7500 0.9500
         vertex 2.0000 2.7500 0.9500
         vertex 2.0000 3.7500 0.9500
      endloop
   endfacet
   facet normal 0.0000 0.0000 1.0000
      outer loop
         vertex 1.7000 2.7500 0.9500
         vertex 2.0000 3.7500 0.9500
         vertex 1.5000 3.7500 0.9500
      endloop
   endfacet
   facet normal 0.0000 0.0000 1.0000
      outer loop
         vertex 1.7000 2.7500 0.9500
         vertex 1.5000 3.7500 0.9500
         vertex 1.5000 2.7500 0.9500
      endloop
   endfacet
   facet normal 1.0000 0.0000 0.0000
      outer loop
         vertex 0.6750 2.4674 1.1000
         vertex 0.6750 1.7500 1.1000
         vertex 0.6750 1.9000 0.9500
      endloop
   endfacet
   facet normal 1.0000 0.0000 0.0000
      outer loop
         vertex 0.6750 2.4674 1.1000
         vertex 0.6750 1.9000 0.9500
         vertex 0.6750 2.0200 0.9500
      endloop
   endfacet
   facet normal 1.0000 0.0000 0.0000
      outer loop
         vertex 0.6750 2.4674 1.1000
         vertex 0.6750 2.0200 0.9500
         vertex 0.6750 2.0547 0.9530
      endloop
   endfacet
   facet normal 1.0000 0.0000 0.0000
      outer loop
         vertex 0.6750 2.4674 1.1000
         vertex 0.6750 2.0547 0.9530
         vertex 0.6750 2.0884 0.9621
      endloop
   endfacet
   facet normal 0.0000 0.3420 -0.9397
      outer loop
         vertex 0.3250 2.4674 1.1000
         vertex 0.6750 2.4674 1.1000
         vertex 0.6750 2.0884 0.9621
      endloop
   endfacet
   facet normal 0.0000 0.3420 -0.9397
      outer loop
         vertex 0.3250 2.4674 1.1000
         vertex 0.6750 2.0884 0.9621
         vertex 0.3250 2.0884 0.9621
      endloop
   endfacet
   facet normal 0.0000 -0.7071 -0.7071
      outer loop
         vertex 0.6750 1.7500 1.1000
         vertex 0.3250 1.7500 1.1000
         vertex 0.3250 1.9000 0.9500
      endloop
   endfacet
   facet normal 0.0000 -0.7071 -0.7071
      outer loop
         vertex 0.6750 1.7500 1.1000
         vertex 0.3250 1.9000 0.9500
         vertex 0.6750 1.9000 0.9500
      endloop
   endfacet
   facet normal -1.0000 0.0000 0.0000
      outer loop
         vertex 0.3250 1.9000 0.9500
         vertex 0.3250 1.7500 1.1000
         vertex 0.3250 2.4674 1.1000
      endloop
   endfacet
   facet normal -1.0000 0.0000 0.0000
      outer loop
         vertex 0.3250 1.9000 0.9500
         vertex 0.3250 2.4674 1.1000
         vertex 0.3250 2.0884 0.9621
      endloop
   endfacet
   facet normal -1.0000 0.0000 0.0000
      outer loop
         vertex 0.3250 1.9000 0.9500
         vertex 0.3250 2.0884 0.9621
         vertex 0.3250 2.0547 0.9530
      endloop
   endfacet
   facet normal -1.0000 0.0000 0.0000
      outer loop
         vertex 0.3250 1.9000 0.9500
         vertex 0.3250 2.0547 0.9530
         vertex 0.3250 2.0200 0.9500
      endloop
   endfacet
   facet normal 0.0000 0.2023 -0.9793
      outer loop
         vertex 0.6750 2.0547 0.9530
         vertex 0.3250 2.0547 0.9530
         vertex 0.3250 2.0884 0.9621
      endloop
   endfacet
   facet normal 0.0000 0.2307 -0.9730
      outer loop
         vertex 0.6750 2.0547 0.9530
         vertex 0.3250 2.0884 0.9621
         vertex 0.6750 2.0884 0.9621
      endloop
   endfacet
   facet normal 0.0000 0.1160 -0.9932
      outer loop
         vertex 0.6750 2.0200 0.9500
         vertex 0.3250 2.0200 0.9500
         vertex 0.3250 2.0547 0.9530
      endloop
   endfacet
   facet normal 0.0000 0.1449 -0.9895
      outer loop
         vertex 0.6750 2.0200 0.9500
         vertex 0.3250 2.0547 0.9530
         vertex 0.6750 2.0547 0.9530
      endloop
   endfacet
   facet normal 0.0000 0.0000 -1.0000
      outer loop
         vertex 0.6750 1.9000 0.9500
         vertex 0.3250 1.9000 0.9500
         vertex 0.3250 2.0200 0.9500
      endloop
   endfacet
   facet normal 0.0000 0.0000 -1.0000
      outer loop
         vertex 0.6750 1.9000 0.9500
         vertex 0.3250 2.0200 0.9500
         vertex 0.6750 2.0200 0.9500
      endloop
   endfacet
   facet normal -1.0000 0.0000 0.0000
      outer loop
         vertex -0.6000 0.1750 -0.5433
         vertex -0.6000 0.1933 -0.5250
         vertex -0.6000 0.4900 -0.8000
      endloop
   endfacet
   facet normal -1.0000 0.0000 0.0000
      outer loop
         vertex -0.6000 0.4900 -0.8000
         vertex -0.6000 0.1933 -0.5250
         vertex -0.6000 0.2000 -0.5000
      endloop
   endfacet
   facet normal -1.0000 0.0000 0.0000
      outer loop
         vertex -0.6000 0.4900 -0.8000
         vertex -0.6000 0.2000 -0.5000
         vertex -0.6000 0.4900 1.2748
      endloop
   endfacet
   facet normal -1.0000 0.0000 0.0000
      outer loop
         vertex -0.6000 0.4900 1.2748
         vertex -0.6000 0.2000 -0.5000
         vertex -0.6000 0.2000 -0.1000
      endloop
   endfacet
   facet normal -1.0000 0.0000 0.0000
      outer loop
         vertex -0.6000 0.4900 1.2748
         vertex -0.6000 0.2000 -0.1000
         vertex -0.6000 0.2000 0.6000
      endloop
   endfacet
   facet normal -1.0000 0.0000 0.0000
      outer loop
         vertex -0.6000 0.2000 0.6000
         vertex -0.6000 0.2000 -0.1000
         vertex -0.6000 0.1933 -0.0748
      endloop
   endfacet
   facet normal -1.0000 0.0000 0.0000
      outer loop
         vertex -0.6000 0.2000 0.6000
         vertex -0.6000 0.1933 -0.0748
         vertex -0.6000 0.1933 0.5750
      endloop
   endfacet
   facet normal -1.0000 0.0000 0.0000
      outer loop
         vertex -0.6000 0.1933 0.5750
         vertex -0.6000 0.1933 -0.0748
         vertex -0.6000 0.1750 -0.0565
      endloop
   endfacet
   facet normal -1.0000 0.0000 0.0000
      outer loop
         vertex -0.6000 0.1933 0.5750
         vertex -0.6000 0.1750 -0.0565
         vertex -0.6000 0.1750 0.5567
      endloop
   endfacet
   facet normal -1.0000 0.0000 0.0000
      outer loop
         vertex -0.6000 0.1750 0.5567
         vertex -0.6000 0.1750 -0.0565
         vertex -0.6000 0.1629 -0.0515
      endloop
   endfacet
   facet normal -1.0000 0.0000 0.0000
      outer loop
         vertex -0.6000 0.1750 0.5567
         vertex -0.6000 0.1629 -0.0515
         vertex -0.6000 0.1629 0.5517
      endloop
   endfacet
   facet normal -1.0000 0.0000 0.0000
      outer loop
         vertex -0.6000 0.1629 0.5517
         vertex -0.6000 0.1629 -0.0515
         vertex -0.6000 0.1000 -0.0346
      endloop
   endfacet
   facet normal -1.0000 0.0000 0.0000
      outer loop
         vertex -0.6000 0.1629 0.5517
         vertex -0.6000 0.1000 -0.0346
         vertex -0.6000 0.1000 0.5348
      endloop
   endfacet
   facet normal -1.0000 0.0000 0.0000
      outer loop
         vertex -0.6000 0.1629 -0.5483
         vertex -0.6000 0.1750 -0.5433
         vertex -0.6000 0.4900 -0.8000
      endloop
   endfacet
   facet normal -1.0000 0.0000 0.0000
      outer loop
         vertex -0.6000 0.1629 -0.5483
         vertex -0.6000 0.4900 -0.8000
         vertex -0.6000 0.1000 -0.8000
      endloop
   endfacet
   facet normal -1.0000 0.0000 0.0000
      outer loop
         vertex -0.6000 0.1629 -0.5483
         vertex -0.6000 0.1000 -0.8000
         vertex -0.6000 0.1000 -0.5652
      endloop
   endfacet
   facet normal -1.0000 0.0000 0.0000
      outer loop
         vertex -0.6000 0.4900 1.2748
         vertex -0.6000 0.2000 0.6000
         vertex -0.6000 0.2000 1.0000
      endloop
   endfacet
   facet normal -1.0000 0.0000 0.0000
      outer loop
         vertex -0.6000 0.4900 1.2748
         vertex -0.6000 0.2000 1.0000
         vertex -0.6000 0.1933 1.0252
      endloop
   endfacet
   facet normal -1.0000 0.0000 0.0000
      outer loop
         vertex -0.6000 0.4900 1.2748
         vertex -0.6000 0.1933 1.0252
         vertex -0.6000 0.1750 1.0435
      endloop
   endfacet
   facet normal -1.0000 0.0000 0.0000
      outer loop
         vertex -0.6000 0.4900 1.2748
         vertex -0.6000 0.1750 1.0435
         vertex -0.6000 0.1629 1.0485
      endloop
   endfacet
   facet normal -1.0000 0.0000 0.0000
      outer loop
         vertex -0.6000 0.4900 1.2748
         vertex -0.6000 0.1629 1.0485
         vertex -0.6000 0.1000 1.5000
      endloop
   endfacet
   facet normal -1.0000 0.0000 0.0000
      outer loop
         vertex -0.6000 0.1000 1.5000
         vertex -0.6000 0.1629 1.0485
         vertex -0.6000 0.0120 1.0890
      endloop
   endfacet
   facet normal -1.0000 0.0000 0.0000
      outer loop
         vertex -0.6000 0.1000 1.5000
         vertex -0.6000 0.0120 1.0890
         vertex -0.6000 -0.1804 1.2000
      endloop
   endfacet
   facet normal -1.0000 0.0000 0.0000
      outer loop
         vertex -0.6000 0.1000 1.5000
         vertex -0.6000 -0.1804 1.2000
         vertex -0.6000 -0.5500 1.2000
      endloop
   endfacet
   facet normal -1.0000 0.0000 0.0000
      outer loop
         vertex -0.6000 0.1000 1.5000
         vertex -0.6000 -0.5500 1.2000
         vertex -0.6000 -0.5500 1.5000
      endloop
   endfacet
   facet normal -1.0000 0.0000 0.0000
      outer loop
         vertex -0.6000 -0.7000 1.3500
         vertex -0.6000 -0.6799 1.4250
         vertex -0.6000 -0.6799 1.2750
      endloop
   endfacet
   facet normal -1.0000 0.0000 0.0000
      outer loop
         vertex -0.6000 -0.6799 1.2750
         vertex -0.6000 -0.6799 1.4250
         vertex -0.6000 -0.6250 1.4799
      endloop
   endfacet
   facet normal -1.0000 0.0000 0.0000
      outer loop
         vertex -0.6000 -0.6799 1.2750
         vertex -0.6000 -0.6250 1.4799
         vertex -0.6000 -0.6250 1.2201
      endloop
   endfacet
   facet normal -1.0000 0.0000 0.0000
      outer loop
         vertex -0.6000 -0.6250 1.2201
         vertex -0.6000 -0.6250 1.4799
         vertex -0.6000 -0.5500 1.5000
      endloop
   endfacet
   facet normal -1.0000 0.0000 0.0000
      outer loop
         vertex -0.6000 -0.6250 1.2201
         vertex -0.6000 -0.5500 1.5000
         vertex -0.6000 -0.5500 1.2000
      endloop
   endfacet
   facet normal 1.0000 0.0000 0.0000
      outer loop
         vertex 0.6000 0.1750 1.0435
         vertex 0.6000 0.1933 1.0252
         vertex 0.6000 0.4900 1.2748
      endloop
   endfacet
   facet normal 1.0000 0.0000 0.0000
      outer loop
         vertex 0.6000 0.4900 1.2748
         vertex 0.6000 0.1933 1.0252
         vertex 0.6000 0.2000 1.0000
      endloop
   endfacet
   facet normal 1.0000 0.0000 0.0000
      outer loop
         vertex 0.6000 0.4900 1.2748
         vertex 0.6000 0.2000 1.0000
         vertex 0.6000 0.4900 -0.8000
      endloop
   endfacet
   facet normal 1.0000 0.0000 0.0000
      outer loop
         vertex 0.6000 0.4900 -0.8000
         vertex 0.6000 0.2000 1.0000
         vertex 0.6000 0.2000 0.6000
      endloop
   endfacet
   facet normal 1.0000 0.0000 0.0000
      outer loop
         vertex 0.6000 0.4900 -0.8000
         vertex 0.6000 0.2000 0.6000
         vertex 0.6000 0.2000 -0.1000
      endloop
   endfacet
   facet normal 1.0000 0.0000 0.0000
      outer loop
         vertex 0.6000 0.2000 -0.1000
         vertex 0.6000 0.2000 0.6000
         vertex 0.6000 0.1933 0.5750
      endloop
   endfacet
   facet normal 1.0000 0.0000 0.0000
      outer loop
         vertex 0.6000 0.2000 -0.1000
         vertex 0.6000 0.1933 0.5750
         vertex 0.6000 0.1933 -0.0748
      endloop
   endfacet
   facet normal 1.0000 0.0000 0.0000
      outer loop
         vertex 0.6000 0.1933 -0.0748
         vertex 0.6000 0.1933 0.5750
         vertex 0.6000 0.1750 0.5567
      endloop
   endfacet
   facet normal 1.0000 0.0000 0.0000
      outer loop
         vertex 0.6000 0.1933 -0.0748
         vertex 0.6000 0.1750 0.5567
         vertex 0.6000 0.1750 -0.0565
      endloop
   endfacet
   facet normal 1.0000 0.0000 0.0000
      outer loop
         vertex 0.6000 0.1750 -0.0565
         vertex 0.6000 0.1750 0.5567
         vertex 0.6000 0.1629 0.5517
      endloop
   endfacet
   facet normal 1.0000 0.0000 0.0000
      outer loop
         vertex 0.6000 0.1750 -0.0565
         vertex 0.6000 0.1629 0.5517
         vertex 0.6000 0.1629 -0.0515
      endloop
   endfacet
   facet normal 1.0000 0.0000 0.0000
      outer loop
         vertex 0.6000 0.1629 -0.0515
         vertex 0.6000 0.1629 0.5517
         vertex 0.6000 0.1000 0.5348
      endloop
   endfacet
   facet normal 1.0000 0.0000 0.0000
      outer loop
         vertex 0.6000 0.1629 -0.0515
         vertex 0.6000 0.1000 0.5348
         vertex 0.6000 0.1000 -0.0346
      endloop
   endfacet
   facet normal 1.0000 0.0000 0.0000
      outer loop
         vertex 0.6000 -0.1804 1.2000
         vertex 0.6000 0.0120 1.0890
         vertex 0.6000 0.1000 1.5000
      endloop
   endfacet
   facet normal 1.0000 0.0000 0.0000
      outer loop
         vertex 0.6000 0.1000 1.5000
         vertex 0.6000 0.0120 1.0890
         vertex 0.6000 0.1629 1.0485
      endloop
   endfacet
   facet normal 1.0000 0.0000 0.0000
      outer loop
         vertex 0.6000 0.1000 1.5000
         vertex 0.6000 0.1629 1.0485
         vertex 0.6000 0.4900 1.2748
      endloop
   endfacet
   facet normal 1.0000 0.0000 0.0000
      outer loop
         vertex 0.6000 0.4900 1.2748
         vertex 0.6000 0.1629 1.0485
         vertex 0.6000 0.1750 1.0435
      endloop
   endfacet
   facet normal 1.0000 0.0000 0.0000
      outer loop
         vertex 0.6000 -0.7000 1.3500
         vertex 0.6000 -0.6799 1.2750
         vertex 0.6000 -0.6799 1.4250
      endloop
   endfacet
   facet normal 1.0000 0.0000 0.0000
      outer loop
         vertex 0.6000 -0.6799 1.4250
         vertex 0.6000 -0.6799 1.2750
         vertex 0.6000 -0.6250 1.2201
      endloop
   endfacet
   facet normal 1.0000 0.0000 0.0000
      outer loop
         vertex 0.6000 -0.6799 1.4250
         vertex 0.6000 -0.6250 1.2201
         vertex 0.6000 -0.6250 1.4799
      endloop
   endfacet
   facet normal 1.0000 0.0000 0.0000
      outer loop
         vertex 0.6000 -0.6250 1.4799
         vertex 0.6000 -0.6250 1.2201
         vertex 0.6000 -0.5500 1.2000
      endloop
   endfacet
   facet normal 1.0000 0.0000 0.0000
      outer loop
         vertex 0.6000 -0.6250 1.4799
         vertex 0.6000 -0.5500 1.2000
         vertex 0.6000 -0.5500 1.5000
      endloop
   endfacet
   facet normal 1.0000 0.0000 0.0000
      outer loop
         vertex 0.6000 -0.5500 1.5000
         vertex 0.6000 -0.5500 1.2000
         vertex 0.6000 -0.1804 1.2000
      endloop
   endfacet
   facet normal 1.0000 0.0000 0.0000
      outer loop
         vertex 0.6000 -0.5500 1.5000
         vertex 0.6000 -0.1804 1.2000
         vertex 0.6000 0.1000 1.5000
      endloop
   endfacet
   facet normal 1.0000 0.0000 0.0000
      outer loop
         vertex 0.6000 0.4900 -0.8000
         vertex 0.6000 0.2000 -0.1000
         vertex 0.6000 0.2000 -0.5000
      endloop
   endfacet
   facet normal 1.0000 0.0000 0.0000
      outer loop
         vertex 0.6000 0.4900 -0.8000
         vertex 0.6000 0.2000 -0.5000
         vertex 0.6000 0.1933 -0.5250
      endloop
   endfacet
   facet normal 1.0000 0.0000 0.0000
      outer loop
         vertex 0.6000 0.4900 -0.8000
         vertex 0.6000 0.1933 -0.5250
         vertex 0.6000 0.1750 -0.5433
      endloop
   endfacet
   facet normal 1.0000 0.0000 0.0000
      outer loop
         vertex 0.6000 0.4900 -0.8000
         vertex 0.6000 0.1750 -0.5433
         vertex 0.6000 0.1629 -0.5483
      endloop
   endfacet
   facet normal 1.0000 0.0000 0.0000
      outer loop
         vertex 0.6000 0.4900 -0.8000
         vertex 0.6000 0.1629 -0.5483
         vertex 0.6000 0.1000 -0.5652
      endloop
   endfacet
   facet normal 1.0000 0.0000 0.0000
      outer loop
         vertex 0.6000 0.4900 -0.8000
         vertex 0.6000 0.1000 -0.5652
         vertex 0.6000 0.1000 -0.8000
      endloop
   endfacet
   facet normal 0.0000 -1.0000 0.0000
      outer loop
         vertex 0.6000 0.2000 1.0000
         vertex 0.4000 0.2000 1.0000
         vertex 0.4000 0.2000 0.6000
      endloop
   endfacet
   facet normal 0.0000 -1.0000 0.0000
      outer loop
         vertex 0.6000 0.2000 1.0000
         vertex 0.4000 0.2000 0.6000
         vertex 0.6000 0.2000 0.6000
      endloop
   endfacet
   facet normal 0.0000 -1.0000 0.0000
      outer loop
         vertex -0.6000 0.2000 1.0000
         vertex -0.6000 0.2000 0.6000
         vertex -0.4000 0.2000 0.6000
      endloop
   endfacet
   facet normal 0.0000 -1.0000 0.0000
      outer loop
         vertex -0.6000 0.2000 1.0000
         vertex -0.4000 0.2000 0.6000
         vertex -0.4000 0.2000 1.0000
      endloop
   endfacet
   facet normal 1.0000 0.0000 0.0000
      outer loop
         vertex -0.4000 0.4900 0.1500
         vertex -0.4000 0.4900 1.2748
         vertex -0.4000 0.2000 1.0000
      endloop
   endfacet
   facet normal 1.0000 0.0000 0.0000
      outer loop
         vertex -0.4000 0.4900 0.1500
         vertex -0.4000 0.2000 1.0000
         vertex -0.4000 0.2000 0.6000
      endloop
   endfacet
   facet normal 1.0000 0.0000 0.0000
      outer loop
         vertex -0.4000 0.4900 0.1500
         vertex -0.4000 0.2000 0.6000
         vertex -0.4000 0.1933 0.5750
      endloop
   endfacet
   facet normal 1.0000 0.0000 0.0000
      outer loop
         vertex -0.4000 0.4900 0.1500
         vertex -0.4000 0.1933 0.5750
         vertex -0.4000 0.1750 0.5567
      endloop
   endfacet
   facet normal 1.0000 0.0000 0.0000
      outer loop
         vertex -0.4000 0.4900 0.1500
         vertex -0.4000 0.1750 0.5567
         vertex -0.4000 0.1629 0.5517
      endloop
   endfacet
   facet normal 1.0000 0.0000 0.0000
      outer loop
         vertex -0.4000 0.4900 0.1500
         vertex -0.4000 0.1629 0.5517
         vertex -0.4000 0.1000 0.5348
      endloop
   endfacet
   facet normal 1.0000 0.0000 0.0000
      outer loop
         vertex -0.4000 0.4900 0.1500
         vertex -0.4000 0.1000 0.5348
         vertex -0.4000 0.1000 0.1500
      endloop
   endfacet
   facet normal 1.0000 0.0000 0.0000
      outer loop
         vertex -0.4000 0.4900 1.2748
         vertex -0.4000 0.1000 1.5000
         vertex -0.4000 0.1629 1.0485
      endloop
   endfacet
   facet normal 1.0000 0.0000 0.0000
      outer loop
         vertex -0.4000 0.4900 1.2748
         vertex -0.4000 0.1629 1.0485
         vertex -0.4000 0.1750 1.0435
      endloop
   endfacet
   facet normal 1.0000 0.0000 0.0000
      outer loop
         vertex -0.4000 0.4900 1.2748
         vertex -0.4000 0.1750 1.0435
         vertex -0.4000 0.1933 1.0252
      endloop
   endfacet
   facet normal 1.0000 0.0000 0.0000
      outer loop
         vertex -0.4000 0.4900 1.2748
         vertex -0.4000 0.1933 1.0252
         vertex -0.4000 0.2000 1.0000
      endloop
   endfacet
   facet normal 1.0000 0.0000 0.0000
      outer loop
         vertex -0.4000 -0.7000 1.3500
         vertex -0.4000 -0.6799 1.2750
         vertex -0.4000 -0.6799 1.4250
      endloop
   endfacet
   facet normal 1.0000 0.0000 0.0000
      outer loop
         vertex -0.4000 -0.6799 1.4250
         vertex -0.4000 -0.6799 1.2750
         vertex -0.4000 -0.6250 1.2201
      endloop
   endfacet
   facet normal 1.0000 0.0000 0.0000
      outer loop
         vertex -0.4000 -0.6799 1.4250
         vertex -0.4000 -0.6250 1.2201
         vertex -0.4000 -0.6250 1.4799
      endloop
   endfacet
   facet normal 1.0000 0.0000 0.0000
      outer loop
         vertex -0.4000 -0.6250 1.4799
         vertex -0.4000 -0.6250 1.2201
         vertex -0.4000 -0.5500 1.2000
      endloop
   endfacet
   facet normal 1.0000 0.0000 0.0000
      outer loop
         vertex -0.4000 -0.6250 1.4799
         vertex -0.4000 -0.5500 1.2000
         vertex -0.4000 -0.5500 1.5000
      endloop
   endfacet
   facet normal 1.0000 0.0000 0.0000
      outer loop
         vertex -0.4000 -0.5500 1.5000
         vertex -0.4000 -0.5500 1.2000
         vertex -0.4000 -0.1804 1.2000
      endloop
   endfacet
   facet normal 1.0000 0.0000 0.0000
      outer loop
         vertex -0.4000 -0.5500 1.5000
         vertex -0.4000 -0.1804 1.2000
         vertex -0.4000 0.1000 1.5000
      endloop
   endfacet
   facet normal 1.0000 0.0000 0.0000
      outer loop
         vertex -0.4000 0.1000 1.5000
         vertex -0.4000 -0.1804 1.2000
         vertex -0.4000 0.0120 1.0890
      endloop
   endfacet
   facet normal 1.0000 0.0000 0.0000
      outer loop
         vertex -0.4000 0.1000 1.5000
         vertex -0.4000 0.0120 1.0890
         vertex -0.4000 0.1629 1.0485
      endloop
   endfacet
   facet normal -1.0000 0.0000 0.0000
      outer loop
         vertex 0.4000 0.4900 1.2748
         vertex 0.4000 0.4900 0.1500
         vertex 0.4000 0.2000 0.6000
      endloop
   endfacet
   facet normal -1.0000 0.0000 0.0000
      outer loop
         vertex 0.4000 0.4900 1.2748
         vertex 0.4000 0.2000 0.6000
         vertex 0.4000 0.2000 1.0000
      endloop
   endfacet
   facet normal -1.0000 0.0000 0.0000
      outer loop
         vertex 0.4000 0.4900 1.2748
         vertex 0.4000 0.2000 1.0000
         vertex 0.4000 0.1933 1.0252
      endloop
   endfacet
   facet normal -1.0000 0.0000 0.0000
      outer loop
         vertex 0.4000 0.4900 1.2748
         vertex 0.4000 0.1933 1.0252
         vertex 0.4000 0.1750 1.0435
      endloop
   endfacet
   facet normal -1.0000 0.0000 0.0000
      outer loop
         vertex 0.4000 0.4900 1.2748
         vertex 0.4000 0.1750 1.0435
         vertex 0.4000 0.1629 1.0485
      endloop
   endfacet
   facet normal -1.0000 0.0000 0.0000
      outer loop
         vertex 0.4000 0.4900 1.2748
         vertex 0.4000 0.1629 1.0485
         vertex 0.4000 0.1000 1.5000
      endloop
   endfacet
   facet normal -1.0000 0.0000 0.0000
      outer loop
         vertex 0.4000 0.4900 0.1500
         vertex 0.4000 0.1000 0.1500
         vertex 0.4000 0.1629 0.5517
      endloop
   endfacet
   facet normal -1.0000 0.0000 0.0000
      outer loop
         vertex 0.4000 0.4900 0.1500
         vertex 0.4000 0.1629 0.5517
         vertex 0.4000 0.1750 0.5567
      endloop
   endfacet
   facet normal -1.0000 0.0000 0.0000
      outer loop
         vertex 0.4000 0.4900 0.1500
         vertex 0.4000 0.1750 0.5567
         vertex 0.4000 0.1933 0.5750
      endloop
   endfacet
   facet normal -1.0000 0.0000 0.0000
      outer loop
         vertex 0.4000 0.4900 0.1500
         vertex 0.4000 0.1933 0.5750
         vertex 0.4000 0.2000 0.6000
      endloop
   endfacet
   facet normal -1.0000 0.0000 0.0000
      outer loop
         vertex 0.4000 0.1000 1.5000
         vertex 0.4000 0.1629 1.0485
         vertex 0.4000 0.0120 1.0890
      endloop
   endfacet
   facet normal -1.0000 0.0000 0.0000
      outer loop
         vertex 0.4000 0.1000 1.5000
         vertex 0.4000 0.0120 1.0890
         vertex 0.4000 -0.1804 1.2000
      endloop
   endfacet
   facet normal -1.0000 0.0000 0.0000
      outer loop
         vertex 0.4000 0.1000 1.5000
         vertex 0.4000 -0.1804 1.2000
         vertex 0.4000 -0.5500 1.2000
      endloop
   endfacet
   facet normal -1.0000 0.0000 0.0000
      outer loop
         vertex 0.4000 0.1000 1.5000
         vertex 0.4000 -0.5500 1.2000
         vertex 0.4000 -0.5500 1.5000
      endloop
   endfacet
   facet normal -1.0000 0.0000 0.0000
      outer loop
         vertex 0.4000 -0.7000 1.3500
         vertex 0.4000 -0.6799 1.4250
         vertex 0.4000 -0.6799 1.2750
      endloop
   endfacet
   facet normal -1.0000 0.0000 0.0000
      outer loop
         vertex 0.4000 -0.6799 1.2750
         vertex 0.4000 -0.6799 1.4250
         vertex 0.4000 -0.6250 1.4799
      endloop
   endfacet
   facet normal -1.0000 0.0000 0.0000
      outer loop
         vertex 0.4000 -0.6799 1.2750
         vertex 0.4000 -0.6250 1.4799
         vertex 0.4000 -0.6250 1.2201
      endloop
   endfacet
   facet normal -1.0000 0.0000 0.0000
      outer loop
         vertex 0.4000 -0.6250 1.2201
         vertex 0.4000 -0.6250 1.4799
         vertex 0.4000 -0.5500 1.5000
      endloop
   endfacet
   facet normal -1.0000 0.0000 0.0000
      outer loop
         vertex 0.4000 -0.6250 1.2201
         vertex 0.4000 -0.5500 1.5000
         vertex 0.4000 -0.5500 1.2000
      endloop
   endfacet
   facet normal -1.0000 0.0000 0.0000
      outer loop
         vertex 0.4000 0.1629 0.5517
         vertex 0.4000 0.1000 0.1500
         vertex 0.4000 0.1000 0.5348
      endloop
   endfacet
   facet normal 0.0000 0.5000 0.8660
      outer loop
         vertex 0.6000 0.1000 1.5000
         vertex 0.6000 0.4900 1.2748
         vertex 0.4000 0.4900 1.2748
      endloop
   endfacet
   facet normal 0.0000 0.5000 0.8660
      outer loop
         vertex 0.6000 0.1000 1.5000
         vertex 0.4000 0.4900 1.2748
         vertex 0.4000 0.1000 1.5000
      endloop
   endfacet
   facet normal 0.0000 0.5000 0.8660
      outer loop
         vertex -0.4000 0.1000 1.5000
         vertex -0.4000 0.4900 1.2748
         vertex -0.6000 0.4900 1.2748
      endloop
   endfacet
   facet normal 0.0000 0.5000 0.8660
      outer loop
         vertex -0.4000 0.1000 1.5000
         vertex -0.6000 0.4900 1.2748
         vertex -0.6000 0.1000 1.5000
      endloop
   endfacet
   facet normal 0.0000 0.0000 1.0000
      outer loop
         vertex -0.4000 0.4900 0.1500
         vertex -0.4000 0.1000 0.1500
         vertex 0.4000 0.1000 0.1500
      endloop
   endfacet
   facet normal 0.0000 0.0000 1.0000
      outer loop
         vertex -0.4000 0.4900 0.1500
         vertex 0.4000 0.1000 0.1500
         vertex 0.4000 0.4900 0.1500
      endloop
   endfacet
   facet normal 0.0000 0.0000 -1.0000
      outer loop
         vertex 0.6000 -0.5500 1.2000
         vertex 0.4000 -0.5500 1.2000
         vertex 0.4000 -0.1804 1.2000
      endloop
   endfacet
   facet normal 0.0000 0.0000 -1.0000
      outer loop
         vertex 0.6000 -0.5500 1.2000
         vertex 0.4000 -0.1804 1.2000
         vertex 0.6000 -0.1804 1.2000
      endloop
   endfacet
   facet normal 0.0000 0.0000 -1.0000
      outer loop
         vertex -0.6000 -0.5500 1.2000
         vertex -0.6000 -0.1804 1.2000
         vertex -0.4000 -0.1804 1.2000
      endloop
   endfacet
   facet normal 0.0000 0.0000 -1.0000
      outer loop
         vertex -0.6000 -0.5500 1.2000
         vertex -0.4000 -0.1804 1.2000
         vertex -0.4000 -0.5500 1.2000
      endloop
   endfacet
   facet normal 0.0000 -0.6414 0.7672
      outer loop
         vertex 0.6000 -0.6250 1.4799
         vertex 0.4000 -0.6250 1.4799
         vertex 0.4000 -0.6799 1.4250
      endloop
   endfacet
   facet normal 0.0000 -0.7672 0.6414
      outer loop
         vertex 0.6000 -0.6250 1.4799
         vertex 0.4000 -0.6799 1.4250
         vertex 0.6000 -0.6799 1.4250
      endloop
   endfacet
   facet normal 0.0000 -0.7672 0.6414
      outer loop
         vertex -0.6000 -0.6250 1.4799
         vertex -0.6000 -0.6799 1.4250
         vertex -0.4000 -0.6799 1.4250
      endloop
   endfacet
   facet normal 0.0000 -0.6414 0.7672
      outer loop
         vertex -0.6000 -0.6250 1.4799
         vertex -0.4000 -0.6799 1.4250
         vertex -0.4000 -0.6250 1.4799
      endloop
   endfacet
   facet normal 0.0000 -0.3399 0.9405
      outer loop
         vertex 0.6000 -0.5500 1.5000
         vertex 0.4000 -0.5500 1.5000
         vertex 0.4000 -0.6250 1.4799
      endloop
   endfacet
   facet normal 0.0000 -0.4210 0.9071
      outer loop
         vertex 0.6000 -0.5500 1.5000
         vertex 0.4000 -0.6250 1.4799
         vertex 0.6000 -0.6250 1.4799
      endloop
   endfacet
   facet normal 0.0000 -0.4210 0.9071
      outer loop
         vertex -0.6000 -0.5500 1.5000
         vertex -0.6000 -0.6250 1.4799
         vertex -0.4000 -0.6250 1.4799
      endloop
   endfacet
   facet normal 0.0000 -0.3399 0.9405
      outer loop
         vertex -0.6000 -0.5500 1.5000
         vertex -0.4000 -0.6250 1.4799
         vertex -0.4000 -0.5500 1.5000
      endloop
   endfacet
   facet normal 0.0000 -0.4210 -0.9071
      outer loop
         vertex 0.6000 -0.6250 1.2201
         vertex 0.4000 -0.6250 1.2201
         vertex 0.4000 -0.5500 1.2000
      endloop
   endfacet
   facet normal 0.0000 -0.3399 -0.9405
      outer loop
         vertex 0.6000 -0.6250 1.2201
         vertex 0.4000 -0.5500 1.2000
         vertex 0.6000 -0.5500 1.2000
      endloop
   endfacet
   facet normal 0.0000 -0.3399 -0.9405
      outer loop
         vertex -0.6000 -0.6250 1.2201
         vertex -0.6000 -0.5500 1.2000
         vertex -0.4000 -0.5500 1.2000
      endloop
   endfacet
   facet normal 0.0000 -0.4210 -0.9071
      outer loop
         vertex -0.6000 -0.6250 1.2201
         vertex -0.4000 -0.5500 1.2000
         vertex -0.4000 -0.6250 1.2201
      endloop
   endfacet
   facet normal 0.0000 0.0000 1.0000
      outer loop
         vertex 0.6000 0.1000 1.5000
         vertex 0.4000 0.1000 1.5000
         vertex 0.4000 -0.5500 1.5000
      endloop
   endfacet
   facet normal 0.0000 0.0000 1.0000
      outer loop
         vertex 0.6000 0.1000 1.5000
         vertex 0.4000 -0.5500 1.5000
         vertex 0.6000 -0.5500 1.5000
      endloop
   endfacet
   facet normal 0.0000 0.0000 1.0000
      outer loop
         vertex -0.6000 0.1000 1.5000
         vertex -0.6000 -0.5500 1.5000
         vertex -0.4000 -0.5500 1.5000
      endloop
   endfacet
   facet normal 0.0000 0.0000 1.0000
      outer loop
         vertex -0.6000 0.1000 1.5000
         vertex -0.4000 -0.5500 1.5000
         vertex -0.4000 0.1000 1.5000
      endloop
   endfacet
   facet normal 0.0000 -0.9391 0.3437
      outer loop
         vertex 0.6000 -0.6799 1.4250
         vertex 0.4000 -0.6799 1.4250
         vertex 0.4000 -0.7000 1.3500
      endloop
   endfacet
   facet normal 0.0000 -0.9851 0.1719
      outer loop
         vertex 0.6000 -0.6799 1.4250
         vertex 0.4000 -0.7000 1.3500
         vertex 0.6000 -0.7000 1.3500
      endloop
   endfacet
   facet normal 0.0000 -0.9851 0.1719
      outer loop
         vertex -0.6000 -0.6799 1.4250
         vertex -0.6000 -0.7000 1.3500
         vertex -0.4000 -0.7000 1.3500
      endloop
   endfacet
   facet normal 0.0000 -0.9391 0.3437
      outer loop
         vertex -0.6000 -0.6799 1.4250
         vertex -0.4000 -0.7000 1.3500
         vertex -0.4000 -0.6799 1.4250
      endloop
   endfacet
   facet normal 0.0000 -0.9851 -0.1719
      outer loop
         vertex 0.6000 -0.7000 1.3500
         vertex 0.4000 -0.7000 1.3500
         vertex 0.4000 -0.6799 1.2750
      endloop
   endfacet
   facet normal 0.0000 -0.9391 -0.3437
      outer loop
         vertex 0.6000 -0.7000 1.3500
         vertex 0.4000 -0.6799 1.2750
         vertex 0.6000 -0.6799 1.2750
      endloop
   endfacet
   facet normal 0.0000 -0.9391 -0.3437
      outer loop
         vertex -0.6000 -0.7000 1.3500
         vertex -0.6000 -0.6799 1.2750
         vertex -0.4000 -0.6799 1.2750
      endloop
   endfacet
   facet normal 0.0000 -0.9851 -0.1719
      outer loop
         vertex -0.6000 -0.7000 1.3500
         vertex -0.4000 -0.6799 1.2750
         vertex -0.4000 -0.7000 1.3500
      endloop
   endfacet
   facet normal 0.0000 -0.7672 -0.6414
      outer loop
         vertex 0.6000 -0.6799 1.2750
         vertex 0.4000 -0.6799 1.2750
         vertex 0.4000 -0.6250 1.2201
      endloop
   endfacet
   facet normal 0.0000 -0.6414 -0.7672
      outer loop
         vertex 0.6000 -0.6799 1.2750
         vertex 0.4000 -0.6250 1.2201
         vertex 0.6000 -0.6250 1.2201
      endloop
   endfacet
   facet normal 0.0000 -0.6414 -0.7672
      outer loop
         vertex -0.6000 -0.6799 1.2750
         vertex -0.6000 -0.6250 1.2201
         vertex -0.4000 -0.6250 1.2201
      endloop
   endfacet
   facet normal 0.0000 -0.7672 -0.6414
      outer loop
         vertex -0.6000 -0.6799 1.2750
         vertex -0.4000 -0.6250 1.2201
         vertex -0.4000 -0.6799 1.2750
      endloop
   endfacet
   facet normal 0.0000 -0.5000 -0.8660
      outer loop
         vertex 0.6000 -0.1804 1.2000
         vertex 0.4000 -0.1804 1.2000
         vertex 0.4000 0.0120 1.0890
      endloop
   endfacet
   facet normal 0.0000 -0.5000 -0.8660
      outer loop
         vertex 0.6000 -0.1804 1.2000
         vertex 0.4000 0.0120 1.0890
         vertex 0.6000 0.0120 1.0890
      endloop
   endfacet
   facet normal 0.0000 -0.5000 -0.8660
      outer loop
         vertex -0.6000 -0.1804 1.2000
         vertex -0.6000 0.0120 1.0890
         vertex -0.4000 0.0120 1.0890
      endloop
   endfacet
   facet normal 0.0000 -0.5000 -0.8660
      outer loop
         vertex -0.6000 -0.1804 1.2000
         vertex -0.4000 0.0120 1.0890
         vertex -0.4000 -0.1804 1.2000
      endloop
   endfacet
   facet normal 0.0000 -0.2588 -0.9659
      outer loop
         vertex 0.6000 0.0120 1.0890
         vertex 0.4000 0.0120 1.0890
         vertex 0.4000 0.1629 1.0485
      endloop
   endfacet
   facet normal 0.0000 -0.2588 -0.9659
      outer loop
         vertex 0.6000 0.0120 1.0890
         vertex 0.4000 0.1629 1.0485
         vertex 0.6000 0.1629 1.0485
      endloop
   endfacet
   facet normal 0.0000 -0.2588 -0.9659
      outer loop
         vertex -0.6000 0.0120 1.0890
         vertex -0.6000 0.1629 1.0485
         vertex -0.4000 0.1629 1.0485
      endloop
   endfacet
   facet normal 0.0000 -0.2588 -0.9659
      outer loop
         vertex -0.6000 0.0120 1.0890
         vertex -0.4000 0.1629 1.0485
         vertex -0.4000 0.0120 1.0890
      endloop
   endfacet
   facet normal 0.0000 -0.4414 -0.8973
      outer loop
         vertex 0.6000 0.1629 1.0485
         vertex 0.4000 0.1629 1.0485
         vertex 0.4000 0.1750 1.0435
      endloop
   endfacet
   facet normal 0.0000 -0.4993 -0.8664
      outer loop
         vertex 0.6000 0.1629 1.0485
         vertex 0.4000 0.1750 1.0435
         vertex 0.6000 0.1750 1.0435
      endloop
   endfacet
   facet normal 0.0000 -0.4993 -0.8664
      outer loop
         vertex -0.6000 0.1629 1.0485
         vertex -0.6000 0.1750 1.0435
         vertex -0.4000 0.1750 1.0435
      endloop
   endfacet
   facet normal 0.0000 -0.4414 -0.8973
      outer loop
         vertex -0.6000 0.1629 1.0485
         vertex -0.4000 0.1750 1.0435
         vertex -0.4000 0.1629 1.0485
      endloop
   endfacet
   facet normal 0.0000 -0.6738 -0.7390
      outer loop
         vertex 0.6000 0.1750 1.0435
         vertex 0.4000 0.1750 1.0435
         vertex 0.4000 0.1933 1.0252
      endloop
   endfacet
   facet normal 0.0000 -0.7801 -0.6257
      outer loop
         vertex 0.6000 0.1750 1.0435
         vertex 0.4000 0.1933 1.0252
         vertex 0.6000 0.1933 1.0252
      endloop
   endfacet
   facet normal 0.0000 -0.7801 -0.6257
      outer loop
         vertex -0.6000 0.1750 1.0435
         vertex -0.6000 0.1933 1.0252
         vertex -0.4000 0.1933 1.0252
      endloop
   endfacet
   facet normal 0.0000 -0.6738 -0.7390
      outer loop
         vertex -0.6000 0.1750 1.0435
         vertex -0.4000 0.1933 1.0252
         vertex -0.4000 0.1750 1.0435
      endloop
   endfacet
   facet normal 0.0000 -0.9076 -0.4197
      outer loop
         vertex 0.6000 0.1933 1.0252
         vertex 0.4000 0.1933 1.0252
         vertex 0.4000 0.2000 1.0000
      endloop
   endfacet
   facet normal 0.0000 -0.9410 -0.3383
      outer loop
         vertex 0.6000 0.1933 1.0252
         vertex 0.4000 0.2000 1.0000
         vertex 0.6000 0.2000 1.0000
      endloop
   endfacet
   facet normal 0.0000 -0.9410 -0.3383
      outer loop
         vertex -0.6000 0.1933 1.0252
         vertex -0.6000 0.2000 1.0000
         vertex -0.4000 0.2000 1.0000
      endloop
   endfacet
   facet normal 0.0000 -0.9076 -0.4197
      outer loop
         vertex -0.6000 0.1933 1.0252
         vertex -0.4000 0.2000 1.0000
         vertex -0.4000 0.1933 1.0252
      endloop
   endfacet
   facet normal 0.0000 -0.2588 0.9659
      outer loop
         vertex 0.6000 0.1629 0.5517
         vertex 0.4000 0.1629 0.5517
         vertex 0.4000 0.1000 0.5348
      endloop
   endfacet
   facet normal 0.0000 -0.2588 0.9659
      outer loop
         vertex 0.6000 0.1629 0.5517
         vertex 0.4000 0.1000 0.5348
         vertex 0.6000 0.1000 0.5348
      endloop
   endfacet
   facet normal 0.0000 -0.2588 0.9659
      outer loop
         vertex -0.6000 0.1629 0.5517
         vertex -0.6000 0.1000 0.5348
         vertex -0.4000 0.1000 0.5348
      endloop
   endfacet
   facet normal 0.0000 -0.2588 0.9659
      outer loop
         vertex -0.6000 0.1629 0.5517
         vertex -0.4000 0.1000 0.5348
         vertex -0.4000 0.1629 0.5517
      endloop
   endfacet
   facet normal 0.0000 -1.0000 0.0000
      outer loop
         vertex -0.4000 0.1000 0.5348
         vertex -0.6000 0.1000 0.5348
         vertex -0.4000 0.1000 0.1500
      endloop
   endfacet
   facet normal 0.0000 -1.0000 0.0000
      outer loop
         vertex -0.4000 0.1000 0.1500
         vertex -0.6000 0.1000 0.5348
         vertex -0.4000 0.1000 0.0500
      endloop
   endfacet
   facet normal 0.0000 -1.0000 0.0000
      outer loop
         vertex -0.4000 0.1000 0.1500
         vertex -0.4000 0.1000 0.0500
         vertex 0.4000 0.1000 0.1500
      endloop
   endfacet
   facet normal 0.0000 -1.0000 0.0000
      outer loop
         vertex 0.4000 0.1000 0.1500
         vertex -0.4000 0.1000 0.0500
         vertex 0.4000 0.1000 0.0500
      endloop
   endfacet
   facet normal 0.0000 -1.0000 0.0000
      outer loop
         vertex 0.4000 0.1000 0.1500
         vertex 0.4000 0.1000 0.0500
         vertex 0.6000 0.1000 0.5348
      endloop
   endfacet
   facet normal 0.0000 -1.0000 0.0000
      outer loop
         vertex 0.6000 0.1000 0.5348
         vertex 0.4000 0.1000 0.0500
         vertex 0.4000 0.1000 -0.0346
      endloop
   endfacet
   facet normal 0.0000 -1.0000 0.0000
      outer loop
         vertex 0.6000 0.1000 0.5348
         vertex 0.4000 0.1000 -0.0346
         vertex 0.6000 0.1000 -0.0346
      endloop
   endfacet
   facet normal 0.0000 -1.0000 0.0000
      outer loop
         vertex -0.6000 0.1000 -0.0346
         vertex -0.4000 0.1000 -0.0346
         vertex -0.4000 0.1000 0.0500
      endloop
   endfacet
   facet normal 0.0000 -1.0000 0.0000
      outer loop
         vertex -0.6000 0.1000 -0.0346
         vertex -0.4000 0.1000 0.0500
         vertex -0.6000 0.1000 0.5348
      endloop
   endfacet
   facet normal 0.0000 -1.0000 0.0000
      outer loop
         vertex 0.4000 0.1000 0.1500
         vertex 0.6000 0.1000 0.5348
         vertex 0.4000 0.1000 0.5348
      endloop
   endfacet
   facet normal 0.0000 -0.9405 0.3399
      outer loop
         vertex 0.6000 0.2000 0.6000
         vertex 0.4000 0.2000 0.6000
         vertex 0.4000 0.1933 0.5750
      endloop
   endfacet
   facet normal 0.0000 -0.9071 0.4210
      outer loop
         vertex 0.6000 0.2000 0.6000
         vertex 0.4000 0.1933 0.5750
         vertex 0.6000 0.1933 0.5750
      endloop
   endfacet
   facet normal 0.0000 -0.9071 0.4210
      outer loop
         vertex -0.6000 0.2000 0.6000
         vertex -0.6000 0.1933 0.5750
         vertex -0.4000 0.1933 0.5750
      endloop
   endfacet
   facet normal 0.0000 -0.9405 0.3399
      outer loop
         vertex -0.6000 0.2000 0.6000
         vertex -0.4000 0.1933 0.5750
         vertex -0.4000 0.2000 0.6000
      endloop
   endfacet
   facet normal 0.0000 -0.7797 0.6262
      outer loop
         vertex 0.6000 0.1933 0.5750
         vertex 0.4000 0.1933 0.5750
         vertex 0.4000 0.1750 0.5567
      endloop
   endfacet
   facet normal 0.0000 -0.6735 0.7392
      outer loop
         vertex 0.6000 0.1933 0.5750
         vertex 0.4000 0.1750 0.5567
         vertex 0.6000 0.1750 0.5567
      endloop
   endfacet
   facet normal 0.0000 -0.6735 0.7392
      outer loop
         vertex -0.6000 0.1933 0.5750
         vertex -0.6000 0.1750 0.5567
         vertex -0.4000 0.1750 0.5567
      endloop
   endfacet
   facet normal 0.0000 -0.7797 0.6262
      outer loop
         vertex -0.6000 0.1933 0.5750
         vertex -0.4000 0.1750 0.5567
         vertex -0.4000 0.1933 0.5750
      endloop
   endfacet
   facet normal 0.0000 -0.4993 0.8664
      outer loop
         vertex 0.6000 0.1750 0.5567
         vertex 0.4000 0.1750 0.5567
         vertex 0.4000 0.1629 0.5517
      endloop
   endfacet
   facet normal 0.0000 -0.4414 0.8973
      outer loop
         vertex 0.6000 0.1750 0.5567
         vertex 0.4000 0.1629 0.5517
         vertex 0.6000 0.1629 0.5517
      endloop
   endfacet
   facet normal 0.0000 -0.4414 0.8973
      outer loop
         vertex -0.6000 0.1750 0.5567
         vertex -0.6000 0.1629 0.5517
         vertex -0.4000 0.1629 0.5517
      endloop
   endfacet
   facet normal 0.0000 -0.4993 0.8664
      outer loop
         vertex -0.6000 0.1750 0.5567
         vertex -0.4000 0.1629 0.5517
         vertex -0.4000 0.1750 0.5567
      endloop
   endfacet
   facet normal 0.0000 -0.2588 0.9659
      outer loop
         vertex 0.6000 0.1629 -0.5483
         vertex 0.4000 0.1629 -0.5483
         vertex 0.4000 0.1000 -0.5652
      endloop
   endfacet
   facet normal 0.0000 -0.2588 0.9659
      outer loop
         vertex 0.6000 0.1629 -0.5483
         vertex 0.4000 0.1000 -0.5652
         vertex 0.6000 0.1000 -0.5652
      endloop
   endfacet
   facet normal 0.0000 -0.2588 0.9659
      outer loop
         vertex -0.6000 0.1629 -0.5483
         vertex -0.6000 0.1000 -0.5652
         vertex -0.4000 0.1000 -0.5652
      endloop
   endfacet
   facet normal 0.0000 -0.2588 0.9659
      outer loop
         vertex -0.6000 0.1629 -0.5483
         vertex -0.4000 0.1000 -0.5652
         vertex -0.4000 0.1629 -0.5483
      endloop
   endfacet
   facet normal 0.0000 0.0000 -1.0000
      outer loop
         vertex 0.4000 0.1000 -0.8000
         vertex 0.4000 0.4900 -0.8000
         vertex 0.6000 0.4900 -0.8000
      endloop
   endfacet
   facet normal 0.0000 0.0000 -1.0000
      outer loop
         vertex 0.4000 0.1000 -0.8000
         vertex 0.6000 0.4900 -0.8000
         vertex 0.6000 0.1000 -0.8000
      endloop
   endfacet
   facet normal 0.0000 0.0000 -1.0000
      outer loop
         vertex -0.6000 0.1000 -0.8000
         vertex -0.6000 0.4900 -0.8000
         vertex -0.4000 0.4900 -0.8000
      endloop
   endfacet
   facet normal 0.0000 0.0000 -1.0000
      outer loop
         vertex -0.6000 0.1000 -0.8000
         vertex -0.4000 0.4900 -0.8000
         vertex -0.4000 0.1000 -0.8000
      endloop
   endfacet
   facet normal 0.0000 -1.0000 0.0000
      outer loop
         vertex 0.6000 0.1000 -0.5652
         vertex 0.4000 0.1000 -0.5652
         vertex 0.4000 0.1000 -0.8000
      endloop
   endfacet
   facet normal 0.0000 -1.0000 0.0000
      outer loop
         vertex 0.6000 0.1000 -0.5652
         vertex 0.4000 0.1000 -0.8000
         vertex 0.6000 0.1000 -0.8000
      endloop
   endfacet
   facet normal 0.0000 -1.0000 0.0000
      outer loop
         vertex -0.6000 0.1000 -0.5652
         vertex -0.6000 0.1000 -0.8000
         vertex -0.4000 0.1000 -0.8000
      endloop
   endfacet
   facet normal 0.0000 -1.0000 0.0000
      outer loop
         vertex -0.6000 0.1000 -0.5652
         vertex -0.4000 0.1000 -0.8000
         vertex -0.4000 0.1000 -0.5652
      endloop
   endfacet
   facet normal 0.0000 -1.0000 0.0000
      outer loop
         vertex 0.4000 0.2000 -0.1000
         vertex 0.4000 0.2000 -0.5000
         vertex 0.6000 0.2000 -0.5000
      endloop
   endfacet
   facet normal 0.0000 -1.0000 0.0000
      outer loop
         vertex 0.4000 0.2000 -0.1000
         vertex 0.6000 0.2000 -0.5000
         vertex 0.6000 0.2000 -0.1000
      endloop
   endfacet
   facet normal 0.0000 -1.0000 0.0000
      outer loop
         vertex -0.6000 0.2000 -0.1000
         vertex -0.6000 0.2000 -0.5000
         vertex -0.4000 0.2000 -0.5000
      endloop
   endfacet
   facet normal 0.0000 -1.0000 0.0000
      outer loop
         vertex -0.6000 0.2000 -0.1000
         vertex -0.4000 0.2000 -0.5000
         vertex -0.4000 0.2000 -0.1000
      endloop
   endfacet
   facet normal 0.0000 -0.9405 0.3399
      outer loop
         vertex 0.6000 0.2000 -0.5000
         vertex 0.4000 0.2000 -0.5000
         vertex 0.4000 0.1933 -0.5250
      endloop
   endfacet
   facet normal 0.0000 -0.9071 0.4210
      outer loop
         vertex 0.6000 0.2000 -0.5000
         vertex 0.4000 0.1933 -0.5250
         vertex 0.6000 0.1933 -0.5250
      endloop
   endfacet
   facet normal 0.0000 -0.9071 0.4210
      outer loop
         vertex -0.6000 0.2000 -0.5000
         vertex -0.6000 0.1933 -0.5250
         vertex -0.4000 0.1933 -0.5250
      endloop
   endfacet
   facet normal 0.0000 -0.9405 0.3399
      outer loop
         vertex -0.6000 0.2000 -0.5000
         vertex -0.4000 0.1933 -0.5250
         vertex -0.4000 0.2000 -0.5000
      endloop
   endfacet
   facet normal 0.0000 -0.7797 0.6262
      outer loop
         vertex 0.6000 0.1933 -0.5250
         vertex 0.4000 0.1933 -0.5250
         vertex 0.4000 0.1750 -0.5433
      endloop
   endfacet
   facet normal 0.0000 -0.6735 0.7392
      outer loop
         vertex 0.6000 0.1933 -0.5250
         vertex 0.4000 0.1750 -0.5433
         vertex 0.6000 0.1750 -0.5433
      endloop
   endfacet
   facet normal 0.0000 -0.6735 0.7392
      outer loop
         vertex -0.6000 0.1933 -0.5250
         vertex -0.6000 0.1750 -0.5433
         vertex -0.4000 0.1750 -0.5433
      endloop
   endfacet
   facet normal 0.0000 -0.7797 0.6262
      outer loop
         vertex -0.6000 0.1933 -0.5250
         vertex -0.4000 0.1750 -0.5433
         vertex -0.4000 0.1933 -0.5250
      endloop
   endfacet
   facet normal 0.0000 -0.4993 0.8664
      outer loop
         vertex 0.6000 0.1750 -0.5433
         vertex 0.4000 0.1750 -0.5433
         vertex 0.4000 0.1629 -0.5483
      endloop
   endfacet
   facet normal 0.0000 -0.4414 0.8973
      outer loop
         vertex 0.6000 0.1750 -0.5433
         vertex 0.4000 0.1629 -0.5483
         vertex 0.6000 0.1629 -0.5483
      endloop
   endfacet
   facet normal 0.0000 -0.4414 0.8973
      outer loop
         vertex -0.6000 0.1750 -0.5433
         vertex -0.6000 0.1629 -0.5483
         vertex -0.4000 0.1629 -0.5483
      endloop
   endfacet
   facet normal 0.0000 -0.4993 0.8664
      outer loop
         vertex -0.6000 0.1750 -0.5433
         vertex -0.4000 0.1629 -0.5483
         vertex -0.4000 0.1750 -0.5433
      endloop
   endfacet
   facet normal 0.0000 -0.4414 -0.8973
      outer loop
         vertex 0.6000 0.1629 -0.0515
         vertex 0.4000 0.1629 -0.0515
         vertex 0.4000 0.1750 -0.0565
      endloop
   endfacet
   facet normal 0.0000 -0.4993 -0.8664
      outer loop
         vertex 0.6000 0.1629 -0.0515
         vertex 0.4000 0.1750 -0.0565
         vertex 0.6000 0.1750 -0.0565
      endloop
   endfacet
   facet normal 0.0000 -0.4993 -0.8664
      outer loop
         vertex -0.6000 0.1629 -0.0515
         vertex -0.6000 0.1750 -0.0565
         vertex -0.4000 0.1750 -0.0565
      endloop
   endfacet
   facet normal 0.0000 -0.4414 -0.8973
      outer loop
         vertex -0.6000 0.1629 -0.0515
         vertex -0.4000 0.1750 -0.0565
         vertex -0.4000 0.1629 -0.0515
      endloop
   endfacet
   facet normal 1.0000 0.0000 0.0000
      outer loop
         vertex -0.4000 0.4900 -0.8000
         vertex -0.4000 0.4900 0.0500
         vertex -0.4000 0.2000 -0.1000
      endloop
   endfacet
   facet normal 1.0000 0.0000 0.0000
      outer loop
         vertex -0.4000 0.4900 -0.8000
         vertex -0.4000 0.2000 -0.1000
         vertex -0.4000 0.2000 -0.5000
      endloop
   endfacet
   facet normal 1.0000 0.0000 0.0000
      outer loop
         vertex -0.4000 0.4900 -0.8000
         vertex -0.4000 0.2000 -0.5000
         vertex -0.4000 0.1933 -0.5250
      endloop
   endfacet
   facet normal 1.0000 0.0000 0.0000
      outer loop
         vertex -0.4000 0.4900 -0.8000
         vertex -0.4000 0.1933 -0.5250
         vertex -0.4000 0.1750 -0.5433
      endloop
   endfacet
   facet normal 1.0000 0.0000 0.0000
      outer loop
         vertex -0.4000 0.4900 -0.8000
         vertex -0.4000 0.1750 -0.5433
         vertex -0.4000 0.1629 -0.5483
      endloop
   endfacet
   facet normal 1.0000 0.0000 0.0000
      outer loop
         vertex -0.4000 0.4900 -0.8000
         vertex -0.4000 0.1629 -0.5483
         vertex -0.4000 0.1000 -0.5652
      endloop
   endfacet
   facet normal 1.0000 0.0000 0.0000
      outer loop
         vertex -0.4000 0.4900 -0.8000
         vertex -0.4000 0.1000 -0.5652
         vertex -0.4000 0.1000 -0.8000
      endloop
   endfacet
   facet normal 1.0000 0.0000 0.0000
      outer loop
         vertex -0.4000 0.4900 0.0500
         vertex -0.4000 0.1000 0.0500
         vertex -0.4000 0.1629 -0.0515
      endloop
   endfacet
   facet normal 1.0000 0.0000 0.0000
      outer loop
         vertex -0.4000 0.4900 0.0500
         vertex -0.4000 0.1629 -0.0515
         vertex -0.4000 0.1750 -0.0565
      endloop
   endfacet
   facet normal 1.0000 0.0000 0.0000
      outer loop
         vertex -0.4000 0.4900 0.0500
         vertex -0.4000 0.1750 -0.0565
         vertex -0.4000 0.1933 -0.0748
      endloop
   endfacet
   facet normal 1.0000 0.0000 0.0000
      outer loop
         vertex -0.4000 0.4900 0.0500
         vertex -0.4000 0.1933 -0.0748
         vertex -0.4000 0.2000 -0.1000
      endloop
   endfacet
   facet normal 1.0000 0.0000 0.0000
      outer loop
         vertex -0.4000 0.1629 -0.0515
         vertex -0.4000 0.1000 0.0500
         vertex -0.4000 0.1000 -0.0346
      endloop
   endfacet
   facet normal -1.0000 0.0000 0.0000
      outer loop
         vertex 0.4000 0.4900 0.0500
         vertex 0.4000 0.4900 -0.8000
         vertex 0.4000 0.2000 -0.5000
      endloop
   endfacet
   facet normal -1.0000 0.0000 0.0000
      outer loop
         vertex 0.4000 0.4900 0.0500
         vertex 0.4000 0.2000 -0.5000
         vertex 0.4000 0.2000 -0.1000
      endloop
   endfacet
   facet normal -1.0000 0.0000 0.0000
      outer loop
         vertex 0.4000 0.4900 0.0500
         vertex 0.4000 0.2000 -0.1000
         vertex 0.4000 0.1933 -0.0748
      endloop
   endfacet
   facet normal -1.0000 0.0000 0.0000
      outer loop
         vertex 0.4000 0.4900 0.0500
         vertex 0.4000 0.1933 -0.0748
         vertex 0.4000 0.1750 -0.0565
      endloop
   endfacet
   facet normal -1.0000 0.0000 0.0000
      outer loop
         vertex 0.4000 0.4900 0.0500
         vertex 0.4000 0.1750 -0.0565
         vertex 0.4000 0.1629 -0.0515
      endloop
   endfacet
   facet normal -1.0000 0.0000 0.0000
      outer loop
         vertex 0.4000 0.4900 0.0500
         vertex 0.4000 0.1629 -0.0515
         vertex 0.4000 0.1000 -0.0346
      endloop
   endfacet
   facet normal -1.0000 0.0000 0.0000
      outer loop
         vertex 0.4000 0.4900 0.0500
         vertex 0.4000 0.1000 -0.0346
         vertex 0.4000 0.1000 0.0500
      endloop
   endfacet
   facet normal -1.0000 0.0000 0.0000
      outer loop
         vertex 0.4000 0.4900 -0.8000
         vertex 0.4000 0.1000 -0.8000
         vertex 0.4000 0.1629 -0.5483
      endloop
   endfacet
   facet normal -1.0000 0.0000 0.0000
      outer loop
         vertex 0.4000 0.4900 -0.8000
         vertex 0.4000 0.1629 -0.5483
         vertex 0.4000 0.1750 -0.5433
      endloop
   endfacet
   facet normal -1.0000 0.0000 0.0000
      outer loop
         vertex 0.4000 0.4900 -0.8000
         vertex 0.4000 0.1750 -0.5433
         vertex 0.4000 0.1933 -0.5250
      endloop
   endfacet
   facet normal -1.0000 0.0000 0.0000
      outer loop
         vertex 0.4000 0.4900 -0.8000
         vertex 0.4000 0.1933 -0.5250
         vertex 0.4000 0.2000 -0.5000
      endloop
   endfacet
   facet normal -1.0000 0.0000 0.0000
      outer loop
         vertex 0.4000 0.1629 -0.5483
         vertex 0.4000 0.1000 -0.8000
         vertex 0.4000 0.1000 -0.5652
      endloop
   endfacet
   facet normal 0.0000 1.0000 0.0000
      outer loop
         vertex 0.4000 0.4900 1.2748
         vertex 0.6000 0.4900 1.2748
         vertex 0.4000 0.4900 0.1500
      endloop
   endfacet
   facet normal 0.0000 1.0000 0.0000
      outer loop
         vertex 0.4000 0.4900 0.1500
         vertex 0.6000 0.4900 1.2748
         vertex 0.4000 0.4900 0.0500
      endloop
   endfacet
   facet normal 0.0000 1.0000 0.0000
      outer loop
         vertex 0.4000 0.4900 0.1500
         vertex 0.4000 0.4900 0.0500
         vertex -0.4000 0.4900 0.1500
      endloop
   endfacet
   facet normal 0.0000 1.0000 0.0000
      outer loop
         vertex -0.4000 0.4900 0.1500
         vertex 0.4000 0.4900 0.0500
         vertex -0.4000 0.4900 0.0500
      endloop
   endfacet
   facet normal 0.0000 1.0000 0.0000
      outer loop
         vertex -0.4000 0.4900 0.1500
         vertex -0.4000 0.4900 0.0500
         vertex -0.6000 0.4900 1.2748
      endloop
   endfacet
   facet normal 0.0000 1.0000 0.0000
      outer loop
         vertex -0.6000 0.4900 1.2748
         vertex -0.4000 0.4900 0.0500
         vertex -0.4000 0.4900 -0.8000
      endloop
   endfacet
   facet normal 0.0000 1.0000 0.0000
      outer loop
         vertex -0.6000 0.4900 1.2748
         vertex -0.4000 0.4900 -0.8000
         vertex -0.6000 0.4900 -0.8000
      endloop
   endfacet
   facet normal 0.0000 1.0000 0.0000
      outer loop
         vertex 0.6000 0.4900 -0.8000
         vertex 0.4000 0.4900 -0.8000
         vertex 0.4000 0.4900 0.0500
      endloop
   endfacet
   facet normal 0.0000 1.0000 0.0000
      outer loop
         vertex 0.6000 0.4900 -0.8000
         vertex 0.4000 0.4900 0.0500
         vertex 0.6000 0.4900 1.2748
      endloop
   endfacet
   facet normal 0.0000 1.0000 0.0000
      outer loop
         vertex -0.4000 0.4900 0.1500
         vertex -0.6000 0.4900 1.2748
         vertex -0.4000 0.4900 1.2748
      endloop
   endfacet
   facet normal 0.0000 0.0000 -1.0000
      outer loop
         vertex 0.4000 0.4900 0.0500
         vertex 0.4000 0.1000 0.0500
         vertex -0.4000 0.1000 0.0500
      endloop
   endfacet
   facet normal 0.0000 0.0000 -1.0000
      outer loop
         vertex 0.4000 0.4900 0.0500
         vertex -0.4000 0.1000 0.0500
         vertex -0.4000 0.4900 0.0500
      endloop
   endfacet
   facet normal 0.0000 -0.2588 -0.9659
      outer loop
         vertex 0.6000 0.1000 -0.0346
         vertex 0.4000 0.1000 -0.0346
         vertex 0.4000 0.1629 -0.0515
      endloop
   endfacet
   facet normal 0.0000 -0.2588 -0.9659
      outer loop
         vertex 0.6000 0.1000 -0.0346
         vertex 0.4000 0.1629 -0.0515
         vertex 0.6000 0.1629 -0.0515
      endloop
   endfacet
   facet normal 0.0000 -0.2588 -0.9659
      outer loop
         vertex -0.6000 0.1000 -0.0346
         vertex -0.6000 0.1629 -0.0515
         vertex -0.4000 0.1629 -0.0515
      endloop
   endfacet
   facet normal 0.0000 -0.2588 -0.9659
      outer loop
         vertex -0.6000 0.1000 -0.0346
         vertex -0.4000 0.1629 -0.0515
         vertex -0.4000 0.1000 -0.0346
      endloop
   endfacet
   facet normal 0.0000 -0.6738 -0.7390
      outer loop
         vertex 0.6000 0.1750 -0.0565
         vertex 0.4000 0.1750 -0.0565
         vertex 0.4000 0.1933 -0.0748
      endloop
   endfacet
   facet normal 0.0000 -0.7801 -0.6257
      outer loop
         vertex 0.6000 0.1750 -0.0565
         vertex 0.4000 0.1933 -0.0748
         vertex 0.6000 0.1933 -0.0748
      endloop
   endfacet
   facet normal 0.0000 -0.7801 -0.6257
      outer loop
         vertex -0.6000 0.1750 -0.0565
         vertex -0.6000 0.1933 -0.0748
         vertex -0.4000 0.1933 -0.0748
      endloop
   endfacet
   facet normal 0.0000 -0.6738 -0.7390
      outer loop
         vertex -0.6000 0.1750 -0.0565
         vertex -0.4000 0.1933 -0.0748
         vertex -0.4000 0.1750 -0.0565
      endloop
   endfacet
   facet normal 0.0000 -0.9076 -0.4197
      outer loop
         vertex 0.6000 0.1933 -0.0748
         vertex 0.4000 0.1933 -0.0748
         vertex 0.4000 0.2000 -0.1000
      endloop
   endfacet
   facet normal 0.0000 -0.9410 -0.3383
      outer loop
         vertex 0.6000 0.1933 -0.0748
         vertex 0.4000 0.2000 -0.1000
         vertex 0.6000 0.2000 -0.1000
      endloop
   endfacet
   facet normal 0.0000 -0.9410 -0.3383
      outer loop
         vertex -0.6000 0.1933 -0.0748
         vertex -0.6000 0.2000 -0.1000
         vertex -0.4000 0.2000 -0.1000
      endloop
   endfacet
   facet normal 0.0000 -0.9076 -0.4197
      outer loop
         vertex -0.6000 0.1933 -0.0748
         vertex -0.4000 0.2000 -0.1000
         vertex -0.4000 0.1933 -0.0748
      endloop
   endfacet
   facet normal -1.0000 0.0000 0.0000
      outer loop
         vertex -0.6000 0.4900 -0.8000
         vertex -0.6000 0.4900 1.2748
         vertex -0.6000 0.5000 1.2691
      endloop
   endfacet
   facet normal -1.0000 0.0000 0.0000
      outer loop
         vertex -0.6000 0.4900 -0.8000
         vertex -0.6000 0.5000 1.2691
         vertex -0.6000 0.5000 1.2000
      endloop
   endfacet
   facet normal -1.0000 0.0000 0.0000
      outer loop
         vertex -0.6000 0.4900 -0.8000
         vertex -0.6000 0.5000 1.2000
         vertex -0.6000 0.5000 0.5500
      endloop
   endfacet
   facet normal -1.0000 0.0000 0.0000
      outer loop
         vertex -0.6000 0.4900 -0.8000
         vertex -0.6000 0.5000 0.5500
         vertex -0.6000 0.5000 -0.1500
      endloop
   endfacet
   facet normal -1.0000 0.0000 0.0000
      outer loop
         vertex -0.6000 0.4900 -0.8000
         vertex -0.6000 0.5000 -0.1500
         vertex -0.6000 0.5000 -0.6000
      endloop
   endfacet
   facet normal -1.0000 0.0000 0.0000
      outer loop
         vertex -0.6000 0.4900 -0.8000
         vertex -0.6000 0.5000 -0.6000
         vertex -0.6000 0.5000 -0.8000
      endloop
   endfacet
   facet normal -1.0000 0.0000 0.0000
      outer loop
         vertex -0.6000 1.0366 -0.2000
         vertex -0.6000 1.7000 -0.2000
         vertex -0.6000 1.7000 -0.6000
      endloop
   endfacet
   facet normal -1.0000 0.0000 0.0000
      outer loop
         vertex -0.6000 1.7000 -0.6000
         vertex -0.6000 1.7000 -0.2000
         vertex -0.6000 2.9450 -0.2805
      endloop
   endfacet
   facet normal -1.0000 0.0000 0.0000
      outer loop
         vertex -0.6000 1.7000 -0.6000
         vertex -0.6000 2.9450 -0.2805
         vertex -0.6000 2.9450 -0.5195
      endloop
   endfacet
   facet normal -1.0000 0.0000 0.0000
      outer loop
         vertex -0.6000 2.9450 -0.5195
         vertex -0.6000 2.9450 -0.2805
         vertex -0.6000 2.9939 -0.2953
      endloop
   endfacet
   facet normal -1.0000 0.0000 0.0000
      outer loop
         vertex -0.6000 2.9450 -0.5195
         vertex -0.6000 2.9939 -0.2953
         vertex -0.6000 2.9939 -0.5047
      endloop
   endfacet
   facet normal -1.0000 0.0000 0.0000
      outer loop
         vertex -0.6000 2.9939 -0.5047
         vertex -0.6000 2.9939 -0.2953
         vertex -0.6000 3.0350 -0.3364
      endloop
   endfacet
   facet normal -1.0000 0.0000 0.0000
      outer loop
         vertex -0.6000 2.9939 -0.5047
         vertex -0.6000 3.0350 -0.3364
         vertex -0.6000 3.0350 -0.4636
      endloop
   endfacet
   facet normal -1.0000 0.0000 0.0000
      outer loop
         vertex -0.6000 3.0350 -0.4636
         vertex -0.6000 3.0350 -0.3364
         vertex -0.6000 3.0500 -0.3925
      endloop
   endfacet
   facet normal -1.0000 0.0000 0.0000
      outer loop
         vertex -0.6000 3.0350 -0.4636
         vertex -0.6000 3.0500 -0.3925
         vertex -0.6000 3.0500 -0.4075
      endloop
   endfacet
   facet normal -1.0000 0.0000 0.0000
      outer loop
         vertex -0.6000 1.7000 -0.6000
         vertex -0.6000 0.5000 -0.6000
         vertex -0.6000 0.5250 -0.1933
      endloop
   endfacet
   facet normal -1.0000 0.0000 0.0000
      outer loop
         vertex -0.6000 1.7000 -0.6000
         vertex -0.6000 0.5250 -0.1933
         vertex -0.6000 0.5500 -0.2000
      endloop
   endfacet
   facet normal -1.0000 0.0000 0.0000
      outer loop
         vertex -0.6000 1.7000 -0.6000
         vertex -0.6000 0.5500 -0.2000
         vertex -0.6000 0.7500 -0.2000
      endloop
   endfacet
   facet normal -1.0000 0.0000 0.0000
      outer loop
         vertex -0.6000 1.7000 -0.6000
         vertex -0.6000 0.7500 -0.2000
         vertex -0.6000 0.7750 -0.1933
      endloop
   endfacet
   facet normal -1.0000 0.0000 0.0000
      outer loop
         vertex -0.6000 1.7000 -0.6000
         vertex -0.6000 0.7750 -0.1933
         vertex -0.6000 0.7933 -0.1750
      endloop
   endfacet
   facet normal -1.0000 0.0000 0.0000
      outer loop
         vertex -0.6000 1.7000 -0.6000
         vertex -0.6000 0.7933 -0.1750
         vertex -0.6000 0.8000 -0.1500
      endloop
   endfacet
   facet normal -1.0000 0.0000 0.0000
      outer loop
         vertex -0.6000 1.7000 -0.6000
         vertex -0.6000 0.8000 -0.1500
         vertex -0.6000 0.8067 -0.1250
      endloop
   endfacet
   facet normal -1.0000 0.0000 0.0000
      outer loop
         vertex -0.6000 1.7000 -0.6000
         vertex -0.6000 0.8067 -0.1250
         vertex -0.6000 0.8250 -0.1067
      endloop
   endfacet
   facet normal -1.0000 0.0000 0.0000
      outer loop
         vertex -0.6000 1.7000 -0.6000
         vertex -0.6000 0.8250 -0.1067
         vertex -0.6000 0.8500 -0.1000
      endloop
   endfacet
   facet normal -1.0000 0.0000 0.0000
      outer loop
         vertex -0.6000 1.7000 -0.6000
         vertex -0.6000 0.8500 -0.1000
         vertex -0.6000 0.8750 -0.1067
      endloop
   endfacet
   facet normal -1.0000 0.0000 0.0000
      outer loop
         vertex -0.6000 1.7000 -0.6000
         vertex -0.6000 0.8750 -0.1067
         vertex -0.6000 1.0366 -0.2000
      endloop
   endfacet
   facet normal -1.0000 0.0000 0.0000
      outer loop
         vertex -0.6000 0.5000 -0.6000
         vertex -0.6000 0.5000 -0.1500
         vertex -0.6000 0.5067 -0.1750
      endloop
   endfacet
   facet normal -1.0000 0.0000 0.0000
      outer loop
         vertex -0.6000 0.5000 -0.6000
         vertex -0.6000 0.5067 -0.1750
         vertex -0.6000 0.5250 -0.1933
      endloop
   endfacet
   facet normal -1.0000 0.0000 0.0000
      outer loop
         vertex -0.6000 1.1000 1.1000
         vertex -0.6000 1.2000 1.0423
         vertex -0.6000 1.2000 0.6943
      endloop
   endfacet
   facet normal -1.0000 0.0000 0.0000
      outer loop
         vertex -0.6000 1.1000 1.1000
         vertex -0.6000 1.2000 0.6943
         vertex -0.6000 0.8750 0.5067
      endloop
   endfacet
   facet normal -1.0000 0.0000 0.0000
      outer loop
         vertex -0.6000 1.1000 1.1000
         vertex -0.6000 0.8750 0.5067
         vertex -0.6000 0.8500 0.5000
      endloop
   endfacet
   facet normal -1.0000 0.0000 0.0000
      outer loop
         vertex -0.6000 1.1000 1.1000
         vertex -0.6000 0.8500 0.5000
         vertex -0.6000 0.8250 0.5067
      endloop
   endfacet
   facet normal -1.0000 0.0000 0.0000
      outer loop
         vertex -0.6000 1.1000 1.1000
         vertex -0.6000 0.8250 0.5067
         vertex -0.6000 0.8067 0.5250
      endloop
   endfacet
   facet normal -1.0000 0.0000 0.0000
      outer loop
         vertex -0.6000 1.1000 1.1000
         vertex -0.6000 0.8067 0.5250
         vertex -0.6000 0.8000 0.5500
      endloop
   endfacet
   facet normal -1.0000 0.0000 0.0000
      outer loop
         vertex -0.6000 1.1000 1.1000
         vertex -0.6000 0.8000 0.5500
         vertex -0.6000 0.7933 0.5750
      endloop
   endfacet
   facet normal -1.0000 0.0000 0.0000
      outer loop
         vertex -0.6000 1.1000 1.1000
         vertex -0.6000 0.7933 0.5750
         vertex -0.6000 0.7750 0.5933
      endloop
   endfacet
   facet normal -1.0000 0.0000 0.0000
      outer loop
         vertex -0.6000 1.1000 1.1000
         vertex -0.6000 0.7750 0.5933
         vertex -0.6000 0.7500 0.6000
      endloop
   endfacet
   facet normal -1.0000 0.0000 0.0000
      outer loop
         vertex -0.6000 1.1000 1.1000
         vertex -0.6000 0.7500 0.6000
         vertex -0.6000 0.6000 1.1000
      endloop
   endfacet
   facet normal -1.0000 0.0000 0.0000
      outer loop
         vertex -0.6000 0.5067 0.5750
         vertex -0.6000 0.5134 1.1500
         vertex -0.6000 0.5250 0.5933
      endloop
   endfacet
   facet normal -1.0000 0.0000 0.0000
      outer loop
         vertex -0.6000 0.5250 0.5933
         vertex -0.6000 0.5134 1.1500
         vertex -0.6000 0.5500 1.1134
      endloop
   endfacet
   facet normal -1.0000 0.0000 0.0000
      outer loop
         vertex -0.6000 0.5250 0.5933
         vertex -0.6000 0.5500 1.1134
         vertex -0.6000 0.5500 0.6000
      endloop
   endfacet
   facet normal -1.0000 0.0000 0.0000
      outer loop
         vertex -0.6000 0.5500 0.6000
         vertex -0.6000 0.5500 1.1134
         vertex -0.6000 0.6000 1.1000
      endloop
   endfacet
   facet normal -1.0000 0.0000 0.0000
      outer loop
         vertex -0.6000 0.5500 0.6000
         vertex -0.6000 0.6000 1.1000
         vertex -0.6000 0.7500 0.6000
      endloop
   endfacet
   facet normal -1.0000 0.0000 0.0000
      outer loop
         vertex -0.6000 0.5000 0.5500
         vertex -0.6000 0.5000 1.2000
         vertex -0.6000 0.5134 1.1500
      endloop
   endfacet
   facet normal -1.0000 0.0000 0.0000
      outer loop
         vertex -0.6000 0.5000 0.5500
         vertex -0.6000 0.5134 1.1500
         vertex -0.6000 0.5067 0.5750
      endloop
   endfacet
   facet normal 1.0000 0.0000 0.0000
      outer loop
         vertex 0.6000 0.4900 1.2748
         vertex 0.6000 0.4900 -0.8000
         vertex 0.6000 0.5000 -0.8000
      endloop
   endfacet
   facet normal 1.0000 0.0000 0.0000
      outer loop
         vertex 0.6000 0.4900 1.2748
         vertex 0.6000 0.5000 -0.8000
         vertex 0.6000 0.5000 -0.6000
      endloop
   endfacet
   facet normal 1.0000 0.0000 0.0000
      outer loop
         vertex 0.6000 0.4900 1.2748
         vertex 0.6000 0.5000 -0.6000
         vertex 0.6000 0.5000 -0.1500
      endloop
   endfacet
   facet normal 1.0000 0.0000 0.0000
      outer loop
         vertex 0.6000 0.4900 1.2748
         vertex 0.6000 0.5000 -0.1500
         vertex 0.6000 0.5000 0.5500
      endloop
   endfacet
   facet normal 1.0000 0.0000 0.0000
      outer loop
         vertex 0.6000 0.4900 1.2748
         vertex 0.6000 0.5000 0.5500
         vertex 0.6000 0.5000 1.2000
      endloop
   endfacet
   facet normal 1.0000 0.0000 0.0000
      outer loop
         vertex 0.6000 0.4900 1.2748
         vertex 0.6000 0.5000 1.2000
         vertex 0.6000 0.5000 1.2691
      endloop
   endfacet
   facet normal 1.0000 0.0000 0.0000
      outer loop
         vertex 0.6000 1.1000 1.1000
         vertex 0.6000 0.6000 1.1000
         vertex 0.6000 0.7500 0.6000
      endloop
   endfacet
   facet normal 1.0000 0.0000 0.0000
      outer loop
         vertex 0.6000 1.1000 1.1000
         vertex 0.6000 0.7500 0.6000
         vertex 0.6000 0.7750 0.5933
      endloop
   endfacet
   facet normal 1.0000 0.0000 0.0000
      outer loop
         vertex 0.6000 1.1000 1.1000
         vertex 0.6000 0.7750 0.5933
         vertex 0.6000 0.7933 0.5750
      endloop
   endfacet
   facet normal 1.0000 0.0000 0.0000
      outer loop
         vertex 0.6000 1.1000 1.1000
         vertex 0.6000 0.7933 0.5750
         vertex 0.6000 0.8000 0.5500
      endloop
   endfacet
   facet normal 1.0000 0.0000 0.0000
      outer loop
         vertex 0.6000 1.1000 1.1000
         vertex 0.6000 0.8000 0.5500
         vertex 0.6000 0.8067 0.5250
      endloop
   endfacet
   facet normal 1.0000 0.0000 0.0000
      outer loop
         vertex 0.6000 1.1000 1.1000
         vertex 0.6000 0.8067 0.5250
         vertex 0.6000 0.8250 0.5067
      endloop
   endfacet
   facet normal 1.0000 0.0000 0.0000
      outer loop
         vertex 0.6000 1.1000 1.1000
         vertex 0.6000 0.8250 0.5067
         vertex 0.6000 0.8500 0.5000
      endloop
   endfacet
   facet normal 1.0000 0.0000 0.0000
      outer loop
         vertex 0.6000 1.1000 1.1000
         vertex 0.6000 0.8500 0.5000
         vertex 0.6000 0.8750 0.5067
      endloop
   endfacet
   facet normal 1.0000 0.0000 0.0000
      outer loop
         vertex 0.6000 1.1000 1.1000
         vertex 0.6000 0.8750 0.5067
         vertex 0.6000 1.2000 0.6943
      endloop
   endfacet
   facet normal 1.0000 0.0000 0.0000
      outer loop
         vertex 0.6000 1.1000 1.1000
         vertex 0.6000 1.2000 0.6943
         vertex 0.6000 1.2000 1.0423
      endloop
   endfacet
   facet normal 1.0000 0.0000 0.0000
      outer loop
         vertex 0.6000 0.5500 1.1134
         vertex 0.6000 0.5134 1.1500
         vertex 0.6000 0.5250 0.5933
      endloop
   endfacet
   facet normal 1.0000 0.0000 0.0000
      outer loop
         vertex 0.6000 0.5500 1.1134
         vertex 0.6000 0.5250 0.5933
         vertex 0.6000 0.5500 0.6000
      endloop
   endfacet
   facet normal 1.0000 0.0000 0.0000
      outer loop
         vertex 0.6000 0.5500 1.1134
         vertex 0.6000 0.5500 0.6000
         vertex 0.6000 0.7500 0.6000
      endloop
   endfacet
   facet normal 1.0000 0.0000 0.0000
      outer loop
         vertex 0.6000 0.5500 1.1134
         vertex 0.6000 0.7500 0.6000
         vertex 0.6000 0.6000 1.1000
      endloop
   endfacet
   facet normal 1.0000 0.0000 0.0000
      outer loop
         vertex 0.6000 0.5067 0.5750
         vertex 0.6000 0.5250 0.5933
         vertex 0.6000 0.5134 1.1500
      endloop
   endfacet
   facet normal 1.0000 0.0000 0.0000
      outer loop
         vertex 0.6000 0.5067 0.5750
         vertex 0.6000 0.5134 1.1500
         vertex 0.6000 0.5000 1.2000
      endloop
   endfacet
   facet normal 1.0000 0.0000 0.0000
      outer loop
         vertex 0.6000 0.5067 0.5750
         vertex 0.6000 0.5000 1.2000
         vertex 0.6000 0.5000 0.5500
      endloop
   endfacet
   facet normal 1.0000 0.0000 0.0000
      outer loop
         vertex 0.6000 1.0366 -0.2000
         vertex 0.6000 1.7000 -0.6000
         vertex 0.6000 1.7000 -0.2000
      endloop
   endfacet
   facet normal 1.0000 0.0000 0.0000
      outer loop
         vertex 0.6000 1.7000 -0.2000
         vertex 0.6000 1.7000 -0.6000
         vertex 0.6000 2.9450 -0.5195
      endloop
   endfacet
   facet normal 1.0000 0.0000 0.0000
      outer loop
         vertex 0.6000 1.7000 -0.2000
         vertex 0.6000 2.9450 -0.5195
         vertex 0.6000 2.9450 -0.2805
      endloop
   endfacet
   facet normal 1.0000 0.0000 0.0000
      outer loop
         vertex 0.6000 2.9450 -0.2805
         vertex 0.6000 2.9450 -0.5195
         vertex 0.6000 2.9939 -0.5047
      endloop
   endfacet
   facet normal 1.0000 0.0000 0.0000
      outer loop
         vertex 0.6000 2.9450 -0.2805
         vertex 0.6000 2.9939 -0.5047
         vertex 0.6000 2.9939 -0.2953
      endloop
   endfacet
   facet normal 1.0000 0.0000 0.0000
      outer loop
         vertex 0.6000 2.9939 -0.2953
         vertex 0.6000 2.9939 -0.5047
         vertex 0.6000 3.0350 -0.4636
      endloop
   endfacet
   facet normal 1.0000 0.0000 0.0000
      outer loop
         vertex 0.6000 2.9939 -0.2953
         vertex 0.6000 3.0350 -0.4636
         vertex 0.6000 3.0350 -0.3364
      endloop
   endfacet
   facet normal 1.0000 0.0000 0.0000
      outer loop
         vertex 0.6000 3.0350 -0.3364
         vertex 0.6000 3.0350 -0.4636
         vertex 0.6000 3.0500 -0.4075
      endloop
   endfacet
   facet normal 1.0000 0.0000 0.0000
      outer loop
         vertex 0.6000 3.0350 -0.3364
         vertex 0.6000 3.0500 -0.4075
         vertex 0.6000 3.0500 -0.3925
      endloop
   endfacet
   facet normal 1.0000 0.0000 0.0000
      outer loop
         vertex 0.6000 1.7000 -0.6000
         vertex 0.6000 1.0366 -0.2000
         vertex 0.6000 0.8750 -0.1067
      endloop
   endfacet
   facet normal 1.0000 0.0000 0.0000
      outer loop
         vertex 0.6000 1.7000 -0.6000
         vertex 0.6000 0.8750 -0.1067
         vertex 0.6000 0.8500 -0.1000
      endloop
   endfacet
   facet normal 1.0000 0.0000 0.0000
      outer loop
         vertex 0.6000 1.7000 -0.6000
         vertex 0.6000 0.8500 -0.1000
         vertex 0.6000 0.8250 -0.1067
      endloop
   endfacet
   facet normal 1.0000 0.0000 0.0000
      outer loop
         vertex 0.6000 1.7000 -0.6000
         vertex 0.6000 0.8250 -0.1067
         vertex 0.6000 0.8067 -0.1250
      endloop
   endfacet
   facet normal 1.0000 0.0000 0.0000
      outer loop
         vertex 0.6000 1.7000 -0.6000
         vertex 0.6000 0.8067 -0.1250
         vertex 0.6000 0.8000 -0.1500
      endloop
   endfacet
   facet normal 1.0000 0.0000 0.0000
      outer loop
         vertex 0.6000 1.7000 -0.6000
         vertex 0.6000 0.8000 -0.1500
         vertex 0.6000 0.7933 -0.1750
      endloop
   endfacet
   facet normal 1.0000 0.0000 0.0000
      outer loop
         vertex 0.6000 1.7000 -0.6000
         vertex 0.6000 0.7933 -0.1750
         vertex 0.6000 0.7750 -0.1933
      endloop
   endfacet
   facet normal 1.0000 0.0000 0.0000
      outer loop
         vertex 0.6000 1.7000 -0.6000
         vertex 0.6000 0.7750 -0.1933
         vertex 0.6000 0.7500 -0.2000
      endloop
   endfacet
   facet normal 1.0000 0.0000 0.0000
      outer loop
         vertex 0.6000 1.7000 -0.6000
         vertex 0.6000 0.7500 -0.2000
         vertex 0.6000 0.5500 -0.2000
      endloop
   endfacet
   facet normal 1.0000 0.0000 0.0000
      outer loop
         vertex 0.6000 1.7000 -0.6000
         vertex 0.6000 0.5500 -0.2000
         vertex 0.6000 0.5250 -0.1933
      endloop
   endfacet
   facet normal 1.0000 0.0000 0.0000
      outer loop
         vertex 0.6000 1.7000 -0.6000
         vertex 0.6000 0.5250 -0.1933
         vertex 0.6000 0.5000 -0.6000
      endloop
   endfacet
   facet normal 1.0000 0.0000 0.0000
      outer loop
         vertex 0.6000 0.5067 -0.1750
         vertex 0.6000 0.5000 -0.1500
         vertex 0.6000 0.5000 -0.6000
      endloop
   endfacet
   facet normal 1.0000 0.0000 0.0000
      outer loop
         vertex 0.6000 0.5067 -0.1750
         vertex 0.6000 0.5000 -0.6000
         vertex 0.6000 0.5250 -0.1933
      endloop
   endfacet
   facet normal 0.0000 0.5000 -0.8660
      outer loop
         vertex 0.6000 0.8750 0.5067
         vertex 0.4000 0.8750 0.5067
         vertex 0.4000 1.2000 0.6943
      endloop
   endfacet
   facet normal 0.0000 0.5000 -0.8660
      outer loop
         vertex 0.6000 0.8750 0.5067
         vertex 0.4000 1.2000 0.6943
         vertex 0.6000 1.2000 0.6943
      endloop
   endfacet
   facet normal 0.0000 0.5000 -0.8660
      outer loop
         vertex -0.6000 0.8750 0.5067
         vertex -0.6000 1.2000 0.6943
         vertex -0.4000 1.2000 0.6943
      endloop
   endfacet
   facet normal 0.0000 0.5000 -0.8660
      outer loop
         vertex -0.6000 0.8750 0.5067
         vertex -0.4000 1.2000 0.6943
         vertex -0.4000 0.8750 0.5067
      endloop
   endfacet
   facet normal 0.0000 -0.6414 -0.7672
      outer loop
         vertex 0.6000 0.7750 0.5933
         vertex 0.4000 0.7750 0.5933
         vertex 0.4000 0.7933 0.5750
      endloop
   endfacet
   facet normal 0.0000 -0.7672 -0.6414
      outer loop
         vertex 0.6000 0.7750 0.5933
         vertex 0.4000 0.7933 0.5750
         vertex 0.6000 0.7933 0.5750
      endloop
   endfacet
   facet normal 0.0000 -0.7672 -0.6414
      outer loop
         vertex -0.6000 0.7750 0.5933
         vertex -0.6000 0.7933 0.5750
         vertex -0.4000 0.7933 0.5750
      endloop
   endfacet
   facet normal 0.0000 -0.6414 -0.7672
      outer loop
         vertex -0.6000 0.7750 0.5933
         vertex -0.4000 0.7933 0.5750
         vertex -0.4000 0.7750 0.5933
      endloop
   endfacet
   facet normal 0.0000 0.0000 1.0000
      outer loop
         vertex 0.6000 1.1000 1.1000
         vertex 0.4000 1.1000 1.1000
         vertex 0.4000 0.6000 1.1000
      endloop
   endfacet
   facet normal 0.0000 0.0000 1.0000
      outer loop
         vertex 0.6000 1.1000 1.1000
         vertex 0.4000 0.6000 1.1000
         vertex 0.6000 0.6000 1.1000
      endloop
   endfacet
   facet normal 0.0000 0.0000 1.0000
      outer loop
         vertex -0.6000 1.1000 1.1000
         vertex -0.6000 0.6000 1.1000
         vertex -0.4000 0.6000 1.1000
      endloop
   endfacet
   facet normal 0.0000 0.0000 1.0000
      outer loop
         vertex -0.6000 1.1000 1.1000
         vertex -0.4000 0.6000 1.1000
         vertex -0.4000 1.1000 1.1000
      endloop
   endfacet
   facet normal 0.0000 0.0890 -0.9960
      outer loop
         vertex 0.6000 0.8750 0.5067
         vertex 0.6000 0.8500 0.5000
         vertex 0.4000 0.8500 0.5000
      endloop
   endfacet
   facet normal 0.0000 0.1758 -0.9844
      outer loop
         vertex 0.6000 0.8750 0.5067
         vertex 0.4000 0.8500 0.5000
         vertex 0.4000 0.8750 0.5067
      endloop
   endfacet
   facet normal 0.0000 0.0890 -0.9960
      outer loop
         vertex -0.4000 0.8750 0.5067
         vertex -0.4000 0.8500 0.5000
         vertex -0.6000 0.8500 0.5000
      endloop
   endfacet
   facet normal 0.0000 0.1758 -0.9844
      outer loop
         vertex -0.4000 0.8750 0.5067
         vertex -0.6000 0.8500 0.5000
         vertex -0.6000 0.8750 0.5067
      endloop
   endfacet
   facet normal 0.0000 1.0000 0.0000
      outer loop
         vertex 0.6000 1.2000 0.6943
         vertex 0.4000 1.2000 0.6943
         vertex 0.4000 1.2000 1.0423
      endloop
   endfacet
   facet normal 0.0000 1.0000 0.0000
      outer loop
         vertex 0.6000 1.2000 0.6943
         vertex 0.4000 1.2000 1.0423
         vertex 0.6000 1.2000 1.0423
      endloop
   endfacet
   facet normal 0.0000 1.0000 0.0000
      outer loop
         vertex -0.6000 1.2000 0.6943
         vertex -0.6000 1.2000 1.0423
         vertex -0.4000 1.2000 1.0423
      endloop
   endfacet
   facet normal 0.0000 1.0000 0.0000
      outer loop
         vertex -0.6000 1.2000 0.6943
         vertex -0.4000 1.2000 1.0423
         vertex -0.4000 1.2000 0.6943
      endloop
   endfacet
   facet normal 0.0000 0.5000 0.8660
      outer loop
         vertex 0.6000 1.2000 1.0423
         vertex 0.4000 1.2000 1.0423
         vertex 0.4000 1.1000 1.1000
      endloop
   endfacet
   facet normal 0.0000 0.5000 0.8660
      outer loop
         vertex 0.6000 1.2000 1.0423
         vertex 0.4000 1.1000 1.1000
         vertex 0.6000 1.1000 1.1000
      endloop
   endfacet
   facet normal 0.0000 0.5000 0.8660
      outer loop
         vertex -0.6000 1.2000 1.0423
         vertex -0.6000 1.1000 1.1000
         vertex -0.4000 1.1000 1.1000
      endloop
   endfacet
   facet normal 0.0000 0.5000 0.8660
      outer loop
         vertex -0.6000 1.2000 1.0423
         vertex -0.4000 1.1000 1.1000
         vertex -0.4000 1.2000 1.0423
      endloop
   endfacet
   facet normal 1.0000 0.0000 0.0000
      outer loop
         vertex -0.4000 0.4900 1.2748
         vertex -0.4000 0.4900 0.1500
         vertex -0.4000 0.5000 0.1500
      endloop
   endfacet
   facet normal 1.0000 0.0000 0.0000
      outer loop
         vertex -0.4000 0.4900 1.2748
         vertex -0.4000 0.5000 0.1500
         vertex -0.4000 0.5000 0.5500
      endloop
   endfacet
   facet normal 1.0000 0.0000 0.0000
      outer loop
         vertex -0.4000 0.4900 1.2748
         vertex -0.4000 0.5000 0.5500
         vertex -0.4000 0.5000 1.2000
      endloop
   endfacet
   facet normal 1.0000 0.0000 0.0000
      outer loop
         vertex -0.4000 0.4900 1.2748
         vertex -0.4000 0.5000 1.2000
         vertex -0.4000 0.5000 1.2691
      endloop
   endfacet
   facet normal 1.0000 0.0000 0.0000
      outer loop
         vertex -0.4000 1.1000 1.1000
         vertex -0.4000 0.6000 1.1000
         vertex -0.4000 0.7500 0.6000
      endloop
   endfacet
   facet normal 1.0000 0.0000 0.0000
      outer loop
         vertex -0.4000 1.1000 1.1000
         vertex -0.4000 0.7500 0.6000
         vertex -0.4000 0.7750 0.5933
      endloop
   endfacet
   facet normal 1.0000 0.0000 0.0000
      outer loop
         vertex -0.4000 1.1000 1.1000
         vertex -0.4000 0.7750 0.5933
         vertex -0.4000 0.7933 0.5750
      endloop
   endfacet
   facet normal 1.0000 0.0000 0.0000
      outer loop
         vertex -0.4000 1.1000 1.1000
         vertex -0.4000 0.7933 0.5750
         vertex -0.4000 0.8000 0.5500
      endloop
   endfacet
   facet normal 1.0000 0.0000 0.0000
      outer loop
         vertex -0.4000 1.1000 1.1000
         vertex -0.4000 0.8000 0.5500
         vertex -0.4000 0.8067 0.5250
      endloop
   endfacet
   facet normal 1.0000 0.0000 0.0000
      outer loop
         vertex -0.4000 1.1000 1.1000
         vertex -0.4000 0.8067 0.5250
         vertex -0.4000 0.8250 0.5067
      endloop
   endfacet
   facet normal 1.0000 0.0000 0.0000
      outer loop
         vertex -0.4000 1.1000 1.1000
         vertex -0.4000 0.8250 0.5067
         vertex -0.4000 0.8500 0.5000
      endloop
   endfacet
   facet normal 1.0000 0.0000 0.0000
      outer loop
         vertex -0.4000 1.1000 1.1000
         vertex -0.4000 0.8500 0.5000
         vertex -0.4000 0.8750 0.5067
      endloop
   endfacet
   facet normal 1.0000 0.0000 0.0000
      outer loop
         vertex -0.4000 1.1000 1.1000
         vertex -0.4000 0.8750 0.5067
         vertex -0.4000 1.2000 0.6943
      endloop
   endfacet
   facet normal 1.0000 0.0000 0.0000
      outer loop
         vertex -0.4000 1.1000 1.1000
         vertex -0.4000 1.2000 0.6943
         vertex -0.4000 1.2000 1.0423
      endloop
   endfacet
   facet normal 1.0000 0.0000 0.0000
      outer loop
         vertex -0.4000 0.5500 1.1134
         vertex -0.4000 0.5134 1.1500
         vertex -0.4000 0.5250 0.5933
      endloop
   endfacet
   facet normal 1.0000 0.0000 0.0000
      outer loop
         vertex -0.4000 0.5500 1.1134
         vertex -0.4000 0.5250 0.5933
         vertex -0.4000 0.5500 0.6000
      endloop
   endfacet
   facet normal 1.0000 0.0000 0.0000
      outer loop
         vertex -0.4000 0.5500 1.1134
         vertex -0.4000 0.5500 0.6000
         vertex -0.4000 0.7500 0.6000
      endloop
   endfacet
   facet normal 1.0000 0.0000 0.0000
      outer loop
         vertex -0.4000 0.5500 1.1134
         vertex -0.4000 0.7500 0.6000
         vertex -0.4000 0.6000 1.1000
      endloop
   endfacet
   facet normal 1.0000 0.0000 0.0000
      outer loop
         vertex -0.4000 0.5067 0.5750
         vertex -0.4000 0.5250 0.5933
         vertex -0.4000 0.5134 1.1500
      endloop
   endfacet
   facet normal 1.0000 0.0000 0.0000
      outer loop
         vertex -0.4000 0.5067 0.5750
         vertex -0.4000 0.5134 1.1500
         vertex -0.4000 0.5000 1.2000
      endloop
   endfacet
   facet normal 1.0000 0.0000 0.0000
      outer loop
         vertex -0.4000 0.5067 0.5750
         vertex -0.4000 0.5000 1.2000
         vertex -0.4000 0.5000 0.5500
      endloop
   endfacet
   facet normal -1.0000 0.0000 0.0000
      outer loop
         vertex 0.4000 0.4900 0.1500
         vertex 0.4000 0.4900 1.2748
         vertex 0.4000 0.5000 1.2691
      endloop
   endfacet
   facet normal -1.0000 0.0000 0.0000
      outer loop
         vertex 0.4000 0.4900 0.1500
         vertex 0.4000 0.5000 1.2691
         vertex 0.4000 0.5000 1.2000
      endloop
   endfacet
   facet normal -1.0000 0.0000 0.0000
      outer loop
         vertex 0.4000 0.4900 0.1500
         vertex 0.4000 0.5000 1.2000
         vertex 0.4000 0.5000 0.5500
      endloop
   endfacet
   facet normal -1.0000 0.0000 0.0000
      outer loop
         vertex 0.4000 0.4900 0.1500
         vertex 0.4000 0.5000 0.5500
         vertex 0.4000 0.5000 0.1500
      endloop
   endfacet
   facet normal -1.0000 0.0000 0.0000
      outer loop
         vertex 0.4000 1.1000 1.1000
         vertex 0.4000 1.2000 1.0423
         vertex 0.4000 1.2000 0.6943
      endloop
   endfacet
   facet normal -1.0000 0.0000 0.0000
      outer loop
         vertex 0.4000 1.1000 1.1000
         vertex 0.4000 1.2000 0.6943
         vertex 0.4000 0.8750 0.5067
      endloop
   endfacet
   facet normal -1.0000 0.0000 0.0000
      outer loop
         vertex 0.4000 1.1000 1.1000
         vertex 0.4000 0.8750 0.5067
         vertex 0.4000 0.8500 0.5000
      endloop
   endfacet
   facet normal -1.0000 0.0000 0.0000
      outer loop
         vertex 0.4000 1.1000 1.1000
         vertex 0.4000 0.8500 0.5000
         vertex 0.4000 0.8250 0.5067
      endloop
   endfacet
   facet normal -1.0000 0.0000 0.0000
      outer loop
         vertex 0.4000 1.1000 1.1000
         vertex 0.4000 0.8250 0.5067
         vertex 0.4000 0.8067 0.5250
      endloop
   endfacet
   facet normal -1.0000 0.0000 0.0000
      outer loop
         vertex 0.4000 1.1000 1.1000
         vertex 0.4000 0.8067 0.5250
         vertex 0.4000 0.8000 0.5500
      endloop
   endfacet
   facet normal -1.0000 0.0000 0.0000
      outer loop
         vertex 0.4000 1.1000 1.1000
         vertex 0.4000 0.8000 0.5500
         vertex 0.4000 0.7933 0.5750
      endloop
   endfacet
   facet normal -1.0000 0.0000 0.0000
      outer loop
         vertex 0.4000 1.1000 1.1000
         vertex 0.4000 0.7933 0.5750
         vertex 0.4000 0.7750 0.5933
      endloop
   endfacet
   facet normal -1.0000 0.0000 0.0000
      outer loop
         vertex 0.4000 1.1000 1.1000
         vertex 0.4000 0.7750 0.5933
         vertex 0.4000 0.7500 0.6000
      endloop
   endfacet
   facet normal -1.0000 0.0000 0.0000
      outer loop
         vertex 0.4000 1.1000 1.1000
         vertex 0.4000 0.7500 0.6000
         vertex 0.4000 0.6000 1.1000
      endloop
   endfacet
   facet normal -1.0000 0.0000 0.0000
      outer loop
         vertex 0.4000 0.5067 0.5750
         vertex 0.4000 0.5134 1.1500
         vertex 0.4000 0.5250 0.5933
      endloop
   endfacet
   facet normal -1.0000 0.0000 0.0000
      outer loop
         vertex 0.4000 0.5250 0.5933
         vertex 0.4000 0.5134 1.1500
         vertex 0.4000 0.5500 1.1134
      endloop
   endfacet
   facet normal -1.0000 0.0000 0.0000
      outer loop
         vertex 0.4000 0.5250 0.5933
         vertex 0.4000 0.5500 1.1134
         vertex 0.4000 0.5500 0.6000
      endloop
   endfacet
   facet normal -1.0000 0.0000 0.0000
      outer loop
         vertex 0.4000 0.5500 0.6000
         vertex 0.4000 0.5500 1.1134
         vertex 0.4000 0.6000 1.1000
      endloop
   endfacet
   facet normal -1.0000 0.0000 0.0000
      outer loop
         vertex 0.4000 0.5500 0.6000
         vertex 0.4000 0.6000 1.1000
         vertex 0.4000 0.7500 0.6000
      endloop
   endfacet
   facet normal -1.0000 0.0000 0.0000
      outer loop
         vertex 0.4000 0.5000 0.5500
         vertex 0.4000 0.5000 1.2000
         vertex 0.4000 0.5134 1.1500
      endloop
   endfacet
   facet normal -1.0000 0.0000 0.0000
      outer loop
         vertex 0.4000 0.5000 0.5500
         vertex 0.4000 0.5134 1.1500
         vertex 0.4000 0.5067 0.5750
      endloop
   endfacet
   facet normal 0.0000 0.5000 0.8660
      outer loop
         vertex 0.4000 0.5000 1.2691
         vertex 0.4000 0.4900 1.2748
         vertex 0.6000 0.4900 1.2748
      endloop
   endfacet
   facet normal 0.0000 0.5000 0.8660
      outer loop
         vertex 0.4000 0.5000 1.2691
         vertex 0.6000 0.4900 1.2748
         vertex 0.6000 0.5000 1.2691
      endloop
   endfacet
   facet normal 0.0000 0.5000 0.8660
      outer loop
         vertex -0.6000 0.5000 1.2691
         vertex -0.6000 0.4900 1.2748
         vertex -0.4000 0.4900 1.2748
      endloop
   endfacet
   facet normal 0.0000 0.5000 0.8660
      outer loop
         vertex -0.6000 0.5000 1.2691
         vertex -0.4000 0.4900 1.2748
         vertex -0.4000 0.5000 1.2691
      endloop
   endfacet
   facet normal 0.0000 0.3399 0.9405
      outer loop
         vertex 0.6000 0.6000 1.1000
         vertex 0.4000 0.6000 1.1000
         vertex 0.4000 0.5500 1.1134
      endloop
   endfacet
   facet normal 0.0000 0.4210 0.9071
      outer loop
         vertex 0.6000 0.6000 1.1000
         vertex 0.4000 0.5500 1.1134
         vertex 0.6000 0.5500 1.1134
      endloop
   endfacet
   facet normal 0.0000 0.4210 0.9071
      outer loop
         vertex -0.6000 0.6000 1.1000
         vertex -0.6000 0.5500 1.1134
         vertex -0.4000 0.5500 1.1134
      endloop
   endfacet
   facet normal 0.0000 0.3399 0.9405
      outer loop
         vertex -0.6000 0.6000 1.1000
         vertex -0.4000 0.5500 1.1134
         vertex -0.4000 0.6000 1.1000
      endloop
   endfacet
   facet normal 0.0000 0.6414 0.7672
      outer loop
         vertex 0.6000 0.5500 1.1134
         vertex 0.4000 0.5500 1.1134
         vertex 0.4000 0.5134 1.1500
      endloop
   endfacet
   facet normal 0.0000 0.7672 0.6414
      outer loop
         vertex 0.6000 0.5500 1.1134
         vertex 0.4000 0.5134 1.1500
         vertex 0.6000 0.5134 1.1500
      endloop
   endfacet
   facet normal 0.0000 0.7672 0.6414
      outer loop
         vertex -0.6000 0.5500 1.1134
         vertex -0.6000 0.5134 1.1500
         vertex -0.4000 0.5134 1.1500
      endloop
   endfacet
   facet normal 0.0000 0.6414 0.7672
      outer loop
         vertex -0.6000 0.5500 1.1134
         vertex -0.4000 0.5134 1.1500
         vertex -0.4000 0.5500 1.1134
      endloop
   endfacet
   facet normal 0.0000 0.9071 0.4210
      outer loop
         vertex 0.6000 0.5134 1.1500
         vertex 0.4000 0.5134 1.1500
         vertex 0.4000 0.5000 1.2000
      endloop
   endfacet
   facet normal 0.0000 0.9405 0.3399
      outer loop
         vertex 0.6000 0.5134 1.1500
         vertex 0.4000 0.5000 1.2000
         vertex 0.6000 0.5000 1.2000
      endloop
   endfacet
   facet normal 0.0000 0.9405 0.3399
      outer loop
         vertex -0.6000 0.5134 1.1500
         vertex -0.6000 0.5000 1.2000
         vertex -0.4000 0.5000 1.2000
      endloop
   endfacet
   facet normal 0.0000 0.9071 0.4210
      outer loop
         vertex -0.6000 0.5134 1.1500
         vertex -0.4000 0.5000 1.2000
         vertex -0.4000 0.5134 1.1500
      endloop
   endfacet
   facet normal 0.0000 1.0000 0.0000
      outer loop
         vertex 0.6000 0.5000 1.2000
         vertex 0.4000 0.5000 1.2000
         vertex 0.4000 0.5000 1.2691
      endloop
   endfacet
   facet normal 0.0000 1.0000 0.0000
      outer loop
         vertex 0.6000 0.5000 1.2000
         vertex 0.4000 0.5000 1.2691
         vertex 0.6000 0.5000 1.2691
      endloop
   endfacet
   facet normal 0.0000 1.0000 0.0000
      outer loop
         vertex -0.6000 0.5000 1.2000
         vertex -0.6000 0.5000 1.2691
         vertex -0.4000 0.5000 1.2691
      endloop
   endfacet
   facet normal 0.0000 1.0000 0.0000
      outer loop
         vertex -0.6000 0.5000 1.2000
         vertex -0.4000 0.5000 1.2691
         vertex -0.4000 0.5000 1.2000
      endloop
   endfacet
   facet normal 0.0000 -0.7672 -0.6414
      outer loop
         vertex 0.6000 0.8067 0.5250
         vertex 0.4000 0.8067 0.5250
         vertex 0.4000 0.8250 0.5067
      endloop
   endfacet
   facet normal 0.0000 -0.6414 -0.7672
      outer loop
         vertex 0.6000 0.8067 0.5250
         vertex 0.4000 0.8250 0.5067
         vertex 0.6000 0.8250 0.5067
      endloop
   endfacet
   facet normal 0.0000 -0.6414 -0.7672
      outer loop
         vertex -0.6000 0.8067 0.5250
         vertex -0.6000 0.8250 0.5067
         vertex -0.4000 0.8250 0.5067
      endloop
   endfacet
   facet normal 0.0000 -0.7672 -0.6414
      outer loop
         vertex -0.6000 0.8067 0.5250
         vertex -0.4000 0.8250 0.5067
         vertex -0.4000 0.8067 0.5250
      endloop
   endfacet
   facet normal 0.0000 -0.9071 -0.4210
      outer loop
         vertex 0.6000 0.7933 0.5750
         vertex 0.4000 0.7933 0.5750
         vertex 0.4000 0.8000 0.5500
      endloop
   endfacet
   facet normal 0.0000 -0.9405 -0.3399
      outer loop
         vertex 0.6000 0.7933 0.5750
         vertex 0.4000 0.8000 0.5500
         vertex 0.6000 0.8000 0.5500
      endloop
   endfacet
   facet normal 0.0000 -0.9405 -0.3399
      outer loop
         vertex -0.6000 0.7933 0.5750
         vertex -0.6000 0.8000 0.5500
         vertex -0.4000 0.8000 0.5500
      endloop
   endfacet
   facet normal 0.0000 -0.9071 -0.4210
      outer loop
         vertex -0.6000 0.7933 0.5750
         vertex -0.4000 0.8000 0.5500
         vertex -0.4000 0.7933 0.5750
      endloop
   endfacet
   facet normal 0.0000 -0.9405 -0.3399
      outer loop
         vertex 0.6000 0.8000 0.5500
         vertex 0.4000 0.8000 0.5500
         vertex 0.4000 0.8067 0.5250
      endloop
   endfacet
   facet normal 0.0000 -0.9071 -0.4210
      outer loop
         vertex 0.6000 0.8000 0.5500
         vertex 0.4000 0.8067 0.5250
         vertex 0.6000 0.8067 0.5250
      endloop
   endfacet
   facet normal 0.0000 -0.9071 -0.4210
      outer loop
         vertex -0.6000 0.8000 0.5500
         vertex -0.6000 0.8067 0.5250
         vertex -0.4000 0.8067 0.5250
      endloop
   endfacet
   facet normal 0.0000 -0.9405 -0.3399
      outer loop
         vertex -0.6000 0.8000 0.5500
         vertex -0.4000 0.8067 0.5250
         vertex -0.4000 0.8000 0.5500
      endloop
   endfacet
   facet normal 0.0000 -0.3437 -0.9391
      outer loop
         vertex 0.6000 0.8250 0.5067
         vertex 0.4000 0.8250 0.5067
         vertex 0.4000 0.8500 0.5000
      endloop
   endfacet
   facet normal 0.0000 -0.1719 -0.9851
      outer loop
         vertex 0.6000 0.8250 0.5067
         vertex 0.4000 0.8500 0.5000
         vertex 0.6000 0.8500 0.5000
      endloop
   endfacet
   facet normal 0.0000 -0.1719 -0.9851
      outer loop
         vertex -0.6000 0.8250 0.5067
         vertex -0.6000 0.8500 0.5000
         vertex -0.4000 0.8500 0.5000
      endloop
   endfacet
   facet normal 0.0000 -0.3437 -0.9391
      outer loop
         vertex -0.6000 0.8250 0.5067
         vertex -0.4000 0.8500 0.5000
         vertex -0.4000 0.8250 0.5067
      endloop
   endfacet
   facet normal 0.0000 0.0000 -1.0000
      outer loop
         vertex 0.6000 0.7500 0.6000
         vertex 0.6000 0.5500 0.6000
         vertex 0.4000 0.5500 0.6000
      endloop
   endfacet
   facet normal 0.0000 0.0000 -1.0000
      outer loop
         vertex 0.6000 0.7500 0.6000
         vertex 0.4000 0.5500 0.6000
         vertex 0.4000 0.7500 0.6000
      endloop
   endfacet
   facet normal 0.0000 0.0000 -1.0000
      outer loop
         vertex -0.4000 0.7500 0.6000
         vertex -0.4000 0.5500 0.6000
         vertex -0.6000 0.5500 0.6000
      endloop
   endfacet
   facet normal 0.0000 0.0000 -1.0000
      outer loop
         vertex -0.4000 0.7500 0.6000
         vertex -0.6000 0.5500 0.6000
         vertex -0.6000 0.7500 0.6000
      endloop
   endfacet
   facet normal 0.0000 -0.3399 -0.9405
      outer loop
         vertex 0.6000 0.7500 0.6000
         vertex 0.4000 0.7500 0.6000
         vertex 0.4000 0.7750 0.5933
      endloop
   endfacet
   facet normal 0.0000 -0.4210 -0.9071
      outer loop
         vertex 0.6000 0.7500 0.6000
         vertex 0.4000 0.7750 0.5933
         vertex 0.6000 0.7750 0.5933
      endloop
   endfacet
   facet normal 0.0000 -0.4210 -0.9071
      outer loop
         vertex -0.6000 0.7500 0.6000
         vertex -0.6000 0.7750 0.5933
         vertex -0.4000 0.7750 0.5933
      endloop
   endfacet
   facet normal 0.0000 -0.3399 -0.9405
      outer loop
         vertex -0.6000 0.7500 0.6000
         vertex -0.4000 0.7750 0.5933
         vertex -0.4000 0.7500 0.6000
      endloop
   endfacet
   facet normal 0.0000 0.9405 -0.3399
      outer loop
         vertex 0.6000 0.5000 0.5500
         vertex 0.4000 0.5000 0.5500
         vertex 0.4000 0.5067 0.5750
      endloop
   endfacet
   facet normal 0.0000 0.9071 -0.4210
      outer loop
         vertex 0.6000 0.5000 0.5500
         vertex 0.4000 0.5067 0.5750
         vertex 0.6000 0.5067 0.5750
      endloop
   endfacet
   facet normal 0.0000 0.9071 -0.4210
      outer loop
         vertex -0.6000 0.5000 0.5500
         vertex -0.6000 0.5067 0.5750
         vertex -0.4000 0.5067 0.5750
      endloop
   endfacet
   facet normal 0.0000 0.9405 -0.3399
      outer loop
         vertex -0.6000 0.5000 0.5500
         vertex -0.4000 0.5067 0.5750
         vertex -0.4000 0.5000 0.5500
      endloop
   endfacet
   facet normal 0.0000 0.7672 -0.6414
      outer loop
         vertex 0.6000 0.5067 0.5750
         vertex 0.4000 0.5067 0.5750
         vertex 0.4000 0.5250 0.5933
      endloop
   endfacet
   facet normal 0.0000 0.6414 -0.7672
      outer loop
         vertex 0.6000 0.5067 0.5750
         vertex 0.4000 0.5250 0.5933
         vertex 0.6000 0.5250 0.5933
      endloop
   endfacet
   facet normal 0.0000 0.6414 -0.7672
      outer loop
         vertex -0.6000 0.5067 0.5750
         vertex -0.6000 0.5250 0.5933
         vertex -0.4000 0.5250 0.5933
      endloop
   endfacet
   facet normal 0.0000 0.7672 -0.6414
      outer loop
         vertex -0.6000 0.5067 0.5750
         vertex -0.4000 0.5250 0.5933
         vertex -0.4000 0.5067 0.5750
      endloop
   endfacet
   facet normal 0.0000 0.4210 -0.9071
      outer loop
         vertex 0.6000 0.5250 0.5933
         vertex 0.4000 0.5250 0.5933
         vertex 0.4000 0.5500 0.6000
      endloop
   endfacet
   facet normal 0.0000 0.3399 -0.9405
      outer loop
         vertex 0.6000 0.5250 0.5933
         vertex 0.4000 0.5500 0.6000
         vertex 0.6000 0.5500 0.6000
      endloop
   endfacet
   facet normal 0.0000 0.3399 -0.9405
      outer loop
         vertex -0.6000 0.5250 0.5933
         vertex -0.6000 0.5500 0.6000
         vertex -0.4000 0.5500 0.6000
      endloop
   endfacet
   facet normal 0.0000 0.4210 -0.9071
      outer loop
         vertex -0.6000 0.5250 0.5933
         vertex -0.4000 0.5500 0.6000
         vertex -0.4000 0.5250 0.5933
      endloop
   endfacet
   facet normal 0.0000 0.0000 1.0000
      outer loop
         vertex 0.6000 1.7000 -0.2000
         vertex 0.4000 1.7000 -0.2000
         vertex 0.4000 1.0366 -0.2000
      endloop
   endfacet
   facet normal 0.0000 0.0000 1.0000
      outer loop
         vertex 0.6000 1.7000 -0.2000
         vertex 0.4000 1.0366 -0.2000
         vertex 0.6000 1.0366 -0.2000
      endloop
   endfacet
   facet normal 0.0000 0.0000 1.0000
      outer loop
         vertex -0.6000 1.7000 -0.2000
         vertex -0.6000 1.0366 -0.2000
         vertex -0.4000 1.0366 -0.2000
      endloop
   endfacet
   facet normal 0.0000 0.0000 1.0000
      outer loop
         vertex -0.6000 1.7000 -0.2000
         vertex -0.4000 1.0366 -0.2000
         vertex -0.4000 1.7000 -0.2000
      endloop
   endfacet
   facet normal 0.0000 0.0000 1.0000
      outer loop
         vertex 0.6000 0.7500 -0.2000
         vertex 0.4000 0.7500 -0.2000
         vertex 0.4000 0.5500 -0.2000
      endloop
   endfacet
   facet normal 0.0000 0.0000 1.0000
      outer loop
         vertex 0.6000 0.7500 -0.2000
         vertex 0.4000 0.5500 -0.2000
         vertex 0.6000 0.5500 -0.2000
      endloop
   endfacet
   facet normal 0.0000 0.0000 1.0000
      outer loop
         vertex -0.6000 0.7500 -0.2000
         vertex -0.6000 0.5500 -0.2000
         vertex -0.4000 0.5500 -0.2000
      endloop
   endfacet
   facet normal 0.0000 0.0000 1.0000
      outer loop
         vertex -0.6000 0.7500 -0.2000
         vertex -0.4000 0.5500 -0.2000
         vertex -0.4000 0.7500 -0.2000
      endloop
   endfacet
   facet normal 0.0000 1.0000 0.0000
      outer loop
         vertex 0.6000 0.5000 -0.8000
         vertex 0.4000 0.5000 -0.8000
         vertex 0.4000 0.5000 -0.6000
      endloop
   endfacet
   facet normal 0.0000 1.0000 0.0000
      outer loop
         vertex 0.6000 0.5000 -0.8000
         vertex 0.4000 0.5000 -0.6000
         vertex 0.6000 0.5000 -0.6000
      endloop
   endfacet
   facet normal 0.0000 1.0000 0.0000
      outer loop
         vertex -0.6000 0.5000 -0.8000
         vertex -0.6000 0.5000 -0.6000
         vertex -0.4000 0.5000 -0.6000
      endloop
   endfacet
   facet normal 0.0000 1.0000 0.0000
      outer loop
         vertex -0.6000 0.5000 -0.8000
         vertex -0.4000 0.5000 -0.6000
         vertex -0.4000 0.5000 -0.8000
      endloop
   endfacet
   facet normal 0.0000 0.0000 -1.0000
      outer loop
         vertex 0.6000 0.4900 -0.8000
         vertex 0.4000 0.4900 -0.8000
         vertex 0.4000 0.5000 -0.8000
      endloop
   endfacet
   facet normal 0.0000 0.0000 -1.0000
      outer loop
         vertex 0.6000 0.4900 -0.8000
         vertex 0.4000 0.5000 -0.8000
         vertex 0.6000 0.5000 -0.8000
      endloop
   endfacet
   facet normal 0.0000 0.0000 -1.0000
      outer loop
         vertex -0.6000 0.4900 -0.8000
         vertex -0.6000 0.5000 -0.8000
         vertex -0.4000 0.5000 -0.8000
      endloop
   endfacet
   facet normal 0.0000 0.0000 -1.0000
      outer loop
         vertex -0.6000 0.4900 -0.8000
         vertex -0.4000 0.5000 -0.8000
         vertex -0.4000 0.4900 -0.8000
      endloop
   endfacet
   facet normal 1.0000 0.0000 0.0000
      outer loop
         vertex -0.4000 0.4900 0.0500
         vertex -0.4000 0.4900 -0.8000
         vertex -0.4000 0.5000 -0.8000
      endloop
   endfacet
   facet normal 1.0000 0.0000 0.0000
      outer loop
         vertex -0.4000 0.4900 0.0500
         vertex -0.4000 0.5000 -0.8000
         vertex -0.4000 0.5000 -0.6000
      endloop
   endfacet
   facet normal 1.0000 0.0000 0.0000
      outer loop
         vertex -0.4000 0.4900 0.0500
         vertex -0.4000 0.5000 -0.6000
         vertex -0.4000 0.5000 -0.1500
      endloop
   endfacet
   facet normal 1.0000 0.0000 0.0000
      outer loop
         vertex -0.4000 0.4900 0.0500
         vertex -0.4000 0.5000 -0.1500
         vertex -0.4000 0.5000 0.0500
      endloop
   endfacet
   facet normal 1.0000 0.0000 0.0000
      outer loop
         vertex -0.4000 1.0366 -0.2000
         vertex -0.4000 1.7000 -0.6000
         vertex -0.4000 1.7000 -0.2000
      endloop
   endfacet
   facet normal 1.0000 0.0000 0.0000
      outer loop
         vertex -0.4000 1.7000 -0.2000
         vertex -0.4000 1.7000 -0.6000
         vertex -0.4000 2.9450 -0.5195
      endloop
   endfacet
   facet normal 1.0000 0.0000 0.0000
      outer loop
         vertex -0.4000 1.7000 -0.2000
         vertex -0.4000 2.9450 -0.5195
         vertex -0.4000 2.9450 -0.2805
      endloop
   endfacet
   facet normal 1.0000 0.0000 0.0000
      outer loop
         vertex -0.4000 2.9450 -0.2805
         vertex -0.4000 2.9450 -0.5195
         vertex -0.4000 2.9939 -0.5047
      endloop
   endfacet
   facet normal 1.0000 0.0000 0.0000
      outer loop
         vertex -0.4000 2.9450 -0.2805
         vertex -0.4000 2.9939 -0.5047
         vertex -0.4000 2.9939 -0.2953
      endloop
   endfacet
   facet normal 1.0000 0.0000 0.0000
      outer loop
         vertex -0.4000 2.9939 -0.2953
         vertex -0.4000 2.9939 -0.5047
         vertex -0.4000 3.0350 -0.4636
      endloop
   endfacet
   facet normal 1.0000 0.0000 0.0000
      outer loop
         vertex -0.4000 2.9939 -0.2953
         vertex -0.4000 3.0350 -0.4636
         vertex -0.4000 3.0350 -0.3364
      endloop
   endfacet
   facet normal 1.0000 0.0000 0.0000
      outer loop
         vertex -0.4000 3.0350 -0.3364
         vertex -0.4000 3.0350 -0.4636
         vertex -0.4000 3.0500 -0.4075
      endloop
   endfacet
   facet normal 1.0000 0.0000 0.0000
      outer loop
         vertex -0.4000 3.0350 -0.3364
         vertex -0.4000 3.0500 -0.4075
         vertex -0.4000 3.0500 -0.3925
      endloop
   endfacet
   facet normal 1.0000 0.0000 0.0000
      outer loop
         vertex -0.4000 1.7000 -0.6000
         vertex -0.4000 1.0366 -0.2000
         vertex -0.4000 0.8750 -0.1067
      endloop
   endfacet
   facet normal 1.0000 0.0000 0.0000
      outer loop
         vertex -0.4000 1.7000 -0.6000
         vertex -0.4000 0.8750 -0.1067
         vertex -0.4000 0.8500 -0.1000
      endloop
   endfacet
   facet normal 1.0000 0.0000 0.0000
      outer loop
         vertex -0.4000 1.7000 -0.6000
         vertex -0.4000 0.8500 -0.1000
         vertex -0.4000 0.8250 -0.1067
      endloop
   endfacet
   facet normal 1.0000 0.0000 0.0000
      outer loop
         vertex -0.4000 1.7000 -0.6000
         vertex -0.4000 0.8250 -0.1067
         vertex -0.4000 0.8067 -0.1250
      endloop
   endfacet
   facet normal 1.0000 0.0000 0.0000
      outer loop
         vertex -0.4000 1.7000 -0.6000
         vertex -0.4000 0.8067 -0.1250
         vertex -0.4000 0.8000 -0.1500
      endloop
   endfacet
   facet normal 1.0000 0.0000 0.0000
      outer loop
         vertex -0.4000 1.7000 -0.6000
         vertex -0.4000 0.8000 -0.1500
         vertex -0.4000 0.7933 -0.1750
      endloop
   endfacet
   facet normal 1.0000 0.0000 0.0000
      outer loop
         vertex -0.4000 1.7000 -0.6000
         vertex -0.4000 0.7933 -0.1750
         vertex -0.4000 0.7750 -0.1933
      endloop
   endfacet
   facet normal 1.0000 0.0000 0.0000
      outer loop
         vertex -0.4000 1.7000 -0.6000
         vertex -0.4000 0.7750 -0.1933
         vertex -0.4000 0.7500 -0.2000
      endloop
   endfacet
   facet normal 1.0000 0.0000 0.0000
      outer loop
         vertex -0.4000 1.7000 -0.6000
         vertex -0.4000 0.7500 -0.2000
         vertex -0.4000 0.5500 -0.2000
      endloop
   endfacet
   facet normal 1.0000 0.0000 0.0000
      outer loop
         vertex -0.4000 1.7000 -0.6000
         vertex -0.4000 0.5500 -0.2000
         vertex -0.4000 0.5250 -0.1933
      endloop
   endfacet
   facet normal 1.0000 0.0000 0.0000
      outer loop
         vertex -0.4000 1.7000 -0.6000
         vertex -0.4000 0.5250 -0.1933
         vertex -0.4000 0.5000 -0.6000
      endloop
   endfacet
   facet normal 1.0000 0.0000 0.0000
      outer loop
         vertex -0.4000 0.5067 -0.1750
         vertex -0.4000 0.5000 -0.1500
         vertex -0.4000 0.5000 -0.6000
      endloop
   endfacet
   facet normal 1.0000 0.0000 0.0000
      outer loop
         vertex -0.4000 0.5067 -0.1750
         vertex -0.4000 0.5000 -0.6000
         vertex -0.4000 0.5250 -0.1933
      endloop
   endfacet
   facet normal -1.0000 0.0000 0.0000
      outer loop
         vertex 0.4000 0.5000 -0.6000
         vertex 0.4000 0.5000 -0.8000
         vertex 0.4000 0.4900 -0.8000
      endloop
   endfacet
   facet normal -1.0000 0.0000 0.0000
      outer loop
         vertex 0.4000 0.5000 -0.6000
         vertex 0.4000 0.4900 -0.8000
         vertex 0.4000 0.5000 -0.1500
      endloop
   endfacet
   facet normal -1.0000 0.0000 0.0000
      outer loop
         vertex 0.4000 0.5000 -0.6000
         vertex 0.4000 0.5000 -0.1500
         vertex 0.4000 0.5067 -0.1750
      endloop
   endfacet
   facet normal -1.0000 0.0000 0.0000
      outer loop
         vertex 0.4000 0.5000 -0.6000
         vertex 0.4000 0.5067 -0.1750
         vertex 0.4000 0.5250 -0.1933
      endloop
   endfacet
   facet normal -1.0000 0.0000 0.0000
      outer loop
         vertex 0.4000 0.5000 -0.6000
         vertex 0.4000 0.5250 -0.1933
         vertex 0.4000 1.7000 -0.6000
      endloop
   endfacet
   facet normal -1.0000 0.0000 0.0000
      outer loop
         vertex 0.4000 0.4900 -0.8000
         vertex 0.4000 0.4900 0.0500
         vertex 0.4000 0.5000 0.0500
      endloop
   endfacet
   facet normal -1.0000 0.0000 0.0000
      outer loop
         vertex 0.4000 0.4900 -0.8000
         vertex 0.4000 0.5000 0.0500
         vertex 0.4000 0.5000 -0.1500
      endloop
   endfacet
   facet normal -1.0000 0.0000 0.0000
      outer loop
         vertex 0.4000 1.0366 -0.2000
         vertex 0.4000 1.7000 -0.2000
         vertex 0.4000 1.7000 -0.6000
      endloop
   endfacet
   facet normal -1.0000 0.0000 0.0000
      outer loop
         vertex 0.4000 1.7000 -0.6000
         vertex 0.4000 1.7000 -0.2000
         vertex 0.4000 2.9450 -0.2805
      endloop
   endfacet
   facet normal -1.0000 0.0000 0.0000
      outer loop
         vertex 0.4000 1.7000 -0.6000
         vertex 0.4000 2.9450 -0.2805
         vertex 0.4000 2.9450 -0.5195
      endloop
   endfacet
   facet normal -1.0000 0.0000 0.0000
      outer loop
         vertex 0.4000 2.9450 -0.5195
         vertex 0.4000 2.9450 -0.2805
         vertex 0.4000 2.9939 -0.2953
      endloop
   endfacet
   facet normal -1.0000 0.0000 0.0000
      outer loop
         vertex 0.4000 2.9450 -0.5195
         vertex 0.4000 2.9939 -0.2953
         vertex 0.4000 2.9939 -0.5047
      endloop
   endfacet
   facet normal -1.0000 0.0000 0.0000
      outer loop
         vertex 0.4000 2.9939 -0.5047
         vertex 0.4000 2.9939 -0.2953
         vertex 0.4000 3.0350 -0.3364
      endloop
   endfacet
   facet normal -1.0000 0.0000 0.0000
      outer loop
         vertex 0.4000 2.9939 -0.5047
         vertex 0.4000 3.0350 -0.3364
         vertex 0.4000 3.0350 -0.4636
      endloop
   endfacet
   facet normal -1.0000 0.0000 0.0000
      outer loop
         vertex 0.4000 3.0350 -0.4636
         vertex 0.4000 3.0350 -0.3364
         vertex 0.4000 3.0500 -0.3925
      endloop
   endfacet
   facet normal -1.0000 0.0000 0.0000
      outer loop
         vertex 0.4000 3.0350 -0.4636
         vertex 0.4000 3.0500 -0.3925
         vertex 0.4000 3.0500 -0.4075
      endloop
   endfacet
   facet normal -1.0000 0.0000 0.0000
      outer loop
         vertex 0.4000 1.7000 -0.6000
         vertex 0.4000 0.5250 -0.1933
         vertex 0.4000 0.5500 -0.2000
      endloop
   endfacet
   facet normal -1.0000 0.0000 0.0000
      outer loop
         vertex 0.4000 1.7000 -0.6000
         vertex 0.4000 0.5500 -0.2000
         vertex 0.4000 0.7500 -0.2000
      endloop
   endfacet
   facet normal -1.0000 0.0000 0.0000
      outer loop
         vertex 0.4000 1.7000 -0.6000
         vertex 0.4000 0.7500 -0.2000
         vertex 0.4000 0.7750 -0.1933
      endloop
   endfacet
   facet normal -1.0000 0.0000 0.0000
      outer loop
         vertex 0.4000 1.7000 -0.6000
         vertex 0.4000 0.7750 -0.1933
         vertex 0.4000 0.7933 -0.1750
      endloop
   endfacet
   facet normal -1.0000 0.0000 0.0000
      outer loop
         vertex 0.4000 1.7000 -0.6000
         vertex 0.4000 0.7933 -0.1750
         vertex 0.4000 0.8000 -0.1500
      endloop
   endfacet
   facet normal -1.0000 0.0000 0.0000
      outer loop
         vertex 0.4000 1.7000 -0.6000
         vertex 0.4000 0.8000 -0.1500
         vertex 0.4000 0.8067 -0.1250
      endloop
   endfacet
   facet normal -1.0000 0.0000 0.0000
      outer loop
         vertex 0.4000 1.7000 -0.6000
         vertex 0.4000 0.8067 -0.1250
         vertex 0.4000 0.8250 -0.1067
      endloop
   endfacet
   facet normal -1.0000 0.0000 0.0000
      outer loop
         vertex 0.4000 1.7000 -0.6000
         vertex 0.4000 0.8250 -0.1067
         vertex 0.4000 0.8500 -0.1000
      endloop
   endfacet
   facet normal -1.0000 0.0000 0.0000
      outer loop
         vertex 0.4000 1.7000 -0.6000
         vertex 0.4000 0.8500 -0.1000
         vertex 0.4000 0.8750 -0.1067
      endloop
   endfacet
   facet normal -1.0000 0.0000 0.0000
      outer loop
         vertex 0.4000 1.7000 -0.6000
         vertex 0.4000 0.8750 -0.1067
         vertex 0.4000 1.0366 -0.2000
      endloop
   endfacet
   facet normal 0.0000 0.3655 -0.9308
      outer loop
         vertex 0.6000 2.9450 -0.5195
         vertex 0.4000 2.9450 -0.5195
         vertex 0.4000 2.9939 -0.5047
      endloop
   endfacet
   facet normal 0.0000 0.4407 -0.8977
      outer loop
         vertex 0.6000 2.9450 -0.5195
         vertex 0.4000 2.9939 -0.5047
         vertex 0.6000 2.9939 -0.5047
      endloop
   endfacet
   facet normal 0.0000 0.4407 -0.8977
      outer loop
         vertex -0.6000 2.9450 -0.5195
         vertex -0.6000 2.9939 -0.5047
         vertex -0.4000 2.9939 -0.5047
      endloop
   endfacet
   facet normal 0.0000 0.3655 -0.9308
      outer loop
         vertex -0.6000 2.9450 -0.5195
         vertex -0.4000 2.9939 -0.5047
         vertex -0.4000 2.9450 -0.5195
      endloop
   endfacet
   facet normal 0.0000 0.0000 -1.0000
      outer loop
         vertex 0.6000 0.5000 -0.6000
         vertex 0.4000 0.5000 -0.6000
         vertex 0.4000 1.7000 -0.6000
      endloop
   endfacet
   facet normal 0.0000 0.0000 -1.0000
      outer loop
         vertex 0.6000 0.5000 -0.6000
         vertex 0.4000 1.7000 -0.6000
         vertex 0.6000 1.7000 -0.6000
      endloop
   endfacet
   facet normal 0.0000 0.0000 -1.0000
      outer loop
         vertex -0.6000 0.5000 -0.6000
         vertex -0.6000 1.7000 -0.6000
         vertex -0.4000 1.7000 -0.6000
      endloop
   endfacet
   facet normal 0.0000 0.0000 -1.0000
      outer loop
         vertex -0.6000 0.5000 -0.6000
         vertex -0.4000 1.7000 -0.6000
         vertex -0.4000 0.5000 -0.6000
      endloop
   endfacet
   facet normal 0.0000 0.9405 0.3399
      outer loop
         vertex 0.6000 3.0500 -0.3925
         vertex 0.4000 3.0500 -0.3925
         vertex 0.4000 3.0350 -0.3364
      endloop
   endfacet
   facet normal 0.0000 0.9071 0.4210
      outer loop
         vertex 0.6000 3.0500 -0.3925
         vertex 0.4000 3.0350 -0.3364
         vertex 0.6000 3.0350 -0.3364
      endloop
   endfacet
   facet normal 0.0000 0.9071 0.4210
      outer loop
         vertex -0.6000 3.0500 -0.3925
         vertex -0.6000 3.0350 -0.3364
         vertex -0.4000 3.0350 -0.3364
      endloop
   endfacet
   facet normal 0.0000 0.9405 0.3399
      outer loop
         vertex -0.6000 3.0500 -0.3925
         vertex -0.4000 3.0350 -0.3364
         vertex -0.4000 3.0500 -0.3925
      endloop
   endfacet
   facet normal 0.0000 0.7702 0.6378
      outer loop
         vertex 0.6000 3.0350 -0.3364
         vertex 0.4000 3.0350 -0.3364
         vertex 0.4000 2.9939 -0.2953
      endloop
   endfacet
   facet normal 0.0000 0.6494 0.7605
      outer loop
         vertex 0.6000 3.0350 -0.3364
         vertex 0.4000 2.9939 -0.2953
         vertex 0.6000 2.9939 -0.2953
      endloop
   endfacet
   facet normal 0.0000 0.6494 0.7605
      outer loop
         vertex -0.6000 3.0350 -0.3364
         vertex -0.6000 2.9939 -0.2953
         vertex -0.4000 2.9939 -0.2953
      endloop
   endfacet
   facet normal 0.0000 0.7702 0.6378
      outer loop
         vertex -0.6000 3.0350 -0.3364
         vertex -0.4000 2.9939 -0.2953
         vertex -0.4000 3.0350 -0.3364
      endloop
   endfacet
   facet normal 0.0000 0.4407 0.8977
      outer loop
         vertex 0.6000 2.9939 -0.2953
         vertex 0.4000 2.9939 -0.2953
         vertex 0.4000 2.9450 -0.2805
      endloop
   endfacet
   facet normal 0.0000 0.3655 0.9308
      outer loop
         vertex 0.6000 2.9939 -0.2953
         vertex 0.4000 2.9450 -0.2805
         vertex 0.6000 2.9450 -0.2805
      endloop
   endfacet
   facet normal 0.0000 0.3655 0.9308
      outer loop
         vertex -0.6000 2.9939 -0.2953
         vertex -0.6000 2.9450 -0.2805
         vertex -0.4000 2.9450 -0.2805
      endloop
   endfacet
   facet normal 0.0000 0.4407 0.8977
      outer loop
         vertex -0.6000 2.9939 -0.2953
         vertex -0.4000 2.9450 -0.2805
         vertex -0.4000 2.9939 -0.2953
      endloop
   endfacet
   facet normal 0.0000 0.0645 0.9979
      outer loop
         vertex 0.6000 2.9450 -0.2805
         vertex 0.4000 2.9450 -0.2805
         vertex 0.4000 1.7000 -0.2000
      endloop
   endfacet
   facet normal 0.0000 0.0645 0.9979
      outer loop
         vertex 0.6000 2.9450 -0.2805
         vertex 0.4000 1.7000 -0.2000
         vertex 0.6000 1.7000 -0.2000
      endloop
   endfacet
   facet normal 0.0000 0.0645 0.9979
      outer loop
         vertex -0.6000 2.9450 -0.2805
         vertex -0.6000 1.7000 -0.2000
         vertex -0.4000 1.7000 -0.2000
      endloop
   endfacet
   facet normal 0.0000 0.0645 0.9979
      outer loop
         vertex -0.6000 2.9450 -0.2805
         vertex -0.4000 1.7000 -0.2000
         vertex -0.4000 2.9450 -0.2805
      endloop
   endfacet
   facet normal 0.0000 0.0645 -0.9979
      outer loop
         vertex 0.6000 1.7000 -0.6000
         vertex 0.4000 1.7000 -0.6000
         vertex 0.4000 2.9450 -0.5195
      endloop
   endfacet
   facet normal 0.0000 0.0645 -0.9979
      outer loop
         vertex 0.6000 1.7000 -0.6000
         vertex 0.4000 2.9450 -0.5195
         vertex 0.6000 2.9450 -0.5195
      endloop
   endfacet
   facet normal 0.0000 0.0645 -0.9979
      outer loop
         vertex -0.6000 1.7000 -0.6000
         vertex -0.6000 2.9450 -0.5195
         vertex -0.4000 2.9450 -0.5195
      endloop
   endfacet
   facet normal 0.0000 0.0645 -0.9979
      outer loop
         vertex -0.6000 1.7000 -0.6000
         vertex -0.4000 2.9450 -0.5195
         vertex -0.4000 1.7000 -0.6000
      endloop
   endfacet
   facet normal 0.0000 0.6494 -0.7605
      outer loop
         vertex 0.6000 2.9939 -0.5047
         vertex 0.4000 2.9939 -0.5047
         vertex 0.4000 3.0350 -0.4636
      endloop
   endfacet
   facet normal 0.0000 0.7702 -0.6378
      outer loop
         vertex 0.6000 2.9939 -0.5047
         vertex 0.4000 3.0350 -0.4636
         vertex 0.6000 3.0350 -0.4636
      endloop
   endfacet
   facet normal 0.0000 0.7702 -0.6378
      outer loop
         vertex -0.6000 2.9939 -0.5047
         vertex -0.6000 3.0350 -0.4636
         vertex -0.4000 3.0350 -0.4636
      endloop
   endfacet
   facet normal 0.0000 0.6494 -0.7605
      outer loop
         vertex -0.6000 2.9939 -0.5047
         vertex -0.4000 3.0350 -0.4636
         vertex -0.4000 2.9939 -0.5047
      endloop
   endfacet
   facet normal 0.0000 0.9071 -0.4210
      outer loop
         vertex 0.6000 3.0350 -0.4636
         vertex 0.4000 3.0350 -0.4636
         vertex 0.4000 3.0500 -0.4075
      endloop
   endfacet
   facet normal 0.0000 0.9405 -0.3399
      outer loop
         vertex 0.6000 3.0350 -0.4636
         vertex 0.4000 3.0500 -0.4075
         vertex 0.6000 3.0500 -0.4075
      endloop
   endfacet
   facet normal 0.0000 0.9405 -0.3399
      outer loop
         vertex -0.6000 3.0350 -0.4636
         vertex -0.6000 3.0500 -0.4075
         vertex -0.4000 3.0500 -0.4075
      endloop
   endfacet
   facet normal 0.0000 0.9071 -0.4210
      outer loop
         vertex -0.6000 3.0350 -0.4636
         vertex -0.4000 3.0500 -0.4075
         vertex -0.4000 3.0350 -0.4636
      endloop
   endfacet
   facet normal 0.0000 1.0000 0.0000
      outer loop
         vertex 0.6000 3.0500 -0.4075
         vertex 0.4000 3.0500 -0.4075
         vertex 0.4000 3.0500 -0.3925
      endloop
   endfacet
   facet normal 0.0000 1.0000 0.0000
      outer loop
         vertex 0.6000 3.0500 -0.4075
         vertex 0.4000 3.0500 -0.3925
         vertex 0.6000 3.0500 -0.3925
      endloop
   endfacet
   facet normal 0.0000 1.0000 0.0000
      outer loop
         vertex -0.6000 3.0500 -0.4075
         vertex -0.6000 3.0500 -0.3925
         vertex -0.4000 3.0500 -0.3925
      endloop
   endfacet
   facet normal 0.0000 1.0000 0.0000
      outer loop
         vertex -0.6000 3.0500 -0.4075
         vertex -0.4000 3.0500 -0.3925
         vertex -0.4000 3.0500 -0.4075
      endloop
   endfacet
   facet normal 0.0000 -0.6414 0.7672
      outer loop
         vertex 0.6000 0.8250 -0.1067
         vertex 0.4000 0.8250 -0.1067
         vertex 0.4000 0.8067 -0.1250
      endloop
   endfacet
   facet normal 0.0000 -0.7672 0.6414
      outer loop
         vertex 0.6000 0.8250 -0.1067
         vertex 0.4000 0.8067 -0.1250
         vertex 0.6000 0.8067 -0.1250
      endloop
   endfacet
   facet normal 0.0000 -0.7672 0.6414
      outer loop
         vertex -0.6000 0.8250 -0.1067
         vertex -0.6000 0.8067 -0.1250
         vertex -0.4000 0.8067 -0.1250
      endloop
   endfacet
   facet normal 0.0000 -0.6414 0.7672
      outer loop
         vertex -0.6000 0.8250 -0.1067
         vertex -0.4000 0.8067 -0.1250
         vertex -0.4000 0.8250 -0.1067
      endloop
   endfacet
   facet normal 0.0000 -0.7672 0.6414
      outer loop
         vertex 0.6000 0.7933 -0.1750
         vertex 0.4000 0.7933 -0.1750
         vertex 0.4000 0.7750 -0.1933
      endloop
   endfacet
   facet normal 0.0000 -0.6414 0.7672
      outer loop
         vertex 0.6000 0.7933 -0.1750
         vertex 0.4000 0.7750 -0.1933
         vertex 0.6000 0.7750 -0.1933
      endloop
   endfacet
   facet normal 0.0000 -0.6414 0.7672
      outer loop
         vertex -0.6000 0.7933 -0.1750
         vertex -0.6000 0.7750 -0.1933
         vertex -0.4000 0.7750 -0.1933
      endloop
   endfacet
   facet normal 0.0000 -0.7672 0.6414
      outer loop
         vertex -0.6000 0.7933 -0.1750
         vertex -0.4000 0.7750 -0.1933
         vertex -0.4000 0.7933 -0.1750
      endloop
   endfacet
   facet normal 0.0000 0.5000 0.8660
      outer loop
         vertex 0.6000 1.0366 -0.2000
         vertex 0.4000 1.0366 -0.2000
         vertex 0.4000 0.8750 -0.1067
      endloop
   endfacet
   facet normal 0.0000 0.5000 0.8660
      outer loop
         vertex 0.6000 1.0366 -0.2000
         vertex 0.4000 0.8750 -0.1067
         vertex 0.6000 0.8750 -0.1067
      endloop
   endfacet
   facet normal 0.0000 0.5000 0.8660
      outer loop
         vertex -0.6000 1.0366 -0.2000
         vertex -0.6000 0.8750 -0.1067
         vertex -0.4000 0.8750 -0.1067
      endloop
   endfacet
   facet normal 0.0000 0.5000 0.8660
      outer loop
         vertex -0.6000 1.0366 -0.2000
         vertex -0.4000 0.8750 -0.1067
         vertex -0.4000 1.0366 -0.2000
      endloop
   endfacet
   facet normal 0.0000 0.0890 0.9960
      outer loop
         vertex 0.4000 0.8750 -0.1067
         vertex 0.4000 0.8500 -0.1000
         vertex 0.6000 0.8500 -0.1000
      endloop
   endfacet
   facet normal 0.0000 0.1758 0.9844
      outer loop
         vertex 0.4000 0.8750 -0.1067
         vertex 0.6000 0.8500 -0.1000
         vertex 0.6000 0.8750 -0.1067
      endloop
   endfacet
   facet normal 0.0000 0.0890 0.9960
      outer loop
         vertex -0.6000 0.8750 -0.1067
         vertex -0.6000 0.8500 -0.1000
         vertex -0.4000 0.8500 -0.1000
      endloop
   endfacet
   facet normal 0.0000 0.1758 0.9844
      outer loop
         vertex -0.6000 0.8750 -0.1067
         vertex -0.4000 0.8500 -0.1000
         vertex -0.4000 0.8750 -0.1067
      endloop
   endfacet
   facet normal 0.0000 -0.9071 0.4210
      outer loop
         vertex 0.6000 0.8067 -0.1250
         vertex 0.4000 0.8067 -0.1250
         vertex 0.4000 0.8000 -0.1500
      endloop
   endfacet
   facet normal 0.0000 -0.9405 0.3399
      outer loop
         vertex 0.6000 0.8067 -0.1250
         vertex 0.4000 0.8000 -0.1500
         vertex 0.6000 0.8000 -0.1500
      endloop
   endfacet
   facet normal 0.0000 -0.9405 0.3399
      outer loop
         vertex -0.6000 0.8067 -0.1250
         vertex -0.6000 0.8000 -0.1500
         vertex -0.4000 0.8000 -0.1500
      endloop
   endfacet
   facet normal 0.0000 -0.9071 0.4210
      outer loop
         vertex -0.6000 0.8067 -0.1250
         vertex -0.4000 0.8000 -0.1500
         vertex -0.4000 0.8067 -0.1250
      endloop
   endfacet
   facet normal 0.0000 -0.9405 0.3399
      outer loop
         vertex 0.6000 0.8000 -0.1500
         vertex 0.4000 0.8000 -0.1500
         vertex 0.4000 0.7933 -0.1750
      endloop
   endfacet
   facet normal 0.0000 -0.9071 0.4210
      outer loop
         vertex 0.6000 0.8000 -0.1500
         vertex 0.4000 0.7933 -0.1750
         vertex 0.6000 0.7933 -0.1750
      endloop
   endfacet
   facet normal 0.0000 -0.9071 0.4210
      outer loop
         vertex -0.6000 0.8000 -0.1500
         vertex -0.6000 0.7933 -0.1750
         vertex -0.4000 0.7933 -0.1750
      endloop
   endfacet
   facet normal 0.0000 -0.9405 0.3399
      outer loop
         vertex -0.6000 0.8000 -0.1500
         vertex -0.4000 0.7933 -0.1750
         vertex -0.4000 0.8000 -0.1500
      endloop
   endfacet
   facet normal 0.0000 -0.1719 0.9851
      outer loop
         vertex 0.6000 0.8500 -0.1000
         vertex 0.4000 0.8500 -0.1000
         vertex 0.4000 0.8250 -0.1067
      endloop
   endfacet
   facet normal 0.0000 -0.3437 0.9391
      outer loop
         vertex 0.6000 0.8500 -0.1000
         vertex 0.4000 0.8250 -0.1067
         vertex 0.6000 0.8250 -0.1067
      endloop
   endfacet
   facet normal 0.0000 -0.3437 0.9391
      outer loop
         vertex -0.6000 0.8500 -0.1000
         vertex -0.6000 0.8250 -0.1067
         vertex -0.4000 0.8250 -0.1067
      endloop
   endfacet
   facet normal 0.0000 -0.1719 0.9851
      outer loop
         vertex -0.6000 0.8500 -0.1000
         vertex -0.4000 0.8250 -0.1067
         vertex -0.4000 0.8500 -0.1000
      endloop
   endfacet
   facet normal 0.0000 -0.4210 0.9071
      outer loop
         vertex 0.6000 0.7750 -0.1933
         vertex 0.4000 0.7750 -0.1933
         vertex 0.4000 0.7500 -0.2000
      endloop
   endfacet
   facet normal 0.0000 -0.3399 0.9405
      outer loop
         vertex 0.6000 0.7750 -0.1933
         vertex 0.4000 0.7500 -0.2000
         vertex 0.6000 0.7500 -0.2000
      endloop
   endfacet
   facet normal 0.0000 -0.3399 0.9405
      outer loop
         vertex -0.6000 0.7750 -0.1933
         vertex -0.6000 0.7500 -0.2000
         vertex -0.4000 0.7500 -0.2000
      endloop
   endfacet
   facet normal 0.0000 -0.4210 0.9071
      outer loop
         vertex -0.6000 0.7750 -0.1933
         vertex -0.4000 0.7500 -0.2000
         vertex -0.4000 0.7750 -0.1933
      endloop
   endfacet
   facet normal 0.0000 0.6414 0.7672
      outer loop
         vertex 0.6000 0.5250 -0.1933
         vertex 0.4000 0.5250 -0.1933
         vertex 0.4000 0.5067 -0.1750
      endloop
   endfacet
   facet normal 0.0000 0.7672 0.6414
      outer loop
         vertex 0.6000 0.5250 -0.1933
         vertex 0.4000 0.5067 -0.1750
         vertex 0.6000 0.5067 -0.1750
      endloop
   endfacet
   facet normal 0.0000 0.7672 0.6414
      outer loop
         vertex -0.6000 0.5250 -0.1933
         vertex -0.6000 0.5067 -0.1750
         vertex -0.4000 0.5067 -0.1750
      endloop
   endfacet
   facet normal 0.0000 0.6414 0.7672
      outer loop
         vertex -0.6000 0.5250 -0.1933
         vertex -0.4000 0.5067 -0.1750
         vertex -0.4000 0.5250 -0.1933
      endloop
   endfacet
   facet normal 0.0000 -1.0000 0.0000
      outer loop
         vertex -0.4000 0.4900 1.2748
         vertex -0.6000 0.4900 1.2748
         vertex -0.4000 0.4900 0.1500
      endloop
   endfacet
   facet normal 0.0000 -1.0000 0.0000
      outer loop
         vertex -0.4000 0.4900 0.1500
         vertex -0.6000 0.4900 1.2748
         vertex -0.4000 0.4900 0.0500
      endloop
   endfacet
   facet normal 0.0000 -1.0000 0.0000
      outer loop
         vertex -0.4000 0.4900 0.1500
         vertex -0.4000 0.4900 0.0500
         vertex 0.4000 0.4900 0.1500
      endloop
   endfacet
   facet normal 0.0000 -1.0000 0.0000
      outer loop
         vertex 0.4000 0.4900 0.1500
         vertex -0.4000 0.4900 0.0500
         vertex 0.4000 0.4900 0.0500
      endloop
   endfacet
   facet normal 0.0000 -1.0000 0.0000
      outer loop
         vertex 0.4000 0.4900 0.1500
         vertex 0.4000 0.4900 0.0500
         vertex 0.6000 0.4900 1.2748
      endloop
   endfacet
   facet normal 0.0000 -1.0000 0.0000
      outer loop
         vertex 0.6000 0.4900 1.2748
         vertex 0.4000 0.4900 0.0500
         vertex 0.4000 0.4900 -0.8000
      endloop
   endfacet
   facet normal 0.0000 -1.0000 0.0000
      outer loop
         vertex 0.6000 0.4900 1.2748
         vertex 0.4000 0.4900 -0.8000
         vertex 0.6000 0.4900 -0.8000
      endloop
   endfacet
   facet normal 0.0000 -1.0000 0.0000
      outer loop
         vertex -0.6000 0.4900 -0.8000
         vertex -0.4000 0.4900 -0.8000
         vertex -0.4000 0.4900 0.0500
      endloop
   endfacet
   facet normal 0.0000 -1.0000 0.0000
      outer loop
         vertex -0.6000 0.4900 -0.8000
         vertex -0.4000 0.4900 0.0500
         vertex -0.6000 0.4900 1.2748
      endloop
   endfacet
   facet normal 0.0000 -1.0000 0.0000
      outer loop
         vertex 0.4000 0.4900 0.1500
         vertex 0.6000 0.4900 1.2748
         vertex 0.4000 0.4900 1.2748
      endloop
   endfacet
   facet normal 0.0000 0.3399 0.9405
      outer loop
         vertex 0.6000 0.5500 -0.2000
         vertex 0.4000 0.5500 -0.2000
         vertex 0.4000 0.5250 -0.1933
      endloop
   endfacet
   facet normal 0.0000 0.4210 0.9071
      outer loop
         vertex 0.6000 0.5500 -0.2000
         vertex 0.4000 0.5250 -0.1933
         vertex 0.6000 0.5250 -0.1933
      endloop
   endfacet
   facet normal 0.0000 0.4210 0.9071
      outer loop
         vertex -0.6000 0.5500 -0.2000
         vertex -0.6000 0.5250 -0.1933
         vertex -0.4000 0.5250 -0.1933
      endloop
   endfacet
   facet normal 0.0000 0.3399 0.9405
      outer loop
         vertex -0.6000 0.5500 -0.2000
         vertex -0.4000 0.5250 -0.1933
         vertex -0.4000 0.5500 -0.2000
      endloop
   endfacet
   facet normal 0.0000 0.9071 0.4210
      outer loop
         vertex 0.6000 0.5067 -0.1750
         vertex 0.4000 0.5067 -0.1750
         vertex 0.4000 0.5000 -0.1500
      endloop
   endfacet
   facet normal 0.0000 0.9405 0.3399
      outer loop
         vertex 0.6000 0.5067 -0.1750
         vertex 0.4000 0.5000 -0.1500
         vertex 0.6000 0.5000 -0.1500
      endloop
   endfacet
   facet normal 0.0000 0.9405 0.3399
      outer loop
         vertex -0.6000 0.5067 -0.1750
         vertex -0.6000 0.5000 -0.1500
         vertex -0.4000 0.5000 -0.1500
      endloop
   endfacet
   facet normal 0.0000 0.9071 0.4210
      outer loop
         vertex -0.6000 0.5067 -0.1750
         vertex -0.4000 0.5000 -0.1500
         vertex -0.4000 0.5067 -0.1750
      endloop
   endfacet
   facet normal 0.0000 1.0000 0.0000
      outer loop
         vertex 0.4000 0.5000 0.5500
         vertex 0.6000 0.5000 0.5500
         vertex 0.4000 0.5000 0.1500
      endloop
   endfacet
   facet normal 0.0000 1.0000 0.0000
      outer loop
         vertex 0.4000 0.5000 0.1500
         vertex 0.6000 0.5000 0.5500
         vertex 0.4000 0.5000 0.0500
      endloop
   endfacet
   facet normal 0.0000 1.0000 0.0000
      outer loop
         vertex 0.4000 0.5000 0.1500
         vertex 0.4000 0.5000 0.0500
         vertex -0.4000 0.5000 0.1500
      endloop
   endfacet
   facet normal 0.0000 1.0000 0.0000
      outer loop
         vertex -0.4000 0.5000 0.1500
         vertex 0.4000 0.5000 0.0500
         vertex -0.4000 0.5000 0.0500
      endloop
   endfacet
   facet normal 0.0000 1.0000 0.0000
      outer loop
         vertex -0.4000 0.5000 0.1500
         vertex -0.4000 0.5000 0.0500
         vertex -0.6000 0.5000 0.5500
      endloop
   endfacet
   facet normal 0.0000 1.0000 0.0000
      outer loop
         vertex -0.6000 0.5000 0.5500
         vertex -0.4000 0.5000 0.0500
         vertex -0.4000 0.5000 -0.1500
      endloop
   endfacet
   facet normal 0.0000 1.0000 0.0000
      outer loop
         vertex -0.6000 0.5000 0.5500
         vertex -0.4000 0.5000 -0.1500
         vertex -0.6000 0.5000 -0.1500
      endloop
   endfacet
   facet normal 0.0000 1.0000 0.0000
      outer loop
         vertex 0.6000 0.5000 -0.1500
         vertex 0.4000 0.5000 -0.1500
         vertex 0.4000 0.5000 0.0500
      endloop
   endfacet
   facet normal 0.0000 1.0000 0.0000
      outer loop
         vertex 0.6000 0.5000 -0.1500
         vertex 0.4000 0.5000 0.0500
         vertex 0.6000 0.5000 0.5500
      endloop
   endfacet
   facet normal 0.0000 1.0000 0.0000
      outer loop
         vertex -0.4000 0.5000 0.1500
         vertex -0.6000 0.5000 0.5500
         vertex -0.4000 0.5000 0.5500
      endloop
   endfacet
   facet normal 0.0000 0.0000 1.0000
      outer loop
         vertex -0.4000 0.5000 0.1500
         vertex -0.4000 0.4900 0.1500
         vertex 0.4000 0.4900 0.1500
      endloop
   endfacet
   facet normal 0.0000 0.0000 1.0000
      outer loop
         vertex -0.4000 0.5000 0.1500
         vertex 0.4000 0.4900 0.1500
         vertex 0.4000 0.5000 0.1500
      endloop
   endfacet
   facet normal 0.0000 0.0000 -1.0000
      outer loop
         vertex -0.4000 0.4900 0.0500
         vertex -0.4000 0.5000 0.0500
         vertex 0.4000 0.5000 0.0500
      endloop
   endfacet
   facet normal 0.0000 0.0000 -1.0000
      outer loop
         vertex -0.4000 0.4900 0.0500
         vertex 0.4000 0.5000 0.0500
         vertex 0.4000 0.4900 0.0500
      endloop
   endfacet
   facet normal -1.0000 0.0000 0.0000
      outer loop
         vertex 1.5000 4.2500 0.4500
         vertex 1.5000 3.2685 0.4500
         vertex 1.5000 3.3543 0.7013
      endloop
   endfacet
   facet normal -1.0000 0.0000 0.0000
      outer loop
         vertex 1.5000 4.2500 0.4500
         vertex 1.5000 3.3543 0.7013
         vertex 1.5000 3.4779 0.6734
      endloop
   endfacet
   facet normal -1.0000 0.0000 0.0000
      outer loop
         vertex 1.5000 4.2500 0.4500
         vertex 1.5000 3.4779 0.6734
         vertex 1.5000 3.4868 0.6709
      endloop
   endfacet
   facet normal -1.0000 0.0000 0.0000
      outer loop
         vertex 1.5000 4.2500 0.4500
         vertex 1.5000 3.4868 0.6709
         vertex 1.5000 3.4960 0.6700
      endloop
   endfacet
   facet normal -1.0000 0.0000 0.0000
      outer loop
         vertex 1.5000 4.2500 0.4500
         vertex 1.5000 3.4960 0.6700
         vertex 1.5000 3.7000 0.6700
      endloop
   endfacet
   facet normal -1.0000 0.0000 0.0000
      outer loop
         vertex 1.5000 4.2500 0.4500
         vertex 1.5000 3.7000 0.6700
         vertex 1.5000 3.7250 0.6767
      endloop
   endfacet
   facet normal -1.0000 0.0000 0.0000
      outer loop
         vertex 1.5000 4.2500 0.4500
         vertex 1.5000 3.7250 0.6767
         vertex 1.5000 3.7433 0.6950
      endloop
   endfacet
   facet normal -1.0000 0.0000 0.0000
      outer loop
         vertex 1.5000 4.2500 0.4500
         vertex 1.5000 3.7433 0.6950
         vertex 1.5000 3.7500 0.7200
      endloop
   endfacet
   facet normal -1.0000 0.0000 0.0000
      outer loop
         vertex 1.5000 4.2500 0.4500
         vertex 1.5000 3.7500 0.7200
         vertex 1.5000 4.1567 0.6750
      endloop
   endfacet
   facet normal -1.0000 0.0000 0.0000
      outer loop
         vertex 1.5000 4.2500 0.4500
         vertex 1.5000 4.1567 0.6750
         vertex 1.5000 4.1750 0.6567
      endloop
   endfacet
   facet normal -1.0000 0.0000 0.0000
      outer loop
         vertex 1.5000 4.2500 0.4500
         vertex 1.5000 4.1750 0.6567
         vertex 1.5000 4.2500 0.6134
      endloop
   endfacet
   facet normal -1.0000 0.0000 0.0000
      outer loop
         vertex 1.5000 4.2500 1.1866
         vertex 1.5000 4.1750 1.1433
         vertex 1.5000 4.2500 1.3500
      endloop
   endfacet
   facet normal -1.0000 0.0000 0.0000
      outer loop
         vertex 1.5000 4.2500 1.3500
         vertex 1.5000 4.1750 1.1433
         vertex 1.5000 4.1567 1.1250
      endloop
   endfacet
   facet normal -1.0000 0.0000 0.0000
      outer loop
         vertex 1.5000 4.2500 1.3500
         vertex 1.5000 4.1567 1.1250
         vertex 1.5000 4.1000 1.5000
      endloop
   endfacet
   facet normal -1.0000 0.0000 0.0000
      outer loop
         vertex 1.5000 4.1000 1.5000
         vertex 1.5000 4.1567 1.1250
         vertex 1.5000 4.1500 1.1000
      endloop
   endfacet
   facet normal -1.0000 0.0000 0.0000
      outer loop
         vertex 1.5000 4.1000 1.5000
         vertex 1.5000 4.1500 1.1000
         vertex 1.5000 4.1500 0.7000
      endloop
   endfacet
   facet normal -1.0000 0.0000 0.0000
      outer loop
         vertex 1.5000 4.1500 0.7000
         vertex 1.5000 4.1500 1.1000
         vertex 1.5000 4.1567 1.0750
      endloop
   endfacet
   facet normal -1.0000 0.0000 0.0000
      outer loop
         vertex 1.5000 4.1500 0.7000
         vertex 1.5000 4.1567 1.0750
         vertex 1.5000 4.1567 0.7250
      endloop
   endfacet
   facet normal -1.0000 0.0000 0.0000
      outer loop
         vertex 1.5000 4.1567 0.7250
         vertex 1.5000 4.1567 1.0750
         vertex 1.5000 4.1750 1.0567
      endloop
   endfacet
   facet normal -1.0000 0.0000 0.0000
      outer loop
         vertex 1.5000 4.1567 0.7250
         vertex 1.5000 4.1750 1.0567
         vertex 1.5000 4.1750 0.7433
      endloop
   endfacet
   facet normal -1.0000 0.0000 0.0000
      outer loop
         vertex 1.5000 4.1750 0.7433
         vertex 1.5000 4.1750 1.0567
         vertex 1.5000 4.2000 1.0500
      endloop
   endfacet
   facet normal -1.0000 0.0000 0.0000
      outer loop
         vertex 1.5000 4.1750 0.7433
         vertex 1.5000 4.2000 1.0500
         vertex 1.5000 4.2000 0.7500
      endloop
   endfacet
   facet normal -1.0000 0.0000 0.0000
      outer loop
         vertex 1.5000 4.1000 1.5000
         vertex 1.5000 4.1500 0.7000
         vertex 1.5000 3.7500 0.7200
      endloop
   endfacet
   facet normal -1.0000 0.0000 0.0000
      outer loop
         vertex 1.5000 4.1000 1.5000
         vertex 1.5000 3.7500 0.7200
         vertex 1.5000 3.7500 0.9000
      endloop
   endfacet
   facet normal -1.0000 0.0000 0.0000
      outer loop
         vertex 1.5000 4.1000 1.5000
         vertex 1.5000 3.7500 0.9000
         vertex 1.5000 3.7433 0.9250
      endloop
   endfacet
   facet normal -1.0000 0.0000 0.0000
      outer loop
         vertex 1.5000 4.1000 1.5000
         vertex 1.5000 3.7433 0.9250
         vertex 1.5000 3.7250 0.9433
      endloop
   endfacet
   facet normal -1.0000 0.0000 0.0000
      outer loop
         vertex 1.5000 4.1000 1.5000
         vertex 1.5000 3.7250 0.9433
         vertex 1.5000 3.7000 0.9500
      endloop
   endfacet
   facet normal -1.0000 0.0000 0.0000
      outer loop
         vertex 1.5000 4.1000 1.5000
         vertex 1.5000 3.7000 0.9500
         vertex 1.5000 2.9000 1.5000
      endloop
   endfacet
   facet normal -1.0000 0.0000 0.0000
      outer loop
         vertex 1.5000 3.4779 0.6734
         vertex 1.5000 3.3543 0.7013
         vertex 1.5000 3.3793 0.7080
      endloop
   endfacet
   facet normal -1.0000 0.0000 0.0000
      outer loop
         vertex 1.5000 3.4779 0.6734
         vertex 1.5000 3.3793 0.7080
         vertex 1.5000 3.3973 0.7046
      endloop
   endfacet
   facet normal -1.0000 0.0000 0.0000
      outer loop
         vertex 1.5000 3.1500 0.5184
         vertex 1.5000 3.1500 0.5834
         vertex 1.5000 3.3543 0.7013
      endloop
   endfacet
   facet normal -1.0000 0.0000 0.0000
      outer loop
         vertex 1.5000 3.1500 0.5184
         vertex 1.5000 3.3543 0.7013
         vertex 1.5000 3.2685 0.4500
      endloop
   endfacet
   facet normal -1.0000 0.0000 0.0000
      outer loop
         vertex 1.5000 3.7000 0.9500
         vertex 1.5000 2.1500 0.9500
         vertex 1.5000 2.5017 1.1200
      endloop
   endfacet
   facet normal -1.0000 0.0000 0.0000
      outer loop
         vertex 1.5000 3.7000 0.9500
         vertex 1.5000 2.5017 1.1200
         vertex 1.5000 2.7000 1.1200
      endloop
   endfacet
   facet normal -1.0000 0.0000 0.0000
      outer loop
         vertex 1.5000 3.7000 0.9500
         vertex 1.5000 2.7000 1.1200
         vertex 1.5000 2.7250 1.1267
      endloop
   endfacet
   facet normal -1.0000 0.0000 0.0000
      outer loop
         vertex 1.5000 3.7000 0.9500
         vertex 1.5000 2.7250 1.1267
         vertex 1.5000 2.7433 1.1450
      endloop
   endfacet
   facet normal -1.0000 0.0000 0.0000
      outer loop
         vertex 1.5000 3.7000 0.9500
         vertex 1.5000 2.7433 1.1450
         vertex 1.5000 2.7500 1.1700
      endloop
   endfacet
   facet normal -1.0000 0.0000 0.0000
      outer loop
         vertex 1.5000 3.7000 0.9500
         vertex 1.5000 2.7500 1.1700
         vertex 1.5000 2.9000 1.5000
      endloop
   endfacet
   facet normal -1.0000 0.0000 0.0000
      outer loop
         vertex 1.5000 2.1500 0.9500
         vertex 1.5000 2.3731 1.1622
         vertex 1.5000 2.4767 1.1267
      endloop
   endfacet
   facet normal -1.0000 0.0000 0.0000
      outer loop
         vertex 1.5000 2.4767 1.1267
         vertex 1.5000 2.3731 1.1622
         vertex 1.5000 2.3981 1.1689
      endloop
   endfacet
   facet normal -1.0000 0.0000 0.0000
      outer loop
         vertex 1.5000 2.4767 1.1267
         vertex 1.5000 2.3981 1.1689
         vertex 1.5000 2.4740 1.1284
      endloop
   endfacet
   facet normal -1.0000 0.0000 0.0000
      outer loop
         vertex 1.5000 2.4740 1.1284
         vertex 1.5000 2.3981 1.1689
         vertex 1.5000 2.4231 1.1622
      endloop
   endfacet
   facet normal -1.0000 0.0000 0.0000
      outer loop
         vertex 1.5000 2.4740 1.1284
         vertex 1.5000 2.4231 1.1622
         vertex 1.5000 2.4258 1.1605
      endloop
   endfacet
   facet normal -1.0000 0.0000 0.0000
      outer loop
         vertex 1.5000 2.9000 1.5000
         vertex 1.5000 2.7500 1.1700
         vertex 1.5000 2.7500 1.3500
      endloop
   endfacet
   facet normal -1.0000 0.0000 0.0000
      outer loop
         vertex 1.5000 2.3731 1.1622
         vertex 1.5000 2.1500 0.9500
         vertex 1.5000 2.1500 1.0334
      endloop
   endfacet
   facet normal -1.0000 0.0000 0.0000
      outer loop
         vertex 1.5000 2.1500 0.9500
         vertex 1.5000 2.4767 1.1267
         vertex 1.5000 2.5017 1.1200
      endloop
   endfacet
   facet normal -1.0000 0.0000 0.0000
      outer loop
         vertex 1.5000 4.1567 0.6750
         vertex 1.5000 3.7500 0.7200
         vertex 1.5000 4.1500 0.7000
      endloop
   endfacet
   facet normal 1.0000 0.0000 0.0000
      outer loop
         vertex 1.7000 4.1500 0.7000
         vertex 1.7000 4.1500 1.1000
         vertex 1.7000 4.1000 1.5000
      endloop
   endfacet
   facet normal 1.0000 0.0000 0.0000
      outer loop
         vertex 1.7000 4.1000 1.5000
         vertex 1.7000 4.1500 1.1000
         vertex 1.7000 4.1567 1.1250
      endloop
   endfacet
   facet normal 1.0000 0.0000 0.0000
      outer loop
         vertex 1.7000 4.1000 1.5000
         vertex 1.7000 4.1567 1.1250
         vertex 1.7000 4.2500 1.3500
      endloop
   endfacet
   facet normal 1.0000 0.0000 0.0000
      outer loop
         vertex 1.7000 4.2500 1.3500
         vertex 1.7000 4.1567 1.1250
         vertex 1.7000 4.1750 1.1433
      endloop
   endfacet
   facet normal 1.0000 0.0000 0.0000
      outer loop
         vertex 1.7000 4.2500 1.3500
         vertex 1.7000 4.1750 1.1433
         vertex 1.7000 4.2500 1.1866
      endloop
   endfacet
   facet normal 1.0000 0.0000 0.0000
      outer loop
         vertex 1.7000 4.1500 1.1000
         vertex 1.7000 4.1567 0.7250
         vertex 1.7000 4.1567 1.0750
      endloop
   endfacet
   facet normal 1.0000 0.0000 0.0000
      outer loop
         vertex 1.7000 4.1567 1.0750
         vertex 1.7000 4.1567 0.7250
         vertex 1.7000 4.1750 0.7433
      endloop
   endfacet
   facet normal 1.0000 0.0000 0.0000
      outer loop
         vertex 1.7000 4.1567 1.0750
         vertex 1.7000 4.1750 0.7433
         vertex 1.7000 4.1750 1.0567
      endloop
   endfacet
   facet normal 1.0000 0.0000 0.0000
      outer loop
         vertex 1.7000 4.1750 1.0567
         vertex 1.7000 4.1750 0.7433
         vertex 1.7000 4.2000 0.7500
      endloop
   endfacet
   facet normal 1.0000 0.0000 0.0000
      outer loop
         vertex 1.7000 4.1750 1.0567
         vertex 1.7000 4.2000 0.7500
         vertex 1.7000 4.2000 1.0500
      endloop
   endfacet
   facet normal 1.0000 0.0000 0.0000
      outer loop
         vertex 1.7000 4.2500 0.4500
         vertex 1.7000 4.2500 0.6134
         vertex 1.7000 4.1750 0.6567
      endloop
   endfacet
   facet normal 1.0000 0.0000 0.0000
      outer loop
         vertex 1.7000 4.2500 0.4500
         vertex 1.7000 4.1750 0.6567
         vertex 1.7000 4.1567 0.6750
      endloop
   endfacet
   facet normal 1.0000 0.0000 0.0000
      outer loop
         vertex 1.7000 4.2500 0.4500
         vertex 1.7000 4.1567 0.6750
         vertex 1.7000 3.7500 0.9000
      endloop
   endfacet
   facet normal 1.0000 0.0000 0.0000
      outer loop
         vertex 1.7000 4.2500 0.4500
         vertex 1.7000 3.7500 0.9000
         vertex 1.7000 3.7500 0.7200
      endloop
   endfacet
   facet normal 1.0000 0.0000 0.0000
      outer loop
         vertex 1.7000 4.2500 0.4500
         vertex 1.7000 3.7500 0.7200
         vertex 1.7000 3.7433 0.6950
      endloop
   endfacet
   facet normal 1.0000 0.0000 0.0000
      outer loop
         vertex 1.7000 4.2500 0.4500
         vertex 1.7000 3.7433 0.6950
         vertex 1.7000 3.7250 0.6767
      endloop
   endfacet
   facet normal 1.0000 0.0000 0.0000
      outer loop
         vertex 1.7000 4.2500 0.4500
         vertex 1.7000 3.7250 0.6767
         vertex 1.7000 3.7000 0.6700
      endloop
   endfacet
   facet normal 1.0000 0.0000 0.0000
      outer loop
         vertex 1.7000 4.2500 0.4500
         vertex 1.7000 3.7000 0.6700
         vertex 1.7000 3.4960 0.6700
      endloop
   endfacet
   facet normal 1.0000 0.0000 0.0000
      outer loop
         vertex 1.7000 4.2500 0.4500
         vertex 1.7000 3.4960 0.6700
         vertex 1.7000 3.4868 0.6709
      endloop
   endfacet
   facet normal 1.0000 0.0000 0.0000
      outer loop
         vertex 1.7000 4.2500 0.4500
         vertex 1.7000 3.4868 0.6709
         vertex 1.7000 3.4779 0.6734
      endloop
   endfacet
   facet normal 1.0000 0.0000 0.0000
      outer loop
         vertex 1.7000 4.2500 0.4500
         vertex 1.7000 3.4779 0.6734
         vertex 1.7000 3.3543 0.7013
      endloop
   endfacet
   facet normal 1.0000 0.0000 0.0000
      outer loop
         vertex 1.7000 4.2500 0.4500
         vertex 1.7000 3.3543 0.7013
         vertex 1.7000 3.2685 0.4500
      endloop
   endfacet
   facet normal 1.0000 0.0000 0.0000
      outer loop
         vertex 1.7000 4.1000 1.5000
         vertex 1.7000 2.9000 1.5000
         vertex 1.7000 3.7000 0.9500
      endloop
   endfacet
   facet normal 1.0000 0.0000 0.0000
      outer loop
         vertex 1.7000 4.1000 1.5000
         vertex 1.7000 3.7000 0.9500
         vertex 1.7000 3.7250 0.9433
      endloop
   endfacet
   facet normal 1.0000 0.0000 0.0000
      outer loop
         vertex 1.7000 4.1000 1.5000
         vertex 1.7000 3.7250 0.9433
         vertex 1.7000 3.7433 0.9250
      endloop
   endfacet
   facet normal 1.0000 0.0000 0.0000
      outer loop
         vertex 1.7000 4.1000 1.5000
         vertex 1.7000 3.7433 0.9250
         vertex 1.7000 3.7500 0.9000
      endloop
   endfacet
   facet normal 1.0000 0.0000 0.0000
      outer loop
         vertex 1.7000 4.1000 1.5000
         vertex 1.7000 3.7500 0.9000
         vertex 1.7000 4.1500 0.7000
      endloop
   endfacet
   facet normal 1.0000 0.0000 0.0000
      outer loop
         vertex 1.7000 3.3793 0.7080
         vertex 1.7000 3.3543 0.7013
         vertex 1.7000 3.4779 0.6734
      endloop
   endfacet
   facet normal 1.0000 0.0000 0.0000
      outer loop
         vertex 1.7000 3.3793 0.7080
         vertex 1.7000 3.4779 0.6734
         vertex 1.7000 3.3973 0.7046
      endloop
   endfacet
   facet normal 1.0000 0.0000 0.0000
      outer loop
         vertex 1.7000 3.1500 0.5834
         vertex 1.7000 3.1500 0.5184
         vertex 1.7000 3.2685 0.4500
      endloop
   endfacet
   facet normal 1.0000 0.0000 0.0000
      outer loop
         vertex 1.7000 3.1500 0.5834
         vertex 1.7000 3.2685 0.4500
         vertex 1.7000 3.3543 0.7013
      endloop
   endfacet
   facet normal 1.0000 0.0000 0.0000
      outer loop
         vertex 1.7000 3.7000 0.9500
         vertex 1.7000 2.9000 1.5000
         vertex 1.7000 2.7500 1.3500
      endloop
   endfacet
   facet normal 1.0000 0.0000 0.0000
      outer loop
         vertex 1.7000 3.7000 0.9500
         vertex 1.7000 2.7500 1.3500
         vertex 1.7000 2.7500 1.1700
      endloop
   endfacet
   facet normal 1.0000 0.0000 0.0000
      outer loop
         vertex 1.7000 3.7000 0.9500
         vertex 1.7000 2.7500 1.1700
         vertex 1.7000 2.7433 1.1450
      endloop
   endfacet
   facet normal 1.0000 0.0000 0.0000
      outer loop
         vertex 1.7000 3.7000 0.9500
         vertex 1.7000 2.7433 1.1450
         vertex 1.7000 2.7250 1.1267
      endloop
   endfacet
   facet normal 1.0000 0.0000 0.0000
      outer loop
         vertex 1.7000 3.7000 0.9500
         vertex 1.7000 2.7250 1.1267
         vertex 1.7000 2.7000 1.1200
      endloop
   endfacet
   facet normal 1.0000 0.0000 0.0000
      outer loop
         vertex 1.7000 3.7000 0.9500
         vertex 1.7000 2.7000 1.1200
         vertex 1.7000 2.5017 1.1200
      endloop
   endfacet
   facet normal 1.0000 0.0000 0.0000
      outer loop
         vertex 1.7000 3.7000 0.9500
         vertex 1.7000 2.5017 1.1200
         vertex 1.7000 2.1500 1.0334
      endloop
   endfacet
   facet normal 1.0000 0.0000 0.0000
      outer loop
         vertex 1.7000 3.7000 0.9500
         vertex 1.7000 2.1500 1.0334
         vertex 1.7000 2.1500 0.9500
      endloop
   endfacet
   facet normal 1.0000 0.0000 0.0000
      outer loop
         vertex 1.7000 2.4258 1.1605
         vertex 1.7000 2.4231 1.1622
         vertex 1.7000 2.4740 1.1284
      endloop
   endfacet
   facet normal 1.0000 0.0000 0.0000
      outer loop
         vertex 1.7000 2.4740 1.1284
         vertex 1.7000 2.4231 1.1622
         vertex 1.7000 2.3981 1.1689
      endloop
   endfacet
   facet normal 1.0000 0.0000 0.0000
      outer loop
         vertex 1.7000 2.4740 1.1284
         vertex 1.7000 2.3981 1.1689
         vertex 1.7000 2.4767 1.1267
      endloop
   endfacet
   facet normal 1.0000 0.0000 0.0000
      outer loop
         vertex 1.7000 2.4767 1.1267
         vertex 1.7000 2.3981 1.1689
         vertex 1.7000 2.3731 1.1622
      endloop
   endfacet
   facet normal 1.0000 0.0000 0.0000
      outer loop
         vertex 1.7000 2.4767 1.1267
         vertex 1.7000 2.3731 1.1622
         vertex 1.7000 2.1500 1.0334
      endloop
   endfacet
   facet normal 1.0000 0.0000 0.0000
      outer loop
         vertex 1.7000 2.1500 1.0334
         vertex 1.7000 2.5017 1.1200
         vertex 1.7000 2.4767 1.1267
      endloop
   endfacet
   facet normal 1.0000 0.0000 0.0000
      outer loop
         vertex 1.7000 3.7500 0.9000
         vertex 1.7000 4.1567 0.6750
         vertex 1.7000 4.1500 0.7000
      endloop
   endfacet
   facet normal 1.0000 0.0000 0.0000
      outer loop
         vertex 1.7000 4.1567 0.7250
         vertex 1.7000 4.1500 1.1000
         vertex 1.7000 4.1500 0.7000
      endloop
   endfacet
   facet normal 0.0000 0.0000 -1.0000
      outer loop
         vertex 1.5000 2.1500 0.9500
         vertex 1.5000 3.7000 0.9500
         vertex 1.7000 3.7000 0.9500
      endloop
   endfacet
   facet normal 0.0000 0.0000 -1.0000
      outer loop
         vertex 1.5000 2.1500 0.9500
         vertex 1.7000 3.7000 0.9500
         vertex 1.7000 2.1500 0.9500
      endloop
   endfacet
   facet normal 0.0000 -1.0000 0.0000
      outer loop
         vertex 1.5000 2.7500 1.3500
         vertex 1.5000 2.7500 1.1700
         vertex 1.7000 2.7500 1.1700
      endloop
   endfacet
   facet normal 0.0000 -1.0000 0.0000
      outer loop
         vertex 1.5000 2.7500 1.3500
         vertex 1.7000 2.7500 1.1700
         vertex 1.7000 2.7500 1.3500
      endloop
   endfacet
   facet normal 0.0000 0.5000 -0.8660
      outer loop
         vertex 1.5000 4.1750 1.1433
         vertex 1.5000 4.2500 1.1866
         vertex 1.7000 4.2500 1.1866
      endloop
   endfacet
   facet normal 0.0000 0.5000 -0.8660
      outer loop
         vertex 1.5000 4.1750 1.1433
         vertex 1.7000 4.2500 1.1866
         vertex 1.7000 4.1750 1.1433
      endloop
   endfacet
   facet normal 0.0000 0.7071 0.7071
      outer loop
         vertex 1.5000 4.2500 1.3500
         vertex 1.5000 4.1000 1.5000
         vertex 1.7000 4.1000 1.5000
      endloop
   endfacet
   facet normal 0.0000 0.7071 0.7071
      outer loop
         vertex 1.5000 4.2500 1.3500
         vertex 1.7000 4.1000 1.5000
         vertex 1.7000 4.2500 1.3500
      endloop
   endfacet
   facet normal 0.0000 1.0000 0.0000
      outer loop
         vertex 1.5000 4.2500 1.1866
         vertex 1.5000 4.2500 1.3500
         vertex 1.7000 4.2500 1.3500
      endloop
   endfacet
   facet normal 0.0000 1.0000 0.0000
      outer loop
         vertex 1.5000 4.2500 1.1866
         vertex 1.7000 4.2500 1.3500
         vertex 1.7000 4.2500 1.1866
      endloop
   endfacet
   facet normal 0.0000 -0.7071 0.7071
      outer loop
         vertex 1.5000 2.9000 1.5000
         vertex 1.5000 2.7500 1.3500
         vertex 1.7000 2.7500 1.3500
      endloop
   endfacet
   facet normal 0.0000 -0.7071 0.7071
      outer loop
         vertex 1.5000 2.9000 1.5000
         vertex 1.7000 2.7500 1.3500
         vertex 1.7000 2.9000 1.5000
      endloop
   endfacet
   facet normal 0.0000 0.0000 1.0000
      outer loop
         vertex 1.5000 4.1000 1.5000
         vertex 1.5000 2.9000 1.5000
         vertex 1.7000 2.9000 1.5000
      endloop
   endfacet
   facet normal 0.0000 0.0000 1.0000
      outer loop
         vertex 1.5000 4.1000 1.5000
         vertex 1.7000 2.9000 1.5000
         vertex 1.7000 4.1000 1.5000
      endloop
   endfacet
   facet normal 0.0000 0.4210 0.9071
      outer loop
         vertex 1.5000 4.2000 1.0500
         vertex 1.5000 4.1750 1.0567
         vertex 1.7000 4.1750 1.0567
      endloop
   endfacet
   facet normal 0.0000 0.3399 0.9405
      outer loop
         vertex 1.5000 4.2000 1.0500
         vertex 1.7000 4.1750 1.0567
         vertex 1.7000 4.2000 1.0500
      endloop
   endfacet
   facet normal 0.0000 0.7646 -0.6445
      outer loop
         vertex 1.5000 4.1567 1.1250
         vertex 1.5000 4.1750 1.1433
         vertex 1.7000 4.1750 1.1433
      endloop
   endfacet
   facet normal 0.0000 0.8181 -0.5751
      outer loop
         vertex 1.5000 4.1567 1.1250
         vertex 1.7000 4.1750 1.1433
         vertex 1.7000 4.1567 1.1250
      endloop
   endfacet
   facet normal 0.0000 0.9391 -0.3437
      outer loop
         vertex 1.5000 4.1500 1.1000
         vertex 1.5000 4.1567 1.1250
         vertex 1.7000 4.1567 1.1250
      endloop
   endfacet
   facet normal 0.0000 0.9851 -0.1719
      outer loop
         vertex 1.5000 4.1500 1.1000
         vertex 1.7000 4.1567 1.1250
         vertex 1.7000 4.1500 1.1000
      endloop
   endfacet
   facet normal 0.0000 0.9851 0.1719
      outer loop
         vertex 1.5000 4.1567 1.0750
         vertex 1.5000 4.1500 1.1000
         vertex 1.7000 4.1500 1.1000
      endloop
   endfacet
   facet normal 0.0000 0.9391 0.3437
      outer loop
         vertex 1.5000 4.1567 1.0750
         vertex 1.7000 4.1500 1.1000
         vertex 1.7000 4.1567 1.0750
      endloop
   endfacet
   facet normal 0.0000 0.7672 0.6414
      outer loop
         vertex 1.5000 4.1750 1.0567
         vertex 1.5000 4.1567 1.0750
         vertex 1.7000 4.1567 1.0750
      endloop
   endfacet
   facet normal 0.0000 0.6414 0.7672
      outer loop
         vertex 1.5000 4.1750 1.0567
         vertex 1.7000 4.1567 1.0750
         vertex 1.7000 4.1750 1.0567
      endloop
   endfacet
   facet normal 0.0000 0.5547 0.8321
      outer loop
         vertex 1.5000 2.4740 1.1284
         vertex 1.5000 2.4258 1.1605
         vertex 1.7000 2.4258 1.1605
      endloop
   endfacet
   facet normal 0.0000 0.5547 0.8321
      outer loop
         vertex 1.5000 2.4740 1.1284
         vertex 1.7000 2.4258 1.1605
         vertex 1.7000 2.4740 1.1284
      endloop
   endfacet
   facet normal 0.0000 -1.0000 0.0000
      outer loop
         vertex 1.5000 2.1500 1.0334
         vertex 1.5000 2.1500 0.9500
         vertex 1.7000 2.1500 0.9500
      endloop
   endfacet
   facet normal 0.0000 -1.0000 0.0000
      outer loop
         vertex 1.5000 2.1500 1.0334
         vertex 1.7000 2.1500 0.9500
         vertex 1.7000 2.1500 1.0334
      endloop
   endfacet
   facet normal 0.0000 -0.5000 0.8660
      outer loop
         vertex 1.5000 2.3731 1.1622
         vertex 1.5000 2.1500 1.0334
         vertex 1.7000 2.1500 1.0334
      endloop
   endfacet
   facet normal 0.0000 -0.5000 0.8660
      outer loop
         vertex 1.5000 2.3731 1.1622
         vertex 1.7000 2.1500 1.0334
         vertex 1.7000 2.3731 1.1622
      endloop
   endfacet
   facet normal 0.0000 -0.1758 0.9844
      outer loop
         vertex 1.5000 2.3981 1.1689
         vertex 1.5000 2.3731 1.1622
         vertex 1.7000 2.3731 1.1622
      endloop
   endfacet
   facet normal 0.0000 -0.0890 0.9960
      outer loop
         vertex 1.5000 2.3981 1.1689
         vertex 1.7000 2.3731 1.1622
         vertex 1.7000 2.3981 1.1689
      endloop
   endfacet
   facet normal 0.0000 0.1372 0.9905
      outer loop
         vertex 1.5000 2.4231 1.1622
         vertex 1.5000 2.3981 1.1689
         vertex 1.7000 2.3981 1.1689
      endloop
   endfacet
   facet normal 0.0000 0.2721 0.9623
      outer loop
         vertex 1.5000 2.4231 1.1622
         vertex 1.7000 2.3981 1.1689
         vertex 1.7000 2.4231 1.1622
      endloop
   endfacet
   facet normal 0.0000 0.4423 0.8969
      outer loop
         vertex 1.5000 2.4258 1.1605
         vertex 1.5000 2.4231 1.1622
         vertex 1.7000 2.4231 1.1622
      endloop
   endfacet
   facet normal 0.0000 0.4857 0.8741
      outer loop
         vertex 1.5000 2.4258 1.1605
         vertex 1.7000 2.4231 1.1622
         vertex 1.7000 2.4258 1.1605
      endloop
   endfacet
   facet normal 0.0000 0.3518 0.9361
      outer loop
         vertex 1.5000 2.5017 1.1200
         vertex 1.5000 2.4767 1.1267
         vertex 1.7000 2.4767 1.1267
      endloop
   endfacet
   facet normal 0.0000 0.3054 0.9522
      outer loop
         vertex 1.5000 2.5017 1.1200
         vertex 1.7000 2.4767 1.1267
         vertex 1.7000 2.5017 1.1200
      endloop
   endfacet
   facet normal 0.0000 0.0000 1.0000
      outer loop
         vertex 1.5000 2.7000 1.1200
         vertex 1.5000 2.5017 1.1200
         vertex 1.7000 2.5017 1.1200
      endloop
   endfacet
   facet normal 0.0000 0.0000 1.0000
      outer loop
         vertex 1.5000 2.7000 1.1200
         vertex 1.7000 2.5017 1.1200
         vertex 1.7000 2.7000 1.1200
      endloop
   endfacet
   facet normal 0.0000 -0.3399 0.9405
      outer loop
         vertex 1.5000 2.7250 1.1267
         vertex 1.5000 2.7000 1.1200
         vertex 1.7000 2.7000 1.1200
      endloop
   endfacet
   facet normal 0.0000 -0.4210 0.9071
      outer loop
         vertex 1.5000 2.7250 1.1267
         vertex 1.7000 2.7000 1.1200
         vertex 1.7000 2.7250 1.1267
      endloop
   endfacet
   facet normal 0.0000 0.4857 0.8741
      outer loop
         vertex 1.5000 2.4767 1.1267
         vertex 1.5000 2.4740 1.1284
         vertex 1.7000 2.4740 1.1284
      endloop
   endfacet
   facet normal 0.0000 0.4423 0.8969
      outer loop
         vertex 1.5000 2.4767 1.1267
         vertex 1.7000 2.4740 1.1284
         vertex 1.7000 2.4767 1.1267
      endloop
   endfacet
   facet normal 0.0000 -0.6414 0.7672
      outer loop
         vertex 1.5000 2.7433 1.1450
         vertex 1.5000 2.7250 1.1267
         vertex 1.7000 2.7250 1.1267
      endloop
   endfacet
   facet normal 0.0000 -0.7672 0.6414
      outer loop
         vertex 1.5000 2.7433 1.1450
         vertex 1.7000 2.7250 1.1267
         vertex 1.7000 2.7433 1.1450
      endloop
   endfacet
   facet normal 0.0000 -0.9071 0.4210
      outer loop
         vertex 1.5000 2.7500 1.1700
         vertex 1.5000 2.7433 1.1450
         vertex 1.7000 2.7433 1.1450
      endloop
   endfacet
   facet normal 0.0000 -0.9405 0.3399
      outer loop
         vertex 1.5000 2.7500 1.1700
         vertex 1.7000 2.7433 1.1450
         vertex 1.7000 2.7500 1.1700
      endloop
   endfacet
   facet normal 0.0000 -0.3399 0.9405
      outer loop
         vertex 1.5000 3.7250 0.6767
         vertex 1.5000 3.7000 0.6700
         vertex 1.7000 3.7000 0.6700
      endloop
   endfacet
   facet normal 0.0000 -0.4210 0.9071
      outer loop
         vertex 1.5000 3.7250 0.6767
         vertex 1.7000 3.7000 0.6700
         vertex 1.7000 3.7250 0.6767
      endloop
   endfacet
   facet normal 0.0000 0.5000 0.8660
      outer loop
         vertex 1.5000 4.2500 0.6134
         vertex 1.5000 4.1750 0.6567
         vertex 1.7000 4.1750 0.6567
      endloop
   endfacet
   facet normal 0.0000 0.5000 0.8660
      outer loop
         vertex 1.5000 4.2500 0.6134
         vertex 1.7000 4.1750 0.6567
         vertex 1.7000 4.2500 0.6134
      endloop
   endfacet
   facet normal 0.0000 1.0000 0.0000
      outer loop
         vertex 1.5000 4.2500 0.4500
         vertex 1.5000 4.2500 0.6134
         vertex 1.7000 4.2500 0.6134
      endloop
   endfacet
   facet normal 0.0000 1.0000 0.0000
      outer loop
         vertex 1.5000 4.2500 0.4500
         vertex 1.7000 4.2500 0.6134
         vertex 1.7000 4.2500 0.4500
      endloop
   endfacet
   facet normal 0.0000 0.0000 -1.0000
      outer loop
         vertex 1.5000 3.2685 0.4500
         vertex 1.5000 4.2500 0.4500
         vertex 1.7000 4.2500 0.4500
      endloop
   endfacet
   facet normal 0.0000 0.0000 -1.0000
      outer loop
         vertex 1.5000 3.2685 0.4500
         vertex 1.7000 4.2500 0.4500
         vertex 1.7000 3.2685 0.4500
      endloop
   endfacet
   facet normal 0.0000 -0.5000 -0.8660
      outer loop
         vertex 1.5000 3.1500 0.5184
         vertex 1.5000 3.2685 0.4500
         vertex 1.7000 3.2685 0.4500
      endloop
   endfacet
   facet normal 0.0000 -0.5000 -0.8660
      outer loop
         vertex 1.5000 3.1500 0.5184
         vertex 1.7000 3.2685 0.4500
         vertex 1.7000 3.1500 0.5184
      endloop
   endfacet
   facet normal 0.0000 -1.0000 0.0000
      outer loop
         vertex 1.5000 3.1500 0.5834
         vertex 1.5000 3.1500 0.5184
         vertex 1.7000 3.1500 0.5184
      endloop
   endfacet
   facet normal 0.0000 -1.0000 0.0000
      outer loop
         vertex 1.5000 3.1500 0.5834
         vertex 1.7000 3.1500 0.5184
         vertex 1.7000 3.1500 0.5834
      endloop
   endfacet
   facet normal 0.0000 0.3399 -0.9405
      outer loop
         vertex 1.5000 4.1750 0.7433
         vertex 1.5000 4.2000 0.7500
         vertex 1.7000 4.2000 0.7500
      endloop
   endfacet
   facet normal 0.0000 0.4210 -0.9071
      outer loop
         vertex 1.5000 4.1750 0.7433
         vertex 1.7000 4.2000 0.7500
         vertex 1.7000 4.1750 0.7433
      endloop
   endfacet
   facet normal 0.0000 1.0000 0.0000
      outer loop
         vertex 1.7000 4.2000 1.0500
         vertex 1.7000 4.2000 0.7500
         vertex 1.5000 4.2000 0.7500
      endloop
   endfacet
   facet normal 0.0000 1.0000 0.0000
      outer loop
         vertex 1.7000 4.2000 1.0500
         vertex 1.5000 4.2000 0.7500
         vertex 1.5000 4.2000 1.0500
      endloop
   endfacet
   facet normal 0.0000 0.6414 -0.7672
      outer loop
         vertex 1.5000 4.1567 0.7250
         vertex 1.5000 4.1750 0.7433
         vertex 1.7000 4.1750 0.7433
      endloop
   endfacet
   facet normal 0.0000 0.7672 -0.6414
      outer loop
         vertex 1.5000 4.1567 0.7250
         vertex 1.7000 4.1750 0.7433
         vertex 1.7000 4.1567 0.7250
      endloop
   endfacet
   facet normal 0.0000 0.9391 -0.3437
      outer loop
         vertex 1.5000 4.1500 0.7000
         vertex 1.5000 4.1567 0.7250
         vertex 1.7000 4.1567 0.7250
      endloop
   endfacet
   facet normal 0.0000 0.9851 -0.1719
      outer loop
         vertex 1.5000 4.1500 0.7000
         vertex 1.7000 4.1567 0.7250
         vertex 1.7000 4.1500 0.7000
      endloop
   endfacet
   facet normal 0.0000 0.9851 0.1719
      outer loop
         vertex 1.5000 4.1567 0.6750
         vertex 1.5000 4.1500 0.7000
         vertex 1.7000 4.1500 0.7000
      endloop
   endfacet
   facet normal 0.0000 0.9391 0.3437
      outer loop
         vertex 1.5000 4.1567 0.6750
         vertex 1.7000 4.1500 0.7000
         vertex 1.7000 4.1567 0.6750
      endloop
   endfacet
   facet normal 0.0000 0.8181 0.5751
      outer loop
         vertex 1.5000 4.1750 0.6567
         vertex 1.5000 4.1567 0.6750
         vertex 1.7000 4.1567 0.6750
      endloop
   endfacet
   facet normal 0.0000 0.7646 0.6445
      outer loop
         vertex 1.5000 4.1750 0.6567
         vertex 1.7000 4.1567 0.6750
         vertex 1.7000 4.1750 0.6567
      endloop
   endfacet
   facet normal 0.0000 0.0372 0.9993
      outer loop
         vertex 1.5000 3.3973 0.7046
         vertex 1.5000 3.3793 0.7080
         vertex 1.7000 3.3793 0.7080
      endloop
   endfacet
   facet normal 0.0000 0.1117 0.9937
      outer loop
         vertex 1.5000 3.3973 0.7046
         vertex 1.7000 3.3793 0.7080
         vertex 1.7000 3.3973 0.7046
      endloop
   endfacet
   facet normal 0.0000 0.3617 0.9323
      outer loop
         vertex 1.5000 3.4779 0.6734
         vertex 1.5000 3.3973 0.7046
         vertex 1.7000 3.3973 0.7046
      endloop
   endfacet
   facet normal 0.0000 0.3617 0.9323
      outer loop
         vertex 1.5000 3.4779 0.6734
         vertex 1.7000 3.3973 0.7046
         vertex 1.7000 3.4779 0.6734
      endloop
   endfacet
   facet normal 0.0000 -0.5000 0.8660
      outer loop
         vertex 1.5000 3.3543 0.7013
         vertex 1.5000 3.1500 0.5834
         vertex 1.7000 3.1500 0.5834
      endloop
   endfacet
   facet normal 0.0000 -0.5000 0.8660
      outer loop
         vertex 1.5000 3.3543 0.7013
         vertex 1.7000 3.1500 0.5834
         vertex 1.7000 3.3543 0.7013
      endloop
   endfacet
   facet normal 0.0000 -0.1876 0.9822
      outer loop
         vertex 1.5000 3.3793 0.7080
         vertex 1.5000 3.3543 0.7013
         vertex 1.7000 3.3543 0.7013
      endloop
   endfacet
   facet normal 0.0000 -0.1137 0.9935
      outer loop
         vertex 1.5000 3.3793 0.7080
         vertex 1.7000 3.3543 0.7013
         vertex 1.7000 3.3793 0.7080
      endloop
   endfacet
   facet normal 0.0000 0.2443 0.9697
      outer loop
         vertex 1.5000 3.4868 0.6709
         vertex 1.5000 3.4779 0.6734
         vertex 1.7000 3.4779 0.6734
      endloop
   endfacet
   facet normal 0.0000 0.2143 0.9768
      outer loop
         vertex 1.5000 3.4868 0.6709
         vertex 1.7000 3.4779 0.6734
         vertex 1.7000 3.4868 0.6709
      endloop
   endfacet
   facet normal 0.0000 0.1535 0.9881
      outer loop
         vertex 1.5000 3.4960 0.6700
         vertex 1.5000 3.4868 0.6709
         vertex 1.7000 3.4868 0.6709
      endloop
   endfacet
   facet normal 0.0000 0.1230 0.9924
      outer loop
         vertex 1.5000 3.4960 0.6700
         vertex 1.7000 3.4868 0.6709
         vertex 1.7000 3.4960 0.6700
      endloop
   endfacet
   facet normal 0.0000 0.0000 1.0000
      outer loop
         vertex 1.5000 3.7000 0.6700
         vertex 1.5000 3.4960 0.6700
         vertex 1.7000 3.4960 0.6700
      endloop
   endfacet
   facet normal 0.0000 0.0000 1.0000
      outer loop
         vertex 1.5000 3.7000 0.6700
         vertex 1.7000 3.4960 0.6700
         vertex 1.7000 3.7000 0.6700
      endloop
   endfacet
   facet normal 0.0000 -0.9071 0.4210
      outer loop
         vertex 1.5000 3.7500 0.7200
         vertex 1.5000 3.7433 0.6950
         vertex 1.7000 3.7433 0.6950
      endloop
   endfacet
   facet normal 0.0000 -0.9405 0.3399
      outer loop
         vertex 1.5000 3.7500 0.7200
         vertex 1.7000 3.7433 0.6950
         vertex 1.7000 3.7500 0.7200
      endloop
   endfacet
   facet normal 0.0000 -0.6414 0.7672
      outer loop
         vertex 1.5000 3.7433 0.6950
         vertex 1.5000 3.7250 0.6767
         vertex 1.7000 3.7250 0.6767
      endloop
   endfacet
   facet normal 0.0000 -0.7672 0.6414
      outer loop
         vertex 1.5000 3.7433 0.6950
         vertex 1.7000 3.7250 0.6767
         vertex 1.7000 3.7433 0.6950
      endloop
   endfacet
   facet normal 0.0000 -1.0000 0.0000
      outer loop
         vertex 1.5000 3.7500 0.9000
         vertex 1.5000 3.7500 0.7200
         vertex 1.7000 3.7500 0.7200
      endloop
   endfacet
   facet normal 0.0000 -1.0000 0.0000
      outer loop
         vertex 1.5000 3.7500 0.9000
         vertex 1.7000 3.7500 0.7200
         vertex 1.7000 3.7500 0.9000
      endloop
   endfacet
   facet normal 0.0000 -0.9405 -0.3399
      outer loop
         vertex 1.5000 3.7433 0.9250
         vertex 1.5000 3.7500 0.9000
         vertex 1.7000 3.7500 0.9000
      endloop
   endfacet
   facet normal 0.0000 -0.9071 -0.4210
      outer loop
         vertex 1.5000 3.7433 0.9250
         vertex 1.7000 3.7500 0.9000
         vertex 1.7000 3.7433 0.9250
      endloop
   endfacet
   facet normal 0.0000 -0.7672 -0.6414
      outer loop
         vertex 1.5000 3.7250 0.9433
         vertex 1.5000 3.7433 0.9250
         vertex 1.7000 3.7433 0.9250
      endloop
   endfacet
   facet normal 0.0000 -0.6414 -0.7672
      outer loop
         vertex 1.5000 3.7250 0.9433
         vertex 1.7000 3.7433 0.9250
         vertex 1.7000 3.7250 0.9433
      endloop
   endfacet
   facet normal 0.0000 -0.4210 -0.9071
      outer loop
         vertex 1.5000 3.7000 0.9500
         vertex 1.5000 3.7250 0.9433
         vertex 1.7000 3.7250 0.9433
      endloop
   endfacet
   facet normal 0.0000 -0.3399 -0.9405
      outer loop
         vertex 1.5000 3.7000 0.9500
         vertex 1.7000 3.7250 0.9433
         vertex 1.7000 3.7000 0.9500
      endloop
   endfacet
   facet normal -1.0000 0.0000 0.0000
      outer loop
         vertex -1.7000 4.2500 0.4500
         vertex -1.7000 3.2685 0.4500
         vertex -1.7000 3.3543 0.7013
      endloop
   endfacet
   facet normal -1.0000 0.0000 0.0000
      outer loop
         vertex -1.7000 4.2500 0.4500
         vertex -1.7000 3.3543 0.7013
         vertex -1.7000 3.4779 0.6734
      endloop
   endfacet
   facet normal -1.0000 0.0000 0.0000
      outer loop
         vertex -1.7000 4.2500 0.4500
         vertex -1.7000 3.4779 0.6734
         vertex -1.7000 3.4868 0.6709
      endloop
   endfacet
   facet normal -1.0000 0.0000 0.0000
      outer loop
         vertex -1.7000 4.2500 0.4500
         vertex -1.7000 3.4868 0.6709
         vertex -1.7000 3.4960 0.6700
      endloop
   endfacet
   facet normal -1.0000 0.0000 0.0000
      outer loop
         vertex -1.7000 4.2500 0.4500
         vertex -1.7000 3.4960 0.6700
         vertex -1.7000 3.7000 0.6700
      endloop
   endfacet
   facet normal -1.0000 0.0000 0.0000
      outer loop
         vertex -1.7000 4.2500 0.4500
         vertex -1.7000 3.7000 0.6700
         vertex -1.7000 3.7250 0.6767
      endloop
   endfacet
   facet normal -1.0000 0.0000 0.0000
      outer loop
         vertex -1.7000 4.2500 0.4500
         vertex -1.7000 3.7250 0.6767
         vertex -1.7000 3.7433 0.6950
      endloop
   endfacet
   facet normal -1.0000 0.0000 0.0000
      outer loop
         vertex -1.7000 4.2500 0.4500
         vertex -1.7000 3.7433 0.6950
         vertex -1.7000 3.7500 0.7200
      endloop
   endfacet
   facet normal -1.0000 0.0000 0.0000
      outer loop
         vertex -1.7000 4.2500 0.4500
         vertex -1.7000 3.7500 0.7200
         vertex -1.7000 4.1567 0.6750
      endloop
   endfacet
   facet normal -1.0000 0.0000 0.0000
      outer loop
         vertex -1.7000 4.2500 0.4500
         vertex -1.7000 4.1567 0.6750
         vertex -1.7000 4.1750 0.6567
      endloop
   endfacet
   facet normal -1.0000 0.0000 0.0000
      outer loop
         vertex -1.7000 4.2500 0.4500
         vertex -1.7000 4.1750 0.6567
         vertex -1.7000 4.2500 0.6134
      endloop
   endfacet
   facet normal -1.0000 0.0000 0.0000
      outer loop
         vertex -1.7000 4.2500 1.1866
         vertex -1.7000 4.1750 1.1433
         vertex -1.7000 4.2500 1.3500
      endloop
   endfacet
   facet normal -1.0000 0.0000 0.0000
      outer loop
         vertex -1.7000 4.2500 1.3500
         vertex -1.7000 4.1750 1.1433
         vertex -1.7000 4.1567 1.1250
      endloop
   endfacet
   facet normal -1.0000 0.0000 0.0000
      outer loop
         vertex -1.7000 4.2500 1.3500
         vertex -1.7000 4.1567 1.1250
         vertex -1.7000 4.1000 1.5000
      endloop
   endfacet
   facet normal -1.0000 0.0000 0.0000
      outer loop
         vertex -1.7000 4.1000 1.5000
         vertex -1.7000 4.1567 1.1250
         vertex -1.7000 4.1500 1.1000
      endloop
   endfacet
   facet normal -1.0000 0.0000 0.0000
      outer loop
         vertex -1.7000 4.1000 1.5000
         vertex -1.7000 4.1500 1.1000
         vertex -1.7000 4.1500 0.7000
      endloop
   endfacet
   facet normal -1.0000 0.0000 0.0000
      outer loop
         vertex -1.7000 4.1500 0.7000
         vertex -1.7000 4.1500 1.1000
         vertex -1.7000 4.1567 1.0750
      endloop
   endfacet
   facet normal -1.0000 0.0000 0.0000
      outer loop
         vertex -1.7000 4.1500 0.7000
         vertex -1.7000 4.1567 1.0750
         vertex -1.7000 4.1567 0.7250
      endloop
   endfacet
   facet normal -1.0000 0.0000 0.0000
      outer loop
         vertex -1.7000 4.1567 0.7250
         vertex -1.7000 4.1567 1.0750
         vertex -1.7000 4.1750 1.0567
      endloop
   endfacet
   facet normal -1.0000 0.0000 0.0000
      outer loop
         vertex -1.7000 4.1567 0.7250
         vertex -1.7000 4.1750 1.0567
         vertex -1.7000 4.1750 0.7433
      endloop
   endfacet
   facet normal -1.0000 0.0000 0.0000
      outer loop
         vertex -1.7000 4.1750 0.7433
         vertex -1.7000 4.1750 1.0567
         vertex -1.7000 4.2000 1.0500
      endloop
   endfacet
   facet normal -1.0000 0.0000 0.0000
      outer loop
         vertex -1.7000 4.1750 0.7433
         vertex -1.7000 4.2000 1.0500
         vertex -1.7000 4.2000 0.7500
      endloop
   endfacet
   facet normal -1.0000 0.0000 0.0000
      outer loop
         vertex -1.7000 4.1000 1.5000
         vertex -1.7000 4.1500 0.7000
         vertex -1.7000 3.7500 0.7200
      endloop
   endfacet
   facet normal -1.0000 0.0000 0.0000
      outer loop
         vertex -1.7000 4.1000 1.5000
         vertex -1.7000 3.7500 0.7200
         vertex -1.7000 3.7500 0.9000
      endloop
   endfacet
   facet normal -1.0000 0.0000 0.0000
      outer loop
         vertex -1.7000 4.1000 1.5000
         vertex -1.7000 3.7500 0.9000
         vertex -1.7000 3.7433 0.9250
      endloop
   endfacet
   facet normal -1.0000 0.0000 0.0000
      outer loop
         vertex -1.7000 4.1000 1.5000
         vertex -1.7000 3.7433 0.9250
         vertex -1.7000 3.7250 0.9433
      endloop
   endfacet
   facet normal -1.0000 0.0000 0.0000
      outer loop
         vertex -1.7000 4.1000 1.5000
         vertex -1.7000 3.7250 0.9433
         vertex -1.7000 3.7000 0.9500
      endloop
   endfacet
   facet normal -1.0000 0.0000 0.0000
      outer loop
         vertex -1.7000 4.1000 1.5000
         vertex -1.7000 3.7000 0.9500
         vertex -1.7000 2.9000 1.5000
      endloop
   endfacet
   facet normal -1.0000 0.0000 0.0000
      outer loop
         vertex -1.7000 3.4779 0.6734
         vertex -1.7000 3.3543 0.7013
         vertex -1.7000 3.3793 0.7080
      endloop
   endfacet
   facet normal -1.0000 0.0000 0.0000
      outer loop
         vertex -1.7000 3.4779 0.6734
         vertex -1.7000 3.3793 0.7080
         vertex -1.7000 3.3973 0.7046
      endloop
   endfacet
   facet normal -1.0000 0.0000 0.0000
      outer loop
         vertex -1.7000 3.1500 0.5184
         vertex -1.7000 3.1500 0.5834
         vertex -1.7000 3.3543 0.7013
      endloop
   endfacet
   facet normal -1.0000 0.0000 0.0000
      outer loop
         vertex -1.7000 3.1500 0.5184
         vertex -1.7000 3.3543 0.7013
         vertex -1.7000 3.2685 0.4500
      endloop
   endfacet
   facet normal -1.0000 0.0000 0.0000
      outer loop
         vertex -1.7000 3.7000 0.9500
         vertex -1.7000 2.1500 0.9500
         vertex -1.7000 2.5017 1.1200
      endloop
   endfacet
   facet normal -1.0000 0.0000 0.0000
      outer loop
         vertex -1.7000 3.7000 0.9500
         vertex -1.7000 2.5017 1.1200
         vertex -1.7000 2.7000 1.1200
      endloop
   endfacet
   facet normal -1.0000 0.0000 0.0000
      outer loop
         vertex -1.7000 3.7000 0.9500
         vertex -1.7000 2.7000 1.1200
         vertex -1.7000 2.7250 1.1267
      endloop
   endfacet
   facet normal -1.0000 0.0000 0.0000
      outer loop
         vertex -1.7000 3.7000 0.9500
         vertex -1.7000 2.7250 1.1267
         vertex -1.7000 2.7433 1.1450
      endloop
   endfacet
   facet normal -1.0000 0.0000 0.0000
      outer loop
         vertex -1.7000 3.7000 0.9500
         vertex -1.7000 2.7433 1.1450
         vertex -1.7000 2.7500 1.1700
      endloop
   endfacet
   facet normal -1.0000 0.0000 0.0000
      outer loop
         vertex -1.7000 3.7000 0.9500
         vertex -1.7000 2.7500 1.1700
         vertex -1.7000 2.9000 1.5000
      endloop
   endfacet
   facet normal -1.0000 0.0000 0.0000
      outer loop
         vertex -1.7000 2.1500 0.9500
         vertex -1.7000 2.3731 1.1622
         vertex -1.7000 2.4767 1.1267
      endloop
   endfacet
   facet normal -1.0000 0.0000 0.0000
      outer loop
         vertex -1.7000 2.4767 1.1267
         vertex -1.7000 2.3731 1.1622
         vertex -1.7000 2.3981 1.1689
      endloop
   endfacet
   facet normal -1.0000 0.0000 0.0000
      outer loop
         vertex -1.7000 2.4767 1.1267
         vertex -1.7000 2.3981 1.1689
         vertex -1.7000 2.4740 1.1284
      endloop
   endfacet
   facet normal -1.0000 0.0000 0.0000
      outer loop
         vertex -1.7000 2.4740 1.1284
         vertex -1.7000 2.3981 1.1689
         vertex -1.7000 2.4231 1.1622
      endloop
   endfacet
   facet normal -1.0000 0.0000 0.0000
      outer loop
         vertex -1.7000 2.4740 1.1284
         vertex -1.7000 2.4231 1.1622
         vertex -1.7000 2.4258 1.1605
      endloop
   endfacet
   facet normal -1.0000 0.0000 0.0000
      outer loop
         vertex -1.7000 2.9000 1.5000
         vertex -1.7000 2.7500 1.1700
         vertex -1.7000 2.7500 1.3500
      endloop
   endfacet
   facet normal -1.0000 0.0000 0.0000
      outer loop
         vertex -1.7000 2.3731 1.1622
         vertex -1.7000 2.1500 0.9500
         vertex -1.7000 2.1500 1.0334
      endloop
   endfacet
   facet normal -1.0000 0.0000 0.0000
      outer loop
         vertex -1.7000 2.1500 0.9500
         vertex -1.7000 2.4767 1.1267
         vertex -1.7000 2.5017 1.1200
      endloop
   endfacet
   facet normal -1.0000 0.0000 0.0000
      outer loop
         vertex -1.7000 4.1567 0.6750
         vertex -1.7000 3.7500 0.7200
         vertex -1.7000 4.1500 0.7000
      endloop
   endfacet
   facet normal 1.0000 0.0000 0.0000
      outer loop
         vertex -1.5000 4.1500 0.7000
         vertex -1.5000 4.1500 1.1000
         vertex -1.5000 4.1000 1.5000
      endloop
   endfacet
   facet normal 1.0000 0.0000 0.0000
      outer loop
         vertex -1.5000 4.1000 1.5000
         vertex -1.5000 4.1500 1.1000
         vertex -1.5000 4.1567 1.1250
      endloop
   endfacet
   facet normal 1.0000 0.0000 0.0000
      outer loop
         vertex -1.5000 4.1000 1.5000
         vertex -1.5000 4.1567 1.1250
         vertex -1.5000 4.2500 1.3500
      endloop
   endfacet
   facet normal 1.0000 0.0000 0.0000
      outer loop
         vertex -1.5000 4.2500 1.3500
         vertex -1.5000 4.1567 1.1250
         vertex -1.5000 4.1750 1.1433
      endloop
   endfacet
   facet normal 1.0000 0.0000 0.0000
      outer loop
         vertex -1.5000 4.2500 1.3500
         vertex -1.5000 4.1750 1.1433
         vertex -1.5000 4.2500 1.1866
      endloop
   endfacet
   facet normal 1.0000 0.0000 0.0000
      outer loop
         vertex -1.5000 4.1500 1.1000
         vertex -1.5000 4.1567 0.7250
         vertex -1.5000 4.1567 1.0750
      endloop
   endfacet
   facet normal 1.0000 0.0000 0.0000
      outer loop
         vertex -1.5000 4.1567 1.0750
         vertex -1.5000 4.1567 0.7250
         vertex -1.5000 4.1750 0.7433
      endloop
   endfacet
   facet normal 1.0000 0.0000 0.0000
      outer loop
         vertex -1.5000 4.1567 1.0750
         vertex -1.5000 4.1750 0.7433
         vertex -1.5000 4.1750 1.0567
      endloop
   endfacet
   facet normal 1.0000 0.0000 0.0000
      outer loop
         vertex -1.5000 4.1750 1.0567
         vertex -1.5000 4.1750 0.7433
         vertex -1.5000 4.2000 0.7500
      endloop
   endfacet
   facet normal 1.0000 0.0000 0.0000
      outer loop
         vertex -1.5000 4.1750 1.0567
         vertex -1.5000 4.2000 0.7500
         vertex -1.5000 4.2000 1.0500
      endloop
   endfacet
   facet normal 1.0000 0.0000 0.0000
      outer loop
         vertex -1.5000 4.2500 0.4500
         vertex -1.5000 4.2500 0.6134
         vertex -1.5000 4.1750 0.6567
      endloop
   endfacet
   facet normal 1.0000 0.0000 0.0000
      outer loop
         vertex -1.5000 4.2500 0.4500
         vertex -1.5000 4.1750 0.6567
         vertex -1.5000 4.1567 0.6750
      endloop
   endfacet
   facet normal 1.0000 0.0000 0.0000
      outer loop
         vertex -1.5000 4.2500 0.4500
         vertex -1.5000 4.1567 0.6750
         vertex -1.5000 3.7500 0.9000
      endloop
   endfacet
   facet normal 1.0000 0.0000 0.0000
      outer loop
         vertex -1.5000 4.2500 0.4500
         vertex -1.5000 3.7500 0.9000
         vertex -1.5000 3.7500 0.7200
      endloop
   endfacet
   facet normal 1.0000 0.0000 0.0000
      outer loop
         vertex -1.5000 4.2500 0.4500
         vertex -1.5000 3.7500 0.7200
         vertex -1.5000 3.7433 0.6950
      endloop
   endfacet
   facet normal 1.0000 0.0000 0.0000
      outer loop
         vertex -1.5000 4.2500 0.4500
         vertex -1.5000 3.7433 0.6950
         vertex -1.5000 3.7250 0.6767
      endloop
   endfacet
   facet normal 1.0000 0.0000 0.0000
      outer loop
         vertex -1.5000 4.2500 0.4500
         vertex -1.5000 3.7250 0.6767
         vertex -1.5000 3.7000 0.6700
      endloop
   endfacet
   facet normal 1.0000 0.0000 0.0000
      outer loop
         vertex -1.5000 4.2500 0.4500
         vertex -1.5000 3.7000 0.6700
         vertex -1.5000 3.4960 0.6700
      endloop
   endfacet
   facet normal 1.0000 0.0000 0.0000
      outer loop
         vertex -1.5000 4.2500 0.4500
         vertex -1.5000 3.4960 0.6700
         vertex -1.5000 3.4868 0.6709
      endloop
   endfacet
   facet normal 1.0000 0.0000 0.0000
      outer loop
         vertex -1.5000 4.2500 0.4500
         vertex -1.5000 3.4868 0.6709
         vertex -1.5000 3.4779 0.6734
      endloop
   endfacet
   facet normal 1.0000 0.0000 0.0000
      outer loop
         vertex -1.5000 4.2500 0.4500
         vertex -1.5000 3.4779 0.6734
         vertex -1.5000 3.3543 0.7013
      endloop
   endfacet
   facet normal 1.0000 0.0000 0.0000
      outer loop
         vertex -1.5000 4.2500 0.4500
         vertex -1.5000 3.3543 0.7013
         vertex -1.5000 3.2685 0.4500
      endloop
   endfacet
   facet normal 1.0000 0.0000 0.0000
      outer loop
         vertex -1.5000 4.1000 1.5000
         vertex -1.5000 2.9000 1.5000
         vertex -1.5000 3.7000 0.9500
      endloop
   endfacet
   facet normal 1.0000 0.0000 0.0000
      outer loop
         vertex -1.5000 4.1000 1.5000
         vertex -1.5000 3.7000 0.9500
         vertex -1.5000 3.7250 0.9433
      endloop
   endfacet
   facet normal 1.0000 0.0000 0.0000
      outer loop
         vertex -1.5000 4.1000 1.5000
         vertex -1.5000 3.7250 0.9433
         vertex -1.5000 3.7433 0.9250
      endloop
   endfacet
   facet normal 1.0000 0.0000 0.0000
      outer loop
         vertex -1.5000 4.1000 1.5000
         vertex -1.5000 3.7433 0.9250
         vertex -1.5000 3.7500 0.9000
      endloop
   endfacet
   facet normal 1.0000 0.0000 0.0000
      outer loop
         vertex -1.5000 4.1000 1.5000
         vertex -1.5000 3.7500 0.9000
         vertex -1.5000 4.1500 0.7000
      endloop
   endfacet
   facet normal 1.0000 0.0000 0.0000
      outer loop
         vertex -1.5000 3.3793 0.7080
         vertex -1.5000 3.3543 0.7013
         vertex -1.5000 3.4779 0.6734
      endloop
   endfacet
   facet normal 1.0000 0.0000 0.0000
      outer loop
         vertex -1.5000 3.3793 0.7080
         vertex -1.5000 3.4779 0.6734
         vertex -1.5000 3.3973 0.7046
      endloop
   endfacet
   facet normal 1.0000 0.0000 0.0000
      outer loop
         vertex -1.5000 3.1500 0.5834
         vertex -1.5000 3.1500 0.5184
         vertex -1.5000 3.2685 0.4500
      endloop
   endfacet
   facet normal 1.0000 0.0000 0.0000
      outer loop
         vertex -1.5000 3.1500 0.5834
         vertex -1.5000 3.2685 0.4500
         vertex -1.5000 3.3543 0.7013
      endloop
   endfacet
   facet normal 1.0000 0.0000 0.0000
      outer loop
         vertex -1.5000 3.7000 0.9500
         vertex -1.5000 2.9000 1.5000
         vertex -1.5000 2.7500 1.3500
      endloop
   endfacet
   facet normal 1.0000 0.0000 0.0000
      outer loop
         vertex -1.5000 3.7000 0.9500
         vertex -1.5000 2.7500 1.3500
         vertex -1.5000 2.7500 1.1700
      endloop
   endfacet
   facet normal 1.0000 0.0000 0.0000
      outer loop
         vertex -1.5000 3.7000 0.9500
         vertex -1.5000 2.7500 1.1700
         vertex -1.5000 2.7433 1.1450
      endloop
   endfacet
   facet normal 1.0000 0.0000 0.0000
      outer loop
         vertex -1.5000 3.7000 0.9500
         vertex -1.5000 2.7433 1.1450
         vertex -1.5000 2.7250 1.1267
      endloop
   endfacet
   facet normal 1.0000 0.0000 0.0000
      outer loop
         vertex -1.5000 3.7000 0.9500
         vertex -1.5000 2.7250 1.1267
         vertex -1.5000 2.7000 1.1200
      endloop
   endfacet
   facet normal 1.0000 0.0000 0.0000
      outer loop
         vertex -1.5000 3.7000 0.9500
         vertex -1.5000 2.7000 1.1200
         vertex -1.5000 2.5017 1.1200
      endloop
   endfacet
   facet normal 1.0000 0.0000 0.0000
      outer loop
         vertex -1.5000 3.7000 0.9500
         vertex -1.5000 2.5017 1.1200
         vertex -1.5000 2.1500 1.0334
      endloop
   endfacet
   facet normal 1.0000 0.0000 0.0000
      outer loop
         vertex -1.5000 3.7000 0.9500
         vertex -1.5000 2.1500 1.0334
         vertex -1.5000 2.1500 0.9500
      endloop
   endfacet
   facet normal 1.0000 0.0000 0.0000
      outer loop
         vertex -1.5000 2.4258 1.1605
         vertex -1.5000 2.4231 1.1622
         vertex -1.5000 2.4740 1.1284
      endloop
   endfacet
   facet normal 1.0000 0.0000 0.0000
      outer loop
         vertex -1.5000 2.4740 1.1284
         vertex -1.5000 2.4231 1.1622
         vertex -1.5000 2.3981 1.1689
      endloop
   endfacet
   facet normal 1.0000 0.0000 0.0000
      outer loop
         vertex -1.5000 2.4740 1.1284
         vertex -1.5000 2.3981 1.1689
         vertex -1.5000 2.4767 1.1267
      endloop
   endfacet
   facet normal 1.0000 0.0000 0.0000
      outer loop
         vertex -1.5000 2.4767 1.1267
         vertex -1.5000 2.3981 1.1689
         vertex -1.5000 2.3731 1.1622
      endloop
   endfacet
   facet normal 1.0000 0.0000 0.0000
      outer loop
         vertex -1.5000 2.4767 1.1267
         vertex -1.5000 2.3731 1.1622
         vertex -1.5000 2.1500 1.0334
      endloop
   endfacet
   facet normal 1.0000 0.0000 0.0000
      outer loop
         vertex -1.5000 2.1500 1.0334
         vertex -1.5000 2.5017 1.1200
         vertex -1.5000 2.4767 1.1267
      endloop
   endfacet
   facet normal 1.0000 0.0000 0.0000
      outer loop
         vertex -1.5000 3.7500 0.9000
         vertex -1.5000 4.1567 0.6750
         vertex -1.5000 4.1500 0.7000
      endloop
   endfacet
   facet normal 1.0000 0.0000 0.0000
      outer loop
         vertex -1.5000 4.1567 0.7250
         vertex -1.5000 4.1500 1.1000
         vertex -1.5000 4.1500 0.7000
      endloop
   endfacet
   facet normal 0.0000 0.0000 -1.0000
      outer loop
         vertex -1.7000 2.1500 0.9500
         vertex -1.7000 3.7000 0.9500
         vertex -1.5000 3.7000 0.9500
      endloop
   endfacet
   facet normal 0.0000 0.0000 -1.0000
      outer loop
         vertex -1.7000 2.1500 0.9500
         vertex -1.5000 3.7000 0.9500
         vertex -1.5000 2.1500 0.9500
      endloop
   endfacet
   facet normal 0.0000 -1.0000 0.0000
      outer loop
         vertex -1.7000 2.7500 1.3500
         vertex -1.7000 2.7500 1.1700
         vertex -1.5000 2.7500 1.1700
      endloop
   endfacet
   facet normal 0.0000 -1.0000 0.0000
      outer loop
         vertex -1.7000 2.7500 1.3500
         vertex -1.5000 2.7500 1.1700
         vertex -1.5000 2.7500 1.3500
      endloop
   endfacet
   facet normal 0.0000 0.5000 -0.8660
      outer loop
         vertex -1.7000 4.1750 1.1433
         vertex -1.7000 4.2500 1.1866
         vertex -1.5000 4.2500 1.1866
      endloop
   endfacet
   facet normal 0.0000 0.5000 -0.8660
      outer loop
         vertex -1.7000 4.1750 1.1433
         vertex -1.5000 4.2500 1.1866
         vertex -1.5000 4.1750 1.1433
      endloop
   endfacet
   facet normal 0.0000 0.7071 0.7071
      outer loop
         vertex -1.7000 4.2500 1.3500
         vertex -1.7000 4.1000 1.5000
         vertex -1.5000 4.1000 1.5000
      endloop
   endfacet
   facet normal 0.0000 0.7071 0.7071
      outer loop
         vertex -1.7000 4.2500 1.3500
         vertex -1.5000 4.1000 1.5000
         vertex -1.5000 4.2500 1.3500
      endloop
   endfacet
   facet normal 0.0000 1.0000 0.0000
      outer loop
         vertex -1.7000 4.2500 1.1866
         vertex -1.7000 4.2500 1.3500
         vertex -1.5000 4.2500 1.3500
      endloop
   endfacet
   facet normal 0.0000 1.0000 0.0000
      outer loop
         vertex -1.7000 4.2500 1.1866
         vertex -1.5000 4.2500 1.3500
         vertex -1.5000 4.2500 1.1866
      endloop
   endfacet
   facet normal 0.0000 -0.7071 0.7071
      outer loop
         vertex -1.7000 2.9000 1.5000
         vertex -1.7000 2.7500 1.3500
         vertex -1.5000 2.7500 1.3500
      endloop
   endfacet
   facet normal 0.0000 -0.7071 0.7071
      outer loop
         vertex -1.7000 2.9000 1.5000
         vertex -1.5000 2.7500 1.3500
         vertex -1.5000 2.9000 1.5000
      endloop
   endfacet
   facet normal 0.0000 0.0000 1.0000
      outer loop
         vertex -1.7000 4.1000 1.5000
         vertex -1.7000 2.9000 1.5000
         vertex -1.5000 2.9000 1.5000
      endloop
   endfacet
   facet normal 0.0000 0.0000 1.0000
      outer loop
         vertex -1.7000 4.1000 1.5000
         vertex -1.5000 2.9000 1.5000
         vertex -1.5000 4.1000 1.5000
      endloop
   endfacet
   facet normal 0.0000 0.4210 0.9071
      outer loop
         vertex -1.7000 4.2000 1.0500
         vertex -1.7000 4.1750 1.0567
         vertex -1.5000 4.1750 1.0567
      endloop
   endfacet
   facet normal 0.0000 0.3399 0.9405
      outer loop
         vertex -1.7000 4.2000 1.0500
         vertex -1.5000 4.1750 1.0567
         vertex -1.5000 4.2000 1.0500
      endloop
   endfacet
   facet normal 0.0000 0.7646 -0.6445
      outer loop
         vertex -1.7000 4.1567 1.1250
         vertex -1.7000 4.1750 1.1433
         vertex -1.5000 4.1750 1.1433
      endloop
   endfacet
   facet normal 0.0000 0.8181 -0.5751
      outer loop
         vertex -1.7000 4.1567 1.1250
         vertex -1.5000 4.1750 1.1433
         vertex -1.5000 4.1567 1.1250
      endloop
   endfacet
   facet normal 0.0000 0.9391 -0.3437
      outer loop
         vertex -1.7000 4.1500 1.1000
         vertex -1.7000 4.1567 1.1250
         vertex -1.5000 4.1567 1.1250
      endloop
   endfacet
   facet normal 0.0000 0.9851 -0.1719
      outer loop
         vertex -1.7000 4.1500 1.1000
         vertex -1.5000 4.1567 1.1250
         vertex -1.5000 4.1500 1.1000
      endloop
   endfacet
   facet normal 0.0000 0.9851 0.1719
      outer loop
         vertex -1.7000 4.1567 1.0750
         vertex -1.7000 4.1500 1.1000
         vertex -1.5000 4.1500 1.1000
      endloop
   endfacet
   facet normal 0.0000 0.9391 0.3437
      outer loop
         vertex -1.7000 4.1567 1.0750
         vertex -1.5000 4.1500 1.1000
         vertex -1.5000 4.1567 1.0750
      endloop
   endfacet
   facet normal 0.0000 0.7672 0.6414
      outer loop
         vertex -1.7000 4.1750 1.0567
         vertex -1.7000 4.1567 1.0750
         vertex -1.5000 4.1567 1.0750
      endloop
   endfacet
   facet normal 0.0000 0.6414 0.7672
      outer loop
         vertex -1.7000 4.1750 1.0567
         vertex -1.5000 4.1567 1.0750
         vertex -1.5000 4.1750 1.0567
      endloop
   endfacet
   facet normal 0.0000 0.5547 0.8321
      outer loop
         vertex -1.7000 2.4740 1.1284
         vertex -1.7000 2.4258 1.1605
         vertex -1.5000 2.4258 1.1605
      endloop
   endfacet
   facet normal 0.0000 0.5547 0.8321
      outer loop
         vertex -1.7000 2.4740 1.1284
         vertex -1.5000 2.4258 1.1605
         vertex -1.5000 2.4740 1.1284
      endloop
   endfacet
   facet normal 0.0000 -1.0000 0.0000
      outer loop
         vertex -1.7000 2.1500 1.0334
         vertex -1.7000 2.1500 0.9500
         vertex -1.5000 2.1500 0.9500
      endloop
   endfacet
   facet normal 0.0000 -1.0000 0.0000
      outer loop
         vertex -1.7000 2.1500 1.0334
         vertex -1.5000 2.1500 0.9500
         vertex -1.5000 2.1500 1.0334
      endloop
   endfacet
   facet normal 0.0000 -0.5000 0.8660
      outer loop
         vertex -1.7000 2.3731 1.1622
         vertex -1.7000 2.1500 1.0334
         vertex -1.5000 2.1500 1.0334
      endloop
   endfacet
   facet normal 0.0000 -0.5000 0.8660
      outer loop
         vertex -1.7000 2.3731 1.1622
         vertex -1.5000 2.1500 1.0334
         vertex -1.5000 2.3731 1.1622
      endloop
   endfacet
   facet normal 0.0000 -0.1758 0.9844
      outer loop
         vertex -1.7000 2.3981 1.1689
         vertex -1.7000 2.3731 1.1622
         vertex -1.5000 2.3731 1.1622
      endloop
   endfacet
   facet normal 0.0000 -0.0890 0.9960
      outer loop
         vertex -1.7000 2.3981 1.1689
         vertex -1.5000 2.3731 1.1622
         vertex -1.5000 2.3981 1.1689
      endloop
   endfacet
   facet normal 0.0000 0.1372 0.9905
      outer loop
         vertex -1.7000 2.4231 1.1622
         vertex -1.7000 2.3981 1.1689
         vertex -1.5000 2.3981 1.1689
      endloop
   endfacet
   facet normal 0.0000 0.2721 0.9623
      outer loop
         vertex -1.7000 2.4231 1.1622
         vertex -1.5000 2.3981 1.1689
         vertex -1.5000 2.4231 1.1622
      endloop
   endfacet
   facet normal 0.0000 0.4423 0.8969
      outer loop
         vertex -1.7000 2.4258 1.1605
         vertex -1.7000 2.4231 1.1622
         vertex -1.5000 2.4231 1.1622
      endloop
   endfacet
   facet normal 0.0000 0.4857 0.8741
      outer loop
         vertex -1.7000 2.4258 1.1605
         vertex -1.5000 2.4231 1.1622
         vertex -1.5000 2.4258 1.1605
      endloop
   endfacet
   facet normal 0.0000 0.3518 0.9361
      outer loop
         vertex -1.7000 2.5017 1.1200
         vertex -1.7000 2.4767 1.1267
         vertex -1.5000 2.4767 1.1267
      endloop
   endfacet
   facet normal 0.0000 0.3054 0.9522
      outer loop
         vertex -1.7000 2.5017 1.1200
         vertex -1.5000 2.4767 1.1267
         vertex -1.5000 2.5017 1.1200
      endloop
   endfacet
   facet normal 0.0000 0.0000 1.0000
      outer loop
         vertex -1.7000 2.7000 1.1200
         vertex -1.7000 2.5017 1.1200
         vertex -1.5000 2.5017 1.1200
      endloop
   endfacet
   facet normal 0.0000 0.0000 1.0000
      outer loop
         vertex -1.7000 2.7000 1.1200
         vertex -1.5000 2.5017 1.1200
         vertex -1.5000 2.7000 1.1200
      endloop
   endfacet
   facet normal 0.0000 -0.3399 0.9405
      outer loop
         vertex -1.7000 2.7250 1.1267
         vertex -1.7000 2.7000 1.1200
         vertex -1.5000 2.7000 1.1200
      endloop
   endfacet
   facet normal 0.0000 -0.4210 0.9071
      outer loop
         vertex -1.7000 2.7250 1.1267
         vertex -1.5000 2.7000 1.1200
         vertex -1.5000 2.7250 1.1267
      endloop
   endfacet
   facet normal 0.0000 0.4857 0.8741
      outer loop
         vertex -1.7000 2.4767 1.1267
         vertex -1.7000 2.4740 1.1284
         vertex -1.5000 2.4740 1.1284
      endloop
   endfacet
   facet normal 0.0000 0.4423 0.8969
      outer loop
         vertex -1.7000 2.4767 1.1267
         vertex -1.5000 2.4740 1.1284
         vertex -1.5000 2.4767 1.1267
      endloop
   endfacet
   facet normal 0.0000 -0.6414 0.7672
      outer loop
         vertex -1.7000 2.7433 1.1450
         vertex -1.7000 2.7250 1.1267
         vertex -1.5000 2.7250 1.1267
      endloop
   endfacet
   facet normal 0.0000 -0.7672 0.6414
      outer loop
         vertex -1.7000 2.7433 1.1450
         vertex -1.5000 2.7250 1.1267
         vertex -1.5000 2.7433 1.1450
      endloop
   endfacet
   facet normal 0.0000 -0.9071 0.4210
      outer loop
         vertex -1.7000 2.7500 1.1700
         vertex -1.7000 2.7433 1.1450
         vertex -1.5000 2.7433 1.1450
      endloop
   endfacet
   facet normal 0.0000 -0.9405 0.3399
      outer loop
         vertex -1.7000 2.7500 1.1700
         vertex -1.5000 2.7433 1.1450
         vertex -1.5000 2.7500 1.1700
      endloop
   endfacet
   facet normal 0.0000 -0.3399 0.9405
      outer loop
         vertex -1.7000 3.7250 0.6767
         vertex -1.7000 3.7000 0.6700
         vertex -1.5000 3.7000 0.6700
      endloop
   endfacet
   facet normal 0.0000 -0.4210 0.9071
      outer loop
         vertex -1.7000 3.7250 0.6767
         vertex -1.5000 3.7000 0.6700
         vertex -1.5000 3.7250 0.6767
      endloop
   endfacet
   facet normal 0.0000 0.5000 0.8660
      outer loop
         vertex -1.7000 4.2500 0.6134
         vertex -1.7000 4.1750 0.6567
         vertex -1.5000 4.1750 0.6567
      endloop
   endfacet
   facet normal 0.0000 0.5000 0.8660
      outer loop
         vertex -1.7000 4.2500 0.6134
         vertex -1.5000 4.1750 0.6567
         vertex -1.5000 4.2500 0.6134
      endloop
   endfacet
   facet normal 0.0000 1.0000 0.0000
      outer loop
         vertex -1.7000 4.2500 0.4500
         vertex -1.7000 4.2500 0.6134
         vertex -1.5000 4.2500 0.6134
      endloop
   endfacet
   facet normal 0.0000 1.0000 0.0000
      outer loop
         vertex -1.7000 4.2500 0.4500
         vertex -1.5000 4.2500 0.6134
         vertex -1.5000 4.2500 0.4500
      endloop
   endfacet
   facet normal 0.0000 0.0000 -1.0000
      outer loop
         vertex -1.7000 3.2685 0.4500
         vertex -1.7000 4.2500 0.4500
         vertex -1.5000 4.2500 0.4500
      endloop
   endfacet
   facet normal 0.0000 0.0000 -1.0000
      outer loop
         vertex -1.7000 3.2685 0.4500
         vertex -1.5000 4.2500 0.4500
         vertex -1.5000 3.2685 0.4500
      endloop
   endfacet
   facet normal 0.0000 -0.5000 -0.8660
      outer loop
         vertex -1.7000 3.1500 0.5184
         vertex -1.7000 3.2685 0.4500
         vertex -1.5000 3.2685 0.4500
      endloop
   endfacet
   facet normal 0.0000 -0.5000 -0.8660
      outer loop
         vertex -1.7000 3.1500 0.5184
         vertex -1.5000 3.2685 0.4500
         vertex -1.5000 3.1500 0.5184
      endloop
   endfacet
   facet normal 0.0000 -1.0000 0.0000
      outer loop
         vertex -1.7000 3.1500 0.5834
         vertex -1.7000 3.1500 0.5184
         vertex -1.5000 3.1500 0.5184
      endloop
   endfacet
   facet normal 0.0000 -1.0000 0.0000
      outer loop
         vertex -1.7000 3.1500 0.5834
         vertex -1.5000 3.1500 0.5184
         vertex -1.5000 3.1500 0.5834
      endloop
   endfacet
   facet normal 0.0000 0.3399 -0.9405
      outer loop
         vertex -1.7000 4.1750 0.7433
         vertex -1.7000 4.2000 0.7500
         vertex -1.5000 4.2000 0.7500
      endloop
   endfacet
   facet normal 0.0000 0.4210 -0.9071
      outer loop
         vertex -1.7000 4.1750 0.7433
         vertex -1.5000 4.2000 0.7500
         vertex -1.5000 4.1750 0.7433
      endloop
   endfacet
   facet normal 0.0000 1.0000 0.0000
      outer loop
         vertex -1.5000 4.2000 1.0500
         vertex -1.5000 4.2000 0.7500
         vertex -1.7000 4.2000 0.7500
      endloop
   endfacet
   facet normal 0.0000 1.0000 0.0000
      outer loop
         vertex -1.5000 4.2000 1.0500
         vertex -1.7000 4.2000 0.7500
         vertex -1.7000 4.2000 1.0500
      endloop
   endfacet
   facet normal 0.0000 0.6414 -0.7672
      outer loop
         vertex -1.7000 4.1567 0.7250
         vertex -1.7000 4.1750 0.7433
         vertex -1.5000 4.1750 0.7433
      endloop
   endfacet
   facet normal 0.0000 0.7672 -0.6414
      outer loop
         vertex -1.7000 4.1567 0.7250
         vertex -1.5000 4.1750 0.7433
         vertex -1.5000 4.1567 0.7250
      endloop
   endfacet
   facet normal 0.0000 0.9391 -0.3437
      outer loop
         vertex -1.7000 4.1500 0.7000
         vertex -1.7000 4.1567 0.7250
         vertex -1.5000 4.1567 0.7250
      endloop
   endfacet
   facet normal 0.0000 0.9851 -0.1719
      outer loop
         vertex -1.7000 4.1500 0.7000
         vertex -1.5000 4.1567 0.7250
         vertex -1.5000 4.1500 0.7000
      endloop
   endfacet
   facet normal 0.0000 0.9851 0.1719
      outer loop
         vertex -1.7000 4.1567 0.6750
         vertex -1.7000 4.1500 0.7000
         vertex -1.5000 4.1500 0.7000
      endloop
   endfacet
   facet normal 0.0000 0.9391 0.3437
      outer loop
         vertex -1.7000 4.1567 0.6750
         vertex -1.5000 4.1500 0.7000
         vertex -1.5000 4.1567 0.6750
      endloop
   endfacet
   facet normal 0.0000 0.8181 0.5751
      outer loop
         vertex -1.7000 4.1750 0.6567
         vertex -1.7000 4.1567 0.6750
         vertex -1.5000 4.1567 0.6750
      endloop
   endfacet
   facet normal 0.0000 0.7646 0.6445
      outer loop
         vertex -1.7000 4.1750 0.6567
         vertex -1.5000 4.1567 0.6750
         vertex -1.5000 4.1750 0.6567
      endloop
   endfacet
   facet normal 0.0000 0.0372 0.9993
      outer loop
         vertex -1.7000 3.3973 0.7046
         vertex -1.7000 3.3793 0.7080
         vertex -1.5000 3.3793 0.7080
      endloop
   endfacet
   facet normal 0.0000 0.1117 0.9937
      outer loop
         vertex -1.7000 3.3973 0.7046
         vertex -1.5000 3.3793 0.7080
         vertex -1.5000 3.3973 0.7046
      endloop
   endfacet
   facet normal 0.0000 0.3617 0.9323
      outer loop
         vertex -1.7000 3.4779 0.6734
         vertex -1.7000 3.3973 0.7046
         vertex -1.5000 3.3973 0.7046
      endloop
   endfacet
   facet normal 0.0000 0.3617 0.9323
      outer loop
         vertex -1.7000 3.4779 0.6734
         vertex -1.5000 3.3973 0.7046
         vertex -1.5000 3.4779 0.6734
      endloop
   endfacet
   facet normal 0.0000 -0.5000 0.8660
      outer loop
         vertex -1.7000 3.3543 0.7013
         vertex -1.7000 3.1500 0.5834
         vertex -1.5000 3.1500 0.5834
      endloop
   endfacet
   facet normal 0.0000 -0.5000 0.8660
      outer loop
         vertex -1.7000 3.3543 0.7013
         vertex -1.5000 3.1500 0.5834
         vertex -1.5000 3.3543 0.7013
      endloop
   endfacet
   facet normal 0.0000 -0.1876 0.9822
      outer loop
         vertex -1.7000 3.3793 0.7080
         vertex -1.7000 3.3543 0.7013
         vertex -1.5000 3.3543 0.7013
      endloop
   endfacet
   facet normal 0.0000 -0.1137 0.9935
      outer loop
         vertex -1.7000 3.3793 0.7080
         vertex -1.5000 3.3543 0.7013
         vertex -1.5000 3.3793 0.7080
      endloop
   endfacet
   facet normal 0.0000 0.2443 0.9697
      outer loop
         vertex -1.7000 3.4868 0.6709
         vertex -1.7000 3.4779 0.6734
         vertex -1.5000 3.4779 0.6734
      endloop
   endfacet
   facet normal 0.0000 0.2143 0.9768
      outer loop
         vertex -1.7000 3.4868 0.6709
         vertex -1.5000 3.4779 0.6734
         vertex -1.5000 3.4868 0.6709
      endloop
   endfacet
   facet normal 0.0000 0.1535 0.9881
      outer loop
         vertex -1.7000 3.4960 0.6700
         vertex -1.7000 3.4868 0.6709
         vertex -1.5000 3.4868 0.6709
      endloop
   endfacet
   facet normal 0.0000 0.1230 0.9924
      outer loop
         vertex -1.7000 3.4960 0.6700
         vertex -1.5000 3.4868 0.6709
         vertex -1.5000 3.4960 0.6700
      endloop
   endfacet
   facet normal 0.0000 0.0000 1.0000
      outer loop
         vertex -1.7000 3.7000 0.6700
         vertex -1.7000 3.4960 0.6700
         vertex -1.5000 3.4960 0.6700
      endloop
   endfacet
   facet normal 0.0000 0.0000 1.0000
      outer loop
         vertex -1.7000 3.7000 0.6700
         vertex -1.5000 3.4960 0.6700
         vertex -1.5000 3.7000 0.6700
      endloop
   endfacet
   facet normal 0.0000 -0.9071 0.4210
      outer loop
         vertex -1.7000 3.7500 0.7200
         vertex -1.7000 3.7433 0.6950
         vertex -1.5000 3.7433 0.6950
      endloop
   endfacet
   facet normal 0.0000 -0.9405 0.3399
      outer loop
         vertex -1.7000 3.7500 0.7200
         vertex -1.5000 3.7433 0.6950
         vertex -1.5000 3.7500 0.7200
      endloop
   endfacet
   facet normal 0.0000 -0.6414 0.7672
      outer loop
         vertex -1.7000 3.7433 0.6950
         vertex -1.7000 3.7250 0.6767
         vertex -1.5000 3.7250 0.6767
      endloop
   endfacet
   facet normal 0.0000 -0.7672 0.6414
      outer loop
         vertex -1.7000 3.7433 0.6950
         vertex -1.5000 3.7250 0.6767
         vertex -1.5000 3.7433 0.6950
      endloop
   endfacet
   facet normal 0.0000 -1.0000 0.0000
      outer loop
         vertex -1.7000 3.7500 0.9000
         vertex -1.7000 3.7500 0.7200
         vertex -1.5000 3.7500 0.7200
      endloop
   endfacet
   facet normal 0.0000 -1.0000 0.0000
      outer loop
         vertex -1.7000 3.7500 0.9000
         vertex -1.5000 3.7500 0.7200
         vertex -1.5000 3.7500 0.9000
      endloop
   endfacet
   facet normal 0.0000 -0.9405 -0.3399
      outer loop
         vertex -1.7000 3.7433 0.9250
         vertex -1.7000 3.7500 0.9000
         vertex -1.5000 3.7500 0.9000
      endloop
   endfacet
   facet normal 0.0000 -0.9071 -0.4210
      outer loop
         vertex -1.7000 3.7433 0.9250
         vertex -1.5000 3.7500 0.9000
         vertex -1.5000 3.7433 0.9250
      endloop
   endfacet
   facet normal 0.0000 -0.7672 -0.6414
      outer loop
         vertex -1.7000 3.7250 0.9433
         vertex -1.7000 3.7433 0.9250
         vertex -1.5000 3.7433 0.9250
      endloop
   endfacet
   facet normal 0.0000 -0.6414 -0.7672
      outer loop
         vertex -1.7000 3.7250 0.9433
         vertex -1.5000 3.7433 0.9250
         vertex -1.5000 3.7250 0.9433
      endloop
   endfacet
   facet normal 0.0000 -0.4210 -0.9071
      outer loop
         vertex -1.7000 3.7000 0.9500
         vertex -1.7000 3.7250 0.9433
         vertex -1.5000 3.7250 0.9433
      endloop
   endfacet
   facet normal 0.0000 -0.3399 -0.9405
      outer loop
         vertex -1.7000 3.7000 0.9500
         vertex -1.5000 3.7250 0.9433
         vertex -1.5000 3.7000 0.9500
      endloop
   endfacet
endsolid
